short_date,weekday,draw_date,jackpot,main_numbers,euro_numbers,Match,# of winners,prize / winner,prize fund
03.01.2025,Friday,"Friday, 3rd January 2025","€58,084,930",01 20 21 27 29,08 10,5 + 2,0,"€58,084,930","€58,084,930"
03.01.2025,Friday,"Friday, 3rd January 2025","€58,084,930",01 20 21 27 29,08 10,5 + 1,6,"€371,655.70","€2,229,934"
03.01.2025,Friday,"Friday, 3rd January 2025","€58,084,930",01 20 21 27 29,08 10,5 + 0,7,"€179,654.10","€1,257,579"
03.01.2025,Friday,"Friday, 3rd January 2025","€58,084,930",01 20 21 27 29,08 10,4 + 2,37,"€5,606.30","€207,433"
03.01.2025,Friday,"Friday, 3rd January 2025","€58,084,930",01 20 21 27 29,08 10,4 + 1,760,€341.10,"€259,236"
03.01.2025,Friday,"Friday, 3rd January 2025","€58,084,930",01 20 21 27 29,08 10,4 + 0,"1,701",€121.90,"€207,352"
03.01.2025,Friday,"Friday, 3rd January 2025","€58,084,930",01 20 21 27 29,08 10,3 + 2,"1,631",€174.80,"€285,099"
03.01.2025,Friday,"Friday, 3rd January 2025","€58,084,930",01 20 21 27 29,08 10,2 + 2,"23,443",€28.20,"€661,093"
03.01.2025,Friday,"Friday, 3rd January 2025","€58,084,930",01 20 21 27 29,08 10,3 + 1,"34,524",€21.40,"€738,814"
03.01.2025,Friday,"Friday, 3rd January 2025","€58,084,930",01 20 21 27 29,08 10,3 + 0,"77,928",€17.90,"€1,394,911"
03.01.2025,Friday,"Friday, 3rd January 2025","€58,084,930",01 20 21 27 29,08 10,1 + 2,"123,542",€14.10,"€1,741,942"
03.01.2025,Friday,"Friday, 3rd January 2025","€58,084,930",01 20 21 27 29,08 10,2 + 1,"519,896",€10.10,"€5,250,950"
07.01.2025,Tuesday,"Tuesday, 7th January 2025","€67,780,936",01 16 20 23 44,05 09,5 + 2,0,"€67,780,936","€67,780,936"
07.01.2025,Tuesday,"Tuesday, 7th January 2025","€67,780,936",01 16 20 23 44,05 09,5 + 1,1,"€1,752,366.70","€1,752,367"
07.01.2025,Tuesday,"Tuesday, 7th January 2025","€67,780,936",01 16 20 23 44,05 09,5 + 0,4,"€247,063.30","€988,253"
07.01.2025,Tuesday,"Tuesday, 7th January 2025","€67,780,936",01 16 20 23 44,05 09,4 + 2,44,"€3,704.70","€163,007"
07.01.2025,Tuesday,"Tuesday, 7th January 2025","€67,780,936",01 16 20 23 44,05 09,4 + 1,673,€302.70,"€203,717"
07.01.2025,Tuesday,"Tuesday, 7th January 2025","€67,780,936",01 16 20 23 44,05 09,4 + 0,"1,333",€122.20,"€162,893"
07.01.2025,Tuesday,"Tuesday, 7th January 2025","€67,780,936",01 16 20 23 44,05 09,3 + 2,"1,639",€136.70,"€224,051"
07.01.2025,Tuesday,"Tuesday, 7th January 2025","€67,780,936",01 16 20 23 44,05 09,2 + 2,"24,664",€21.00,"€517,944"
07.01.2025,Tuesday,"Tuesday, 7th January 2025","€67,780,936",01 16 20 23 44,05 09,3 + 1,"28,746",€20.20,"€580,669"
07.01.2025,Tuesday,"Tuesday, 7th January 2025","€67,780,936",01 16 20 23 44,05 09,3 + 0,"62,614",€17.50,"€1,095,745"
07.01.2025,Tuesday,"Tuesday, 7th January 2025","€67,780,936",01 16 20 23 44,05 09,1 + 2,"134,912",€10.10,"€1,362,611"
07.01.2025,Tuesday,"Tuesday, 7th January 2025","€67,780,936",01 16 20 23 44,05 09,2 + 1,"431,814",€9.50,"€4,102,233"
10.01.2025,Friday,"Friday, 10th January 2025",,17 34 38 42 48,02 11,5 + 2,1,€,€0
10.01.2025,Friday,"Friday, 10th January 2025",,17 34 38 42 48,02 11,5 + 1,4,"€643,155.20","€2,572,621"
10.01.2025,Friday,"Friday, 10th January 2025",,17 34 38 42 48,02 11,5 + 0,9,"€161,204.20","€1,450,838"
10.01.2025,Friday,"Friday, 10th January 2025",,17 34 38 42 48,02 11,4 + 2,51,"€4,692.40","€239,312"
10.01.2025,Friday,"Friday, 10th January 2025",,17 34 38 42 48,02 11,4 + 1,932,€320.90,"€299,079"
10.01.2025,Friday,"Friday, 10th January 2025",,17 34 38 42 48,02 11,4 + 0,"2,293",€104.30,"€239,160"
10.01.2025,Friday,"Friday, 10th January 2025",,17 34 38 42 48,02 11,3 + 2,"2,148",€153.10,"€328,859"
10.01.2025,Friday,"Friday, 10th January 2025",,17 34 38 42 48,02 11,2 + 2,"28,247",€27.00,"€762,669"
10.01.2025,Friday,"Friday, 10th January 2025",,17 34 38 42 48,02 11,3 + 1,"40,279",€21.10,"€849,887"
10.01.2025,Friday,"Friday, 10th January 2025",,17 34 38 42 48,02 11,3 + 0,"99,451",€16.20,"€1,611,106"
10.01.2025,Friday,"Friday, 10th January 2025",,17 34 38 42 48,02 11,1 + 2,"142,808",€14.10,"€2,013,593"
10.01.2025,Friday,"Friday, 10th January 2025",,17 34 38 42 48,02 11,2 + 1,"556,830",€10.90,"€6,069,447"
14.01.2025,Tuesday,"Tuesday, 14th January 2025","€10,000,000",10 11 17 20 30,02 06,5 + 2,0,"€10,000,000","€10,000,000"
14.01.2025,Tuesday,"Tuesday, 14th January 2025","€10,000,000",10 11 17 20 30,02 06,5 + 1,6,"€212,627.50","€1,275,765"
14.01.2025,Tuesday,"Tuesday, 14th January 2025","€10,000,000",10 11 17 20 30,02 06,5 + 0,16,"€44,967.00","€719,472"
14.01.2025,Tuesday,"Tuesday, 14th January 2025","€10,000,000",10 11 17 20 30,02 06,4 + 2,39,"€3,042.90","€118,673"
14.01.2025,Tuesday,"Tuesday, 14th January 2025","€10,000,000",10 11 17 20 30,02 06,4 + 1,736,€201.50,"€148,304"
14.01.2025,Tuesday,"Tuesday, 14th January 2025","€10,000,000",10 11 17 20 30,02 06,4 + 0,"2,015",€58.80,"€118,482"
14.01.2025,Tuesday,"Tuesday, 14th January 2025","€10,000,000",10 11 17 20 30,02 06,3 + 2,"1,375",€118.60,"€163,075"
14.01.2025,Tuesday,"Tuesday, 14th January 2025","€10,000,000",10 11 17 20 30,02 06,2 + 2,"16,903",€22.30,"€376,937"
14.01.2025,Tuesday,"Tuesday, 14th January 2025","€10,000,000",10 11 17 20 30,02 06,3 + 1,"26,714",€15.80,"€422,081"
14.01.2025,Tuesday,"Tuesday, 14th January 2025","€10,000,000",10 11 17 20 30,02 06,3 + 0,"62,762",€12.70,"€797,077"
14.01.2025,Tuesday,"Tuesday, 14th January 2025","€10,000,000",10 11 17 20 30,02 06,1 + 2,"84,165",€11.80,"€993,147"
14.01.2025,Tuesday,"Tuesday, 14th January 2025","€10,000,000",10 11 17 20 30,02 06,2 + 1,"325,599",€9.20,"€2,995,511"
17.01.2025,Friday,"Friday, 17th January 2025","€17,796,844",07 09 14 18 31,07 08,5 + 2,0,"€17,796,844","€17,796,844"
17.01.2025,Friday,"Friday, 17th January 2025","€17,796,844",07 09 14 18 31,07 08,5 + 1,3,"€620,859.80","€1,862,579"
17.01.2025,Friday,"Friday, 17th January 2025","€17,796,844",07 09 14 18 31,07 08,5 + 0,12,"€87,534.00","€1,050,408"
17.01.2025,Friday,"Friday, 17th January 2025","€17,796,844",07 09 14 18 31,07 08,4 + 2,41,"€4,225.90","€173,262"
17.01.2025,Friday,"Friday, 17th January 2025","€17,796,844",07 09 14 18 31,07 08,4 + 1,"1,113",€194.50,"€216,479"
17.01.2025,Friday,"Friday, 17th January 2025","€17,796,844",07 09 14 18 31,07 08,4 + 0,"1,966",€88.10,"€173,205"
17.01.2025,Friday,"Friday, 17th January 2025","€17,796,844",07 09 14 18 31,07 08,3 + 2,"1,805",€131.90,"€238,080"
17.01.2025,Friday,"Friday, 17th January 2025","€17,796,844",07 09 14 18 31,07 08,2 + 2,"25,335",€21.70,"€549,770"
17.01.2025,Friday,"Friday, 17th January 2025","€17,796,844",07 09 14 18 31,07 08,3 + 1,"42,583",€15.10,"€643,003"
17.01.2025,Friday,"Friday, 17th January 2025","€17,796,844",07 09 14 18 31,07 08,3 + 0,"75,668",€15.10,"€1,142,587"
17.01.2025,Friday,"Friday, 17th January 2025","€17,796,844",07 09 14 18 31,07 08,1 + 2,"120,576",€12.10,"€1,458,970"
17.01.2025,Friday,"Friday, 17th January 2025","€17,796,844",07 09 14 18 31,07 08,2 + 1,"564,469",€7.70,"€4,346,411"
21.01.2025,Tuesday,"Tuesday, 21st January 2025","€24,907,512",03 17 22 28 40,04 09,5 + 2,0,"€24,907,512","€24,907,512"
21.01.2025,Tuesday,"Tuesday, 21st January 2025","€24,907,512",03 17 22 28 40,04 09,5 + 1,1,"€1,359,252.70","€1,359,253"
21.01.2025,Tuesday,"Tuesday, 21st January 2025","€24,907,512",03 17 22 28 40,04 09,5 + 0,7,"€109,507.90","€766,555"
21.01.2025,Tuesday,"Tuesday, 21st January 2025","€24,907,512",03 17 22 28 40,04 09,4 + 2,45,"€2,809.80","€126,441"
21.01.2025,Tuesday,"Tuesday, 21st January 2025","€24,907,512",03 17 22 28 40,04 09,4 + 1,554,€285.20,"€158,001"
21.01.2025,Tuesday,"Tuesday, 21st January 2025","€24,907,512",03 17 22 28 40,04 09,4 + 0,"1,207",€104.70,"€126,373"
21.01.2025,Tuesday,"Tuesday, 21st January 2025","€24,907,512",03 17 22 28 40,04 09,3 + 2,"1,458",€119.20,"€173,794"
21.01.2025,Tuesday,"Tuesday, 21st January 2025","€24,907,512",03 17 22 28 40,04 09,2 + 2,"21,407",€18.80,"€402,452"
21.01.2025,Tuesday,"Tuesday, 21st January 2025","€24,907,512",03 17 22 28 40,04 09,3 + 1,"24,243",€18.50,"€448,496"
21.01.2025,Tuesday,"Tuesday, 21st January 2025","€24,907,512",03 17 22 28 40,04 09,3 + 0,"51,729",€16.40,"€848,356"
21.01.2025,Tuesday,"Tuesday, 21st January 2025","€24,907,512",03 17 22 28 40,04 09,1 + 2,"109,805",€9.70,"€1,065,109"
21.01.2025,Tuesday,"Tuesday, 21st January 2025","€24,907,512",03 17 22 28 40,04 09,2 + 1,"342,238",€9.30,"€3,182,813"
24.01.2025,Friday,"Friday, 24th January 2025","€34,729,564",02 09 16 46 47,03 09,5 + 2,0,"€34,729,564","€34,729,564"
24.01.2025,Friday,"Friday, 24th January 2025","€34,729,564",02 09 16 46 47,03 09,5 + 1,3,"€666,047.90","€1,998,144"
24.01.2025,Friday,"Friday, 24th January 2025","€34,729,564",02 09 16 46 47,03 09,5 + 0,9,"€125,206.60","€1,126,859"
24.01.2025,Friday,"Friday, 24th January 2025","€34,729,564",02 09 16 46 47,03 09,4 + 2,47,"€3,954.70","€185,871"
24.01.2025,Friday,"Friday, 24th January 2025","€34,729,564",02 09 16 46 47,03 09,4 + 1,664,€349.90,"€232,334"
24.01.2025,Friday,"Friday, 24th January 2025","€34,729,564",02 09 16 46 47,03 09,4 + 0,"1,261",€141.10,"€177,927"
24.01.2025,Friday,"Friday, 24th January 2025","€34,729,564",02 09 16 46 47,03 09,3 + 2,"1,867",€141.10,"€263,434"
24.01.2025,Friday,"Friday, 24th January 2025","€34,729,564",02 09 16 46 47,03 09,2 + 2,"29,242",€20.80,"€608,234"
24.01.2025,Friday,"Friday, 24th January 2025","€34,729,564",02 09 16 46 47,03 09,3 + 1,"31,036",€20.80,"€645,549"
24.01.2025,Friday,"Friday, 24th January 2025","€34,729,564",02 09 16 46 47,03 09,3 + 0,"63,777",€19.60,"€1,250,029"
24.01.2025,Friday,"Friday, 24th January 2025","€34,729,564",02 09 16 46 47,03 09,1 + 2,"165,273",€9.70,"€1,603,148"
24.01.2025,Friday,"Friday, 24th January 2025","€34,729,564",02 09 16 46 47,03 09,2 + 1,"478,426",€9.70,"€4,640,732"
28.01.2025,Tuesday,"Tuesday, 28th January 2025","€43,123,979",02 07 28 43 46,05 12,5 + 2,0,"€43,123,979","€43,123,979"
28.01.2025,Tuesday,"Tuesday, 28th January 2025","€43,123,979",02 07 28 43 46,05 12,5 + 1,0,€0.00,€0
28.01.2025,Tuesday,"Tuesday, 28th January 2025","€43,123,979",02 07 28 43 46,05 12,5 + 0,9,"€93,658.30","€842,925"
28.01.2025,Tuesday,"Tuesday, 28th January 2025","€43,123,979",02 07 28 43 46,05 12,4 + 2,24,"€5,793.30","€139,039"
28.01.2025,Tuesday,"Tuesday, 28th January 2025","€43,123,979",02 07 28 43 46,05 12,4 + 1,486,€357.60,"€173,794"
28.01.2025,Tuesday,"Tuesday, 28th January 2025","€43,123,979",02 07 28 43 46,05 12,4 + 0,"1,127",€123.30,"€138,959"
28.01.2025,Tuesday,"Tuesday, 28th January 2025","€43,123,979",02 07 28 43 46,05 12,3 + 2,955,€200.10,"€191,096"
28.01.2025,Tuesday,"Tuesday, 28th January 2025","€43,123,979",02 07 28 43 46,05 12,2 + 2,"13,994",€31.60,"€442,210"
28.01.2025,Tuesday,"Tuesday, 28th January 2025","€43,123,979",02 07 28 43 46,05 12,3 + 1,"22,422",€22.00,"€493,284"
28.01.2025,Tuesday,"Tuesday, 28th January 2025","€43,123,979",02 07 28 43 46,05 12,3 + 0,"54,646",€17.10,"€934,447"
28.01.2025,Tuesday,"Tuesday, 28th January 2025","€43,123,979",02 07 28 43 46,05 12,1 + 2,"75,089",€15.60,"€1,171,388"
28.01.2025,Tuesday,"Tuesday, 28th January 2025","€43,123,979",02 07 28 43 46,05 12,2 + 1,"328,407",€10.70,"€3,513,955"
31.01.2025,Friday,"Friday, 31st January 2025","€54,037,398",01 23 32 42 47,04 11,5 + 2,0,"€54,037,398","€54,037,398"
31.01.2025,Friday,"Friday, 31st January 2025","€54,037,398",01 23 32 42 47,04 11,5 + 1,4,"€930,640.10","€3,722,560"
31.01.2025,Friday,"Friday, 31st January 2025","€54,037,398",01 23 32 42 47,04 11,5 + 0,4,"€314,106.30","€1,256,425"
31.01.2025,Friday,"Friday, 31st January 2025","€54,037,398",01 23 32 42 47,04 11,4 + 2,38,"€5,453.80","€207,244"
31.01.2025,Friday,"Friday, 31st January 2025","€54,037,398",01 23 32 42 47,04 11,4 + 1,625,€414.40,"€259,000"
31.01.2025,Friday,"Friday, 31st January 2025","€54,037,398",01 23 32 42 47,04 11,4 + 0,"1,451",€142.80,"€207,203"
31.01.2025,Friday,"Friday, 31st January 2025","€54,037,398",01 23 32 42 47,04 11,3 + 2,"1,364",€208.90,"€284,940"
31.01.2025,Friday,"Friday, 31st January 2025","€54,037,398",01 23 32 42 47,04 11,2 + 2,"21,161",€31.20,"€660,223"
31.01.2025,Friday,"Friday, 31st January 2025","€54,037,398",01 23 32 42 47,04 11,3 + 1,"30,050",€24.50,"€736,225"
31.01.2025,Friday,"Friday, 31st January 2025","€54,037,398",01 23 32 42 47,04 11,3 + 0,"71,572",€19.50,"€1,395,654"
31.01.2025,Friday,"Friday, 31st January 2025","€54,037,398",01 23 32 42 47,04 11,1 + 2,"114,084",€15.30,"€1,745,485"
31.01.2025,Friday,"Friday, 31st January 2025","€54,037,398",01 23 32 42 47,04 11,2 + 1,"457,866",€11.40,"€5,219,672"
04.02.2025,Tuesday,"Tuesday, 4th February 2025","€63,757,862",10 18 21 41 42,03 09,5 + 2,0,"€63,757,862","€63,757,862"
04.02.2025,Tuesday,"Tuesday, 4th February 2025","€63,757,862",10 18 21 41 42,03 09,5 + 1,2,"€914,200.00","€1,828,400"
04.02.2025,Tuesday,"Tuesday, 4th February 2025","€63,757,862",10 18 21 41 42,03 09,5 + 0,1,"€914,200.00","€914,200"
04.02.2025,Tuesday,"Tuesday, 4th February 2025","€63,757,862",10 18 21 41 42,03 09,4 + 2,24,"€6,797.00","€163,128"
04.02.2025,Tuesday,"Tuesday, 4th February 2025","€63,757,862",10 18 21 41 42,03 09,4 + 1,521,€391.30,"€203,867"
04.02.2025,Tuesday,"Tuesday, 4th February 2025","€63,757,862",10 18 21 41 42,03 09,4 + 0,"1,172",€139.10,"€163,025"
04.02.2025,Tuesday,"Tuesday, 4th February 2025","€63,757,862",10 18 21 41 42,03 09,3 + 2,"1,576",€142.30,"€224,265"
04.02.2025,Tuesday,"Tuesday, 4th February 2025","€63,757,862",10 18 21 41 42,03 09,2 + 2,"24,909",€21.30,"€530,562"
04.02.2025,Tuesday,"Tuesday, 4th February 2025","€63,757,862",10 18 21 41 42,03 09,3 + 1,"26,661",€21.30,"€567,879"
04.02.2025,Tuesday,"Tuesday, 4th February 2025","€63,757,862",10 18 21 41 42,03 09,3 + 0,"56,529",€19.40,"€1,096,663"
04.02.2025,Tuesday,"Tuesday, 4th February 2025","€63,757,862",10 18 21 41 42,03 09,1 + 2,"137,998",€10.00,"€1,379,980"
04.02.2025,Tuesday,"Tuesday, 4th February 2025","€63,757,862",10 18 21 41 42,03 09,2 + 1,"409,014",€10.00,"€4,090,140"
07.02.2025,Friday,"Friday, 7th February 2025","€76,271,295",15 17 27 33 45,05 09,5 + 2,0,"€76,271,295","€76,271,295"
07.02.2025,Friday,"Friday, 7th February 2025","€76,271,295",15 17 27 33 45,05 09,5 + 1,3,"€846,084.70","€2,538,254"
07.02.2025,Friday,"Friday, 7th February 2025","€76,271,295",15 17 27 33 45,05 09,5 + 0,14,"€102,246.90","€1,431,457"
07.02.2025,Friday,"Friday, 7th February 2025","€76,271,295",15 17 27 33 45,05 09,4 + 2,85,"€2,777.80","€236,113"
07.02.2025,Friday,"Friday, 7th February 2025","€76,271,295",15 17 27 33 45,05 09,4 + 1,"1,264",€233.50,"€295,144"
07.02.2025,Friday,"Friday, 7th February 2025","€76,271,295",15 17 27 33 45,05 09,4 + 0,"2,630",€89.70,"€235,911"
07.02.2025,Friday,"Friday, 7th February 2025","€76,271,295",15 17 27 33 45,05 09,3 + 2,"3,109",€104.40,"€324,580"
07.02.2025,Friday,"Friday, 7th February 2025","€76,271,295",15 17 27 33 45,05 09,2 + 2,"39,432",€19.00,"€749,208"
07.02.2025,Friday,"Friday, 7th February 2025","€76,271,295",15 17 27 33 45,05 09,3 + 1,"49,610",€16.90,"€838,409"
07.02.2025,Friday,"Friday, 7th February 2025","€76,271,295",15 17 27 33 45,05 09,3 + 0,"102,714",€15.50,"€1,592,067"
07.02.2025,Friday,"Friday, 7th February 2025","€76,271,295",15 17 27 33 45,05 09,1 + 2,"193,803",€10.20,"€1,976,791"
07.02.2025,Friday,"Friday, 7th February 2025","€76,271,295",15 17 27 33 45,05 09,2 + 1,"665,189",€9.00,"€5,986,701"
11.02.2025,Tuesday,"Tuesday, 11th February 2025",,03 12 22 28 47,01 12,5 + 2,1,€,€0
11.02.2025,Tuesday,"Tuesday, 11th February 2025",,03 12 22 28 47,01 12,5 + 1,3,"€716,159.60","€2,148,479"
11.02.2025,Tuesday,"Tuesday, 11th February 2025",,03 12 22 28 47,01 12,5 + 0,12,"€100,970.10","€1,211,641"
11.02.2025,Tuesday,"Tuesday, 11th February 2025",,03 12 22 28 47,01 12,4 + 2,34,"€5,878.10","€199,855"
11.02.2025,Tuesday,"Tuesday, 11th February 2025",,03 12 22 28 47,01 12,4 + 1,738,€338.50,"€249,813"
11.02.2025,Tuesday,"Tuesday, 11th February 2025",,03 12 22 28 47,01 12,4 + 0,"2,177",€91.80,"€199,849"
11.02.2025,Tuesday,"Tuesday, 11th February 2025",,03 12 22 28 47,01 12,3 + 2,"1,567",€175.30,"€274,695"
11.02.2025,Tuesday,"Tuesday, 11th February 2025",,03 12 22 28 47,01 12,2 + 2,"22,292",€28.50,"€635,322"
11.02.2025,Tuesday,"Tuesday, 11th February 2025",,03 12 22 28 47,01 12,3 + 1,"33,677",€21.10,"€710,585"
11.02.2025,Tuesday,"Tuesday, 11th February 2025",,03 12 22 28 47,01 12,3 + 0,"93,959",€14.40,"€1,353,010"
11.02.2025,Tuesday,"Tuesday, 11th February 2025",,03 12 22 28 47,01 12,1 + 2,"115,738",€14.40,"€1,666,627"
11.02.2025,Tuesday,"Tuesday, 11th February 2025",,03 12 22 28 47,01 12,2 + 1,"464,579",€10.90,"€5,063,911"
14.02.2025,Friday,"Friday, 14th February 2025",,12 14 18 45 50,02 10,5 + 2,1,€,€0
14.02.2025,Friday,"Friday, 14th February 2025",,12 14 18 45 50,02 10,5 + 1,1,"€1,847,565.00","€1,847,565"
14.02.2025,Friday,"Friday, 14th February 2025",,12 14 18 45 50,02 10,5 + 0,6,"€173,656.70","€1,041,940"
14.02.2025,Friday,"Friday, 14th February 2025",,12 14 18 45 50,02 10,4 + 2,35,"€4,910.40","€171,864"
14.02.2025,Friday,"Friday, 14th February 2025",,12 14 18 45 50,02 10,4 + 1,562,€382.20,"€214,796"
14.02.2025,Friday,"Friday, 14th February 2025",,12 14 18 45 50,02 10,4 + 0,"1,193",€144.00,"€171,792"
14.02.2025,Friday,"Friday, 14th February 2025",,12 14 18 45 50,02 10,3 + 2,"1,433",€164.90,"€236,302"
14.02.2025,Friday,"Friday, 14th February 2025",,12 14 18 45 50,02 10,2 + 2,"22,567",€24.20,"€546,121"
14.02.2025,Friday,"Friday, 14th February 2025",,12 14 18 45 50,02 10,3 + 1,"26,697",€22.90,"€611,361"
14.02.2025,Friday,"Friday, 14th February 2025",,12 14 18 45 50,02 10,3 + 0,"59,633",€19.40,"€1,156,880"
14.02.2025,Friday,"Friday, 14th February 2025",,12 14 18 45 50,02 10,1 + 2,"122,427",€11.80,"€1,444,639"
14.02.2025,Friday,"Friday, 14th February 2025",,12 14 18 45 50,02 10,2 + 1,"416,848",€10.40,"€4,335,219"
18.02.2025,Tuesday,"Tuesday, 18th February 2025","€10,000,000",01 09 14 19 44,02 03,5 + 2,0,"€10,000,000","€10,000,000"
18.02.2025,Tuesday,"Tuesday, 18th February 2025","€10,000,000",01 09 14 19 44,02 03,5 + 1,3,"€477,563.90","€1,432,692"
18.02.2025,Tuesday,"Tuesday, 18th February 2025","€10,000,000",01 09 14 19 44,02 03,5 + 0,1,"€477,563.90","€477,564"
18.02.2025,Tuesday,"Tuesday, 18th February 2025","€10,000,000",01 09 14 19 44,02 03,4 + 2,21,"€5,410.50","€113,621"
18.02.2025,Tuesday,"Tuesday, 18th February 2025","€10,000,000",01 09 14 19 44,02 03,4 + 1,502,€282.90,"€142,016"
18.02.2025,Tuesday,"Tuesday, 18th February 2025","€10,000,000",01 09 14 19 44,02 03,4 + 0,"1,108",€102.50,"€113,570"
18.02.2025,Tuesday,"Tuesday, 18th February 2025","€10,000,000",01 09 14 19 44,02 03,3 + 2,"1,013",€154.20,"€156,205"
18.02.2025,Tuesday,"Tuesday, 18th February 2025","€10,000,000",01 09 14 19 44,02 03,2 + 2,"13,941",€25.90,"€361,072"
18.02.2025,Tuesday,"Tuesday, 18th February 2025","€10,000,000",01 09 14 19 44,02 03,3 + 1,"23,248",€17.40,"€404,515"
18.02.2025,Tuesday,"Tuesday, 18th February 2025","€10,000,000",01 09 14 19 44,02 03,3 + 0,"47,311",€16.20,"€766,438"
18.02.2025,Tuesday,"Tuesday, 18th February 2025","€10,000,000",01 09 14 19 44,02 03,1 + 2,"69,141",€13.80,"€954,146"
18.02.2025,Tuesday,"Tuesday, 18th February 2025","€10,000,000",01 09 14 19 44,02 03,2 + 1,"329,145",€8.70,"€2,863,562"
21.02.2025,Friday,"Friday, 21st February 2025","€17,651,180",18 26 29 35 36,11 12,5 + 2,0,"€17,651,180","€17,651,180"
21.02.2025,Friday,"Friday, 21st February 2025","€17,651,180",18 26 29 35 36,11 12,5 + 1,1,"€1,827,781.90","€1,827,782"
21.02.2025,Friday,"Friday, 21st February 2025","€17,651,180",18 26 29 35 36,11 12,5 + 0,6,"€171,797.30","€1,030,784"
21.02.2025,Friday,"Friday, 21st February 2025","€17,651,180",18 26 29 35 36,11 12,4 + 2,27,"€6,297.20","€170,024"
21.02.2025,Friday,"Friday, 21st February 2025","€17,651,180",18 26 29 35 36,11 12,4 + 1,455,€467.10,"€212,531"
21.02.2025,Friday,"Friday, 21st February 2025","€17,651,180",18 26 29 35 36,11 12,4 + 0,"1,356",€125.30,"€169,907"
21.02.2025,Friday,"Friday, 21st February 2025","€17,651,180",18 26 29 35 36,11 12,3 + 2,903,€258.80,"€233,696"
21.02.2025,Friday,"Friday, 21st February 2025","€17,651,180",18 26 29 35 36,11 12,2 + 2,"14,396",€37.60,"€541,290"
21.02.2025,Friday,"Friday, 21st February 2025","€17,651,180",18 26 29 35 36,11 12,3 + 1,"20,991",€28.80,"€604,541"
21.02.2025,Friday,"Friday, 21st February 2025","€17,651,180",18 26 29 35 36,11 12,3 + 0,"68,763",€17.60,"€1,210,229"
21.02.2025,Friday,"Friday, 21st February 2025","€17,651,180",18 26 29 35 36,11 12,1 + 2,"77,638",€17.60,"€1,366,429"
21.02.2025,Friday,"Friday, 21st February 2025","€17,651,180",18 26 29 35 36,11 12,2 + 1,"322,332",€13.30,"€4,287,016"
25.02.2025,Tuesday,"Tuesday, 25th February 2025","€23,626,980",28 31 38 42 48,03 10,5 + 2,0,"€23,626,980","€23,626,980"
25.02.2025,Tuesday,"Tuesday, 25th February 2025","€23,626,980",28 31 38 42 48,03 10,5 + 1,1,"€1,347,295.30","€1,347,295"
25.02.2025,Tuesday,"Tuesday, 25th February 2025","€23,626,980",28 31 38 42 48,03 10,5 + 0,2,"€379,905.90","€759,812"
25.02.2025,Tuesday,"Tuesday, 25th February 2025","€23,626,980",28 31 38 42 48,03 10,4 + 2,14,"€8,952.10","€125,329"
25.02.2025,Tuesday,"Tuesday, 25th February 2025","€23,626,980",28 31 38 42 48,03 10,4 + 1,426,€367.70,"€156,640"
25.02.2025,Tuesday,"Tuesday, 25th February 2025","€23,626,980",28 31 38 42 48,03 10,4 + 0,940,€133.30,"€125,302"
25.02.2025,Tuesday,"Tuesday, 25th February 2025","€23,626,980",28 31 38 42 48,03 10,3 + 2,"1,068",€161.30,"€172,268"
25.02.2025,Tuesday,"Tuesday, 25th February 2025","€23,626,980",28 31 38 42 48,03 10,2 + 2,"15,762",€25.30,"€398,779"
25.02.2025,Tuesday,"Tuesday, 25th February 2025","€23,626,980",28 31 38 42 48,03 10,3 + 1,"19,658",€22.70,"€446,237"
25.02.2025,Tuesday,"Tuesday, 25th February 2025","€23,626,980",28 31 38 42 48,03 10,3 + 0,"43,129",€19.60,"€845,328"
25.02.2025,Tuesday,"Tuesday, 25th February 2025","€23,626,980",28 31 38 42 48,03 10,1 + 2,"90,213",€11.70,"€1,055,492"
25.02.2025,Tuesday,"Tuesday, 25th February 2025","€23,626,980",28 31 38 42 48,03 10,2 + 1,"288,586",€11.00,"€3,174,446"
28.02.2025,Friday,"Friday, 28th February 2025","€33,497,443",03 04 13 20 21,08 12,5 + 2,0,"€33,497,443","€33,497,443"
28.02.2025,Friday,"Friday, 28th February 2025","€33,497,443",03 04 13 20 21,08 12,5 + 1,4,"€504,712.90","€2,018,852"
28.02.2025,Friday,"Friday, 28th February 2025","€33,497,443",03 04 13 20 21,08 12,5 + 0,8,"€142,317.30","€1,138,538"
28.02.2025,Friday,"Friday, 28th February 2025","€33,497,443",03 04 13 20 21,08 12,4 + 2,25,"€7,512.00","€187,800"
28.02.2025,Friday,"Friday, 28th February 2025","€33,497,443",03 04 13 20 21,08 12,4 + 1,854,€274.80,"€234,679"
28.02.2025,Friday,"Friday, 28th February 2025","€33,497,443",03 04 13 20 21,08 12,4 + 0,"2,277",€82.40,"€187,625"
28.02.2025,Friday,"Friday, 28th February 2025","€33,497,443",03 04 13 20 21,08 12,3 + 2,"1,263",€204.40,"€258,157"
28.02.2025,Friday,"Friday, 28th February 2025","€33,497,443",03 04 13 20 21,08 12,2 + 2,"17,473",€34.20,"€597,577"
28.02.2025,Friday,"Friday, 28th February 2025","€33,497,443",03 04 13 20 21,08 12,3 + 1,"35,321",€18.90,"€667,567"
28.02.2025,Friday,"Friday, 28th February 2025","€33,497,443",03 04 13 20 21,08 12,3 + 0,"91,325",€15.60,"€1,424,670"
28.02.2025,Friday,"Friday, 28th February 2025","€33,497,443",03 04 13 20 21,08 12,1 + 2,"91,117",€15.60,"€1,421,425"
28.02.2025,Friday,"Friday, 28th February 2025","€33,497,443",03 04 13 20 21,08 12,2 + 1,"478,514",€9.90,"€4,737,289"
04.03.2025,Tuesday,"Tuesday, 4th March 2025","€41,967,336",04 12 35 37 48,04 10,5 + 2,0,"€41,967,336","€41,967,336"
04.03.2025,Tuesday,"Tuesday, 4th March 2025","€41,967,336",04 12 35 37 48,04 10,5 + 1,2,"€754,895.60","€1,509,791"
04.03.2025,Tuesday,"Tuesday, 4th March 2025","€41,967,336",04 12 35 37 48,04 10,5 + 0,9,"€94,605.70","€851,451"
04.03.2025,Tuesday,"Tuesday, 4th March 2025","€41,967,336",04 12 35 37 48,04 10,4 + 2,25,"€5,617.80","€140,445"
04.03.2025,Tuesday,"Tuesday, 4th March 2025","€41,967,336",04 12 35 37 48,04 10,4 + 1,566,€310.10,"€175,517"
04.03.2025,Tuesday,"Tuesday, 4th March 2025","€41,967,336",04 12 35 37 48,04 10,4 + 0,"1,282",€109.50,"€140,379"
04.03.2025,Tuesday,"Tuesday, 4th March 2025","€41,967,336",04 12 35 37 48,04 10,3 + 2,"1,275",€151.40,"€193,035"
04.03.2025,Tuesday,"Tuesday, 4th March 2025","€41,967,336",04 12 35 37 48,04 10,2 + 2,"18,480",€24.20,"€447,216"
04.03.2025,Tuesday,"Tuesday, 4th March 2025","€41,967,336",04 12 35 37 48,04 10,3 + 1,"24,653",€20.20,"€497,991"
04.03.2025,Tuesday,"Tuesday, 4th March 2025","€41,967,336",04 12 35 37 48,04 10,3 + 0,"54,279",€17.40,"€944,455"
04.03.2025,Tuesday,"Tuesday, 4th March 2025","€41,967,336",04 12 35 37 48,04 10,1 + 2,"97,399",€12.10,"€1,178,528"
04.03.2025,Tuesday,"Tuesday, 4th March 2025","€41,967,336",04 12 35 37 48,04 10,2 + 1,"353,333",€10.00,"€3,533,330"
07.03.2025,Friday,"Friday, 7th March 2025","€52,692,064",07 11 12 32 42,01 04,5 + 2,0,"€52,692,064","€52,692,064"
07.03.2025,Friday,"Friday, 7th March 2025","€52,692,064",07 11 12 32 42,01 04,5 + 1,3,"€724,725.90","€2,174,178"
07.03.2025,Friday,"Friday, 7th March 2025","€52,692,064",07 11 12 32 42,01 04,5 + 0,7,"€175,162.10","€1,226,135"
07.03.2025,Friday,"Friday, 7th March 2025","€52,692,064",07 11 12 32 42,01 04,4 + 2,34,"€5,948.50","€202,249"
07.03.2025,Friday,"Friday, 7th March 2025","€52,692,064",07 11 12 32 42,01 04,4 + 1,785,€322.00,"€252,770"
07.03.2025,Friday,"Friday, 7th March 2025","€52,692,064",07 11 12 32 42,01 04,4 + 0,"1,754",€115.30,"€202,236"
07.03.2025,Friday,"Friday, 7th March 2025","€52,692,064",07 11 12 32 42,01 04,3 + 2,"1,776",€156.50,"€277,944"
07.03.2025,Friday,"Friday, 7th March 2025","€52,692,064",07 11 12 32 42,01 04,2 + 2,"24,467",€26.30,"€643,482"
07.03.2025,Friday,"Friday, 7th March 2025","€52,692,064",07 11 12 32 42,01 04,3 + 1,"37,481",€19.20,"€719,635"
07.03.2025,Friday,"Friday, 7th March 2025","€52,692,064",07 11 12 32 42,01 04,3 + 0,"86,453",€15.70,"€1,357,312"
07.03.2025,Friday,"Friday, 7th March 2025","€52,692,064",07 11 12 32 42,01 04,1 + 2,"125,316",€13.60,"€1,704,298"
07.03.2025,Friday,"Friday, 7th March 2025","€52,692,064",07 11 12 32 42,01 04,2 + 1,"555,773",€9.20,"€5,113,112"
11.03.2025,Tuesday,"Tuesday, 11th March 2025","€62,263,180",15 18 22 23 44,01 11,5 + 2,0,"€62,263,180","€62,263,180"
11.03.2025,Tuesday,"Tuesday, 11th March 2025","€62,263,180",15 18 22 23 44,01 11,5 + 1,2,"€867,708.70","€1,735,417"
11.03.2025,Tuesday,"Tuesday, 11th March 2025","€62,263,180",15 18 22 23 44,01 11,5 + 0,8,"€122,336.80","€978,694"
11.03.2025,Tuesday,"Tuesday, 11th March 2025","€62,263,180",15 18 22 23 44,01 11,4 + 2,26,"€6,209.00","€161,434"
11.03.2025,Tuesday,"Tuesday, 11th March 2025","€62,263,180",15 18 22 23 44,01 11,4 + 1,585,€344.90,"€201,767"
11.03.2025,Tuesday,"Tuesday, 11th March 2025","€62,263,180",15 18 22 23 44,01 11,4 + 0,"1,537",€105.00,"€161,385"
11.03.2025,Tuesday,"Tuesday, 11th March 2025","€62,263,180",15 18 22 23 44,01 11,3 + 2,"1,120",€198.10,"€221,872"
11.03.2025,Tuesday,"Tuesday, 11th March 2025","€62,263,180",15 18 22 23 44,01 11,2 + 2,"16,484",€31.20,"€514,301"
11.03.2025,Tuesday,"Tuesday, 11th March 2025","€62,263,180",15 18 22 23 44,01 11,3 + 1,"25,965",€22.10,"€573,827"
11.03.2025,Tuesday,"Tuesday, 11th March 2025","€62,263,180",15 18 22 23 44,01 11,3 + 0,"72,357",€15.50,"€1,121,534"
11.03.2025,Tuesday,"Tuesday, 11th March 2025","€62,263,180",15 18 22 23 44,01 11,1 + 2,"85,718",€15.50,"€1,328,629"
11.03.2025,Tuesday,"Tuesday, 11th March 2025","€62,263,180",15 18 22 23 44,01 11,2 + 1,"374,023",€10.90,"€4,076,851"
14.03.2025,Friday,"Friday, 14th March 2025","€74,702,910",06 13 28 37 45,05 10,5 + 2,0,"€74,702,910","€74,702,910"
14.03.2025,Friday,"Friday, 14th March 2025","€74,702,910",06 13 28 37 45,05 10,5 + 1,9,"€281,376.70","€2,532,390"
14.03.2025,Friday,"Friday, 14th March 2025","€74,702,910",06 13 28 37 45,05 10,5 + 0,17,"€84,008.80","€1,428,150"
14.03.2025,Friday,"Friday, 14th March 2025","€74,702,910",06 13 28 37 45,05 10,4 + 2,76,"€3,099.60","€235,570"
14.03.2025,Friday,"Friday, 14th March 2025","€74,702,910",06 13 28 37 45,05 10,4 + 1,"1,225",€240.30,"€294,368"
14.03.2025,Friday,"Friday, 14th March 2025","€74,702,910",06 13 28 37 45,05 10,4 + 0,"2,802",€84.00,"€235,368"
14.03.2025,Friday,"Friday, 14th March 2025","€74,702,910",06 13 28 37 45,05 10,3 + 2,"2,459",€131.70,"€323,850"
14.03.2025,Friday,"Friday, 14th March 2025","€74,702,910",06 13 28 37 45,05 10,2 + 2,"32,734",€22.90,"€749,609"
14.03.2025,Friday,"Friday, 14th March 2025","€74,702,910",06 13 28 37 45,05 10,3 + 1,"45,048",€18.60,"€837,893"
14.03.2025,Friday,"Friday, 14th March 2025","€74,702,910",06 13 28 37 45,05 10,3 + 0,"101,402",€15.60,"€1,581,871"
14.03.2025,Friday,"Friday, 14th March 2025","€74,702,910",06 13 28 37 45,05 10,1 + 2,"168,190",€11.80,"€1,984,642"
14.03.2025,Friday,"Friday, 14th March 2025","€74,702,910",06 13 28 37 45,05 10,2 + 1,"613,119",€9.70,"€5,947,254"
18.03.2025,Tuesday,"Tuesday, 18th March 2025","€85,924,152",01 07 14 47 50,03 07,5 + 2,0,"€85,924,152","€85,924,152"
18.03.2025,Tuesday,"Tuesday, 18th March 2025","€85,924,152",01 07 14 47 50,03 07,5 + 1,2,"€1,018,444.20","€2,036,888"
18.03.2025,Tuesday,"Tuesday, 18th March 2025","€85,924,152",01 07 14 47 50,03 07,5 + 0,3,"€382,903.40","€1,148,710"
18.03.2025,Tuesday,"Tuesday, 18th March 2025","€85,924,152",01 07 14 47 50,03 07,4 + 2,48,"€3,947.40","€189,475"
18.03.2025,Tuesday,"Tuesday, 18th March 2025","€85,924,152",01 07 14 47 50,03 07,4 + 1,792,€299.00,"€236,808"
18.03.2025,Tuesday,"Tuesday, 18th March 2025","€85,924,152",01 07 14 47 50,03 07,4 + 0,"1,486",€116.90,"€173,713"
18.03.2025,Tuesday,"Tuesday, 18th March 2025","€85,924,152",01 07 14 47 50,03 07,3 + 2,"2,362",€116.90,"€276,118"
18.03.2025,Tuesday,"Tuesday, 18th March 2025","€85,924,152",01 07 14 47 50,03 07,2 + 2,"36,504",€18.20,"€664,373"
18.03.2025,Tuesday,"Tuesday, 18th March 2025","€85,924,152",01 07 14 47 50,03 07,3 + 1,"35,600",€18.20,"€647,920"
18.03.2025,Tuesday,"Tuesday, 18th March 2025","€85,924,152",01 07 14 47 50,03 07,3 + 0,"67,851",€18.20,"€1,234,888"
18.03.2025,Tuesday,"Tuesday, 18th March 2025","€85,924,152",01 07 14 47 50,03 07,1 + 2,"188,624",€9.10,"€1,716,478"
18.03.2025,Tuesday,"Tuesday, 18th March 2025","€85,924,152",01 07 14 47 50,03 07,2 + 1,"511,387",€9.10,"€4,653,622"
21.03.2025,Friday,"Friday, 21st March 2025","€100,973,884",08 09 12 14 16,06 12,5 + 2,0,"€100,973,884","€100,973,884"
21.03.2025,Friday,"Friday, 21st March 2025","€100,973,884",08 09 12 14 16,06 12,5 + 1,6,"€512,436.00","€3,074,616"
21.03.2025,Friday,"Friday, 21st March 2025","€100,973,884",08 09 12 14 16,06 12,5 + 0,24,"€72,247.50","€1,733,940"
21.03.2025,Friday,"Friday, 21st March 2025","€100,973,884",08 09 12 14 16,06 12,4 + 2,57,"€5,017.70","€286,009"
21.03.2025,Friday,"Friday, 21st March 2025","€100,973,884",08 09 12 14 16,06 12,4 + 1,"1,256",€284.60,"€357,458"
21.03.2025,Friday,"Friday, 21st March 2025","€100,973,884",08 09 12 14 16,06 12,4 + 0,"3,081",€92.80,"€285,917"
21.03.2025,Friday,"Friday, 21st March 2025","€100,973,884",08 09 12 14 16,06 12,3 + 2,"2,283",€172.20,"€393,133"
21.03.2025,Friday,"Friday, 21st March 2025","€100,973,884",08 09 12 14 16,06 12,2 + 2,"31,670",€28.70,"€908,929"
21.03.2025,Friday,"Friday, 21st March 2025","€100,973,884",08 09 12 14 16,06 12,3 + 1,"50,946",€19.90,"€1,013,825"
21.03.2025,Friday,"Friday, 21st March 2025","€100,973,884",08 09 12 14 16,06 12,3 + 0,"130,037",€14.80,"€1,924,548"
21.03.2025,Friday,"Friday, 21st March 2025","€100,973,884",08 09 12 14 16,06 12,1 + 2,"161,905",€14.80,"€2,396,194"
21.03.2025,Friday,"Friday, 21st March 2025","€100,973,884",08 09 12 14 16,06 12,2 + 1,"726,084",€9.90,"€7,188,232"
25.03.2025,Tuesday,"Tuesday, 25th March 2025",,03 11 30 35 50,04 05,5 + 2,1,€,€0
25.03.2025,Tuesday,"Tuesday, 25th March 2025",,03 11 30 35 50,04 05,5 + 1,6,"€461,160.30","€2,766,962"
25.03.2025,Tuesday,"Tuesday, 25th March 2025",,03 11 30 35 50,04 05,5 + 0,7,"€222,919.70","€1,560,438"
25.03.2025,Tuesday,"Tuesday, 25th March 2025",,03 11 30 35 50,04 05,4 + 2,46,"€5,595.40","€257,388"
25.03.2025,Tuesday,"Tuesday, 25th March 2025",,03 11 30 35 50,04 05,4 + 1,"1,037",€310.20,"€321,677"
25.03.2025,Tuesday,"Tuesday, 25th March 2025",,03 11 30 35 50,04 05,4 + 0,"2,103",€122.30,"€257,197"
25.03.2025,Tuesday,"Tuesday, 25th March 2025",,03 11 30 35 50,04 05,3 + 2,"2,043",€173.20,"€353,848"
25.03.2025,Tuesday,"Tuesday, 25th March 2025",,03 11 30 35 50,04 05,2 + 2,"30,447",€26.90,"€819,024"
25.03.2025,Tuesday,"Tuesday, 25th March 2025",,03 11 30 35 50,04 05,3 + 1,"44,234",€20.70,"€915,644"
25.03.2025,Tuesday,"Tuesday, 25th March 2025",,03 11 30 35 50,04 05,3 + 0,"94,103",€18.40,"€1,731,495"
25.03.2025,Tuesday,"Tuesday, 25th March 2025",,03 11 30 35 50,04 05,1 + 2,"165,772",€13.10,"€2,171,613"
25.03.2025,Tuesday,"Tuesday, 25th March 2025",,03 11 30 35 50,04 05,2 + 1,"664,892",€9.80,"€6,515,942"
28.03.2025,Friday,"Friday, 28th March 2025","€10,624,926",02 15 19 34 49,02 06,5 + 2,0,"€10,624,926","€10,624,926"
28.03.2025,Friday,"Friday, 28th March 2025","€10,624,926",02 15 19 34 49,02 06,5 + 1,4,"€460,148.20","€1,840,593"
28.03.2025,Friday,"Friday, 28th March 2025","€10,624,926",02 15 19 34 49,02 06,5 + 0,9,"€115,334.30","€1,038,009"
28.03.2025,Friday,"Friday, 28th March 2025","€10,624,926",02 15 19 34 49,02 06,4 + 2,45,"€3,804.80","€171,216"
28.03.2025,Friday,"Friday, 28th March 2025","€10,624,926",02 15 19 34 49,02 06,4 + 1,822,€260.30,"€213,967"
28.03.2025,Friday,"Friday, 28th March 2025","€10,624,926",02 15 19 34 49,02 06,4 + 0,"1,758",€97.30,"€171,053"
28.03.2025,Friday,"Friday, 28th March 2025","€10,624,926",02 15 19 34 49,02 06,3 + 2,"1,777",€132.40,"€235,275"
28.03.2025,Friday,"Friday, 28th March 2025","€10,624,926",02 15 19 34 49,02 06,2 + 2,"25,199",€21.60,"€544,298"
28.03.2025,Friday,"Friday, 28th March 2025","€10,624,926",02 15 19 34 49,02 06,3 + 1,"32,433",€18.80,"€609,740"
28.03.2025,Friday,"Friday, 28th March 2025","€10,624,926",02 15 19 34 49,02 06,3 + 0,"69,429",€16.60,"€1,152,521"
28.03.2025,Friday,"Friday, 28th March 2025","€10,624,926",02 15 19 34 49,02 06,1 + 2,"127,787",€11.30,"€1,443,993"
28.03.2025,Friday,"Friday, 28th March 2025","€10,624,926",02 15 19 34 49,02 06,2 + 1,"457,965",€9.40,"€4,304,871"
01.04.2025,Tuesday,"Tuesday, 1st April 2025","€18,099,741",12 17 39 41 50,09 12,5 + 2,0,"€18,099,741","€18,099,741"
01.04.2025,Tuesday,"Tuesday, 1st April 2025","€18,099,741",12 17 39 41 50,09 12,5 + 1,1,"€1,314,585.10","€1,314,585"
01.04.2025,Tuesday,"Tuesday, 1st April 2025","€18,099,741",12 17 39 41 50,09 12,5 + 0,6,"€123,560.80","€741,365"
01.04.2025,Tuesday,"Tuesday, 1st April 2025","€18,099,741",12 17 39 41 50,09 12,4 + 2,12,"€10,190.50","€122,286"
01.04.2025,Tuesday,"Tuesday, 1st April 2025","€18,099,741",12 17 39 41 50,09 12,4 + 1,368,€415.30,"€152,830"
01.04.2025,Tuesday,"Tuesday, 1st April 2025","€18,099,741",12 17 39 41 50,09 12,4 + 0,898,€136.10,"€122,218"
01.04.2025,Tuesday,"Tuesday, 1st April 2025","€18,099,741",12 17 39 41 50,09 12,3 + 2,846,€198.70,"€168,100"
01.04.2025,Tuesday,"Tuesday, 1st April 2025","€18,099,741",12 17 39 41 50,09 12,2 + 2,"11,830",€32.90,"€389,207"
01.04.2025,Tuesday,"Tuesday, 1st April 2025","€18,099,741",12 17 39 41 50,09 12,3 + 1,"18,813",€23.10,"€434,580"
01.04.2025,Tuesday,"Tuesday, 1st April 2025","€18,099,741",12 17 39 41 50,09 12,3 + 0,"43,146",€19.10,"€824,089"
01.04.2025,Tuesday,"Tuesday, 1st April 2025","€18,099,741",12 17 39 41 50,09 12,1 + 2,"63,317",€16.20,"€1,025,735"
01.04.2025,Tuesday,"Tuesday, 1st April 2025","€18,099,741",12 17 39 41 50,09 12,2 + 1,"283,120",€10.90,"€3,086,008"
04.04.2025,Friday,"Friday, 4th April 2025","€27,475,892",19 23 29 37 38,02 08,5 + 2,0,"€27,475,892","€27,475,892"
04.04.2025,Friday,"Friday, 4th April 2025","€27,475,892",19 23 29 37 38,02 08,5 + 1,4,"€476,236.60","€1,904,946"
04.04.2025,Friday,"Friday, 4th April 2025","€27,475,892",19 23 29 37 38,02 08,5 + 0,5,"€214,860.20","€1,074,301"
04.04.2025,Friday,"Friday, 4th April 2025","€27,475,892",19 23 29 37 38,02 08,4 + 2,39,"€4,543.70","€177,204"
04.04.2025,Friday,"Friday, 4th April 2025","€27,475,892",19 23 29 37 38,02 08,4 + 1,697,€317.70,"€221,437"
04.04.2025,Friday,"Friday, 4th April 2025","€27,475,892",19 23 29 37 38,02 08,4 + 0,"1,368",€126.40,"€172,915"
04.04.2025,Friday,"Friday, 4th April 2025","€27,475,892",19 23 29 37 38,02 08,3 + 2,"1,959",€126.40,"€247,618"
04.04.2025,Friday,"Friday, 4th April 2025","€27,475,892",19 23 29 37 38,02 08,2 + 2,"29,263",€19.30,"€564,776"
04.04.2025,Friday,"Friday, 4th April 2025","€27,475,892",19 23 29 37 38,02 08,3 + 1,"34,160",€18.40,"€628,544"
04.04.2025,Friday,"Friday, 4th April 2025","€27,475,892",19 23 29 37 38,02 08,3 + 0,"72,345",€16.50,"€1,193,693"
04.04.2025,Friday,"Friday, 4th April 2025","€27,475,892",19 23 29 37 38,02 08,1 + 2,"150,317",€9.90,"€1,488,138"
04.04.2025,Friday,"Friday, 4th April 2025","€27,475,892",19 23 29 37 38,02 08,2 + 1,"487,714",€9.20,"€4,486,969"
08.04.2025,Tuesday,"Tuesday, 8th April 2025","€35,551,522",17 39 40 41 47,05 08,5 + 2,0,"€35,551,522","€35,551,522"
08.04.2025,Tuesday,"Tuesday, 8th April 2025","€35,551,522",17 39 40 41 47,05 08,5 + 1,2,"€723,812.10","€1,447,624"
08.04.2025,Tuesday,"Tuesday, 8th April 2025","€35,551,522",17 39 40 41 47,05 08,5 + 0,4,"€204,098.10","€816,392"
08.04.2025,Tuesday,"Tuesday, 8th April 2025","€35,551,522",17 39 40 41 47,05 08,4 + 2,27,"€4,987.50","€134,663"
08.04.2025,Tuesday,"Tuesday, 8th April 2025","€35,551,522",17 39 40 41 47,05 08,4 + 1,496,€339.30,"€168,293"
08.04.2025,Tuesday,"Tuesday, 8th April 2025","€35,551,522",17 39 40 41 47,05 08,4 + 0,934,€144.10,"€134,589"
08.04.2025,Tuesday,"Tuesday, 8th April 2025","€35,551,522",17 39 40 41 47,05 08,3 + 2,"1,186",€156.10,"€185,135"
08.04.2025,Tuesday,"Tuesday, 8th April 2025","€35,551,522",17 39 40 41 47,05 08,2 + 2,"19,301",€22.70,"€438,133"
08.04.2025,Tuesday,"Tuesday, 8th April 2025","€35,551,522",17 39 40 41 47,05 08,3 + 1,"20,681",€22.70,"€469,459"
08.04.2025,Tuesday,"Tuesday, 8th April 2025","€35,551,522",17 39 40 41 47,05 08,3 + 0,"45,754",€19.80,"€905,929"
08.04.2025,Tuesday,"Tuesday, 8th April 2025","€35,551,522",17 39 40 41 47,05 08,1 + 2,"113,014",€10.70,"€1,209,250"
08.04.2025,Tuesday,"Tuesday, 8th April 2025","€35,551,522",17 39 40 41 47,05 08,2 + 1,"308,588",€10.70,"€3,301,892"
11.04.2025,Friday,"Friday, 11th April 2025","€45,874,012",02 26 27 28 49,01 10,5 + 2,0,"€45,874,012","€45,874,012"
11.04.2025,Friday,"Friday, 11th April 2025","€45,874,012",02 26 27 28 49,01 10,5 + 1,5,"€418,572.90","€2,092,865"
11.04.2025,Friday,"Friday, 11th April 2025","€45,874,012",02 26 27 28 49,01 10,5 + 0,5,"€236,055.60","€1,180,278"
11.04.2025,Friday,"Friday, 11th April 2025","€45,874,012",02 26 27 28 49,01 10,4 + 2,24,"€8,111.80","€194,683"
11.04.2025,Friday,"Friday, 11th April 2025","€45,874,012",02 26 27 28 49,01 10,4 + 1,657,€370.40,"€243,353"
11.04.2025,Friday,"Friday, 11th April 2025","€45,874,012",02 26 27 28 49,01 10,4 + 0,"1,452",€134.00,"€194,568"
11.04.2025,Friday,"Friday, 11th April 2025","€45,874,012",02 26 27 28 49,01 10,3 + 2,"1,484",€180.30,"€267,565"
11.04.2025,Friday,"Friday, 11th April 2025","€45,874,012",02 26 27 28 49,01 10,2 + 2,"23,108",€26.80,"€619,294"
11.04.2025,Friday,"Friday, 11th April 2025","€45,874,012",02 26 27 28 49,01 10,3 + 1,"29,896",€23.10,"€690,598"
11.04.2025,Friday,"Friday, 11th April 2025","€45,874,012",02 26 27 28 49,01 10,3 + 0,"72,777",€18.00,"€1,309,986"
11.04.2025,Friday,"Friday, 11th April 2025","€45,874,012",02 26 27 28 49,01 10,1 + 2,"123,217",€13.30,"€1,638,786"
11.04.2025,Friday,"Friday, 11th April 2025","€45,874,012",02 26 27 28 49,01 10,2 + 1,"455,092",€10.80,"€4,914,994"
15.04.2025,Tuesday,"Tuesday, 15th April 2025","€54,956,776",08 11 13 33 35,01 10,5 + 2,0,"€54,956,776","€54,956,776"
15.04.2025,Tuesday,"Tuesday, 15th April 2025","€54,956,776",08 11 13 33 35,01 10,5 + 1,3,"€545,855.10","€1,637,565"
15.04.2025,Tuesday,"Tuesday, 15th April 2025","€54,956,776",08 11 13 33 35,01 10,5 + 0,7,"€131,930.00","€923,510"
15.04.2025,Tuesday,"Tuesday, 15th April 2025","€54,956,776",08 11 13 33 35,01 10,4 + 2,32,"€4,760.30","€152,330"
15.04.2025,Tuesday,"Tuesday, 15th April 2025","€54,956,776",08 11 13 33 35,01 10,4 + 1,627,€303.60,"€190,357"
15.04.2025,Tuesday,"Tuesday, 15th April 2025","€54,956,776",08 11 13 33 35,01 10,4 + 0,"1,636",€93.10,"€152,312"
15.04.2025,Tuesday,"Tuesday, 15th April 2025","€54,956,776",08 11 13 33 35,01 10,3 + 2,"1,291",€162.20,"€209,400"
15.04.2025,Tuesday,"Tuesday, 15th April 2025","€54,956,776",08 11 13 33 35,01 10,2 + 2,"18,132",€26.70,"€484,124"
15.04.2025,Tuesday,"Tuesday, 15th April 2025","€54,956,776",08 11 13 33 35,01 10,3 + 1,"27,381",€19.80,"€542,144"
15.04.2025,Tuesday,"Tuesday, 15th April 2025","€54,956,776",08 11 13 33 35,01 10,3 + 0,"73,171",€14.00,"€1,024,394"
15.04.2025,Tuesday,"Tuesday, 15th April 2025","€54,956,776",08 11 13 33 35,01 10,1 + 2,"94,498",€13.60,"€1,285,173"
15.04.2025,Tuesday,"Tuesday, 15th April 2025","€54,956,776",08 11 13 33 35,01 10,2 + 1,"384,800",€10.00,"€3,848,000"
18.04.2025,Friday,"Friday, 18th April 2025","€65,993,089",07 08 12 29 44,03 12,5 + 2,0,"€65,993,089","€65,993,089"
18.04.2025,Friday,"Friday, 18th April 2025","€65,993,089",07 08 12 29 44,03 12,5 + 1,5,"€444,289.80","€2,221,449"
18.04.2025,Friday,"Friday, 18th April 2025","€65,993,089",07 08 12 29 44,03 12,5 + 0,11,"€113,890.30","€1,252,793"
18.04.2025,Friday,"Friday, 18th April 2025","€65,993,089",07 08 12 29 44,03 12,4 + 2,34,"€6,077.80","€206,645"
18.04.2025,Friday,"Friday, 18th April 2025","€65,993,089",07 08 12 29 44,03 12,4 + 1,"1,012",€255.20,"€258,262"
18.04.2025,Friday,"Friday, 18th April 2025","€65,993,089",07 08 12 29 44,03 12,4 + 0,"2,259",€91.40,"€206,473"
18.04.2025,Friday,"Friday, 18th April 2025","€65,993,089",07 08 12 29 44,03 12,3 + 2,"1,651",€172.10,"€284,137"
18.04.2025,Friday,"Friday, 18th April 2025","€65,993,089",07 08 12 29 44,03 12,2 + 2,"22,527",€29.20,"€657,788"
18.04.2025,Friday,"Friday, 18th April 2025","€65,993,089",07 08 12 29 44,03 12,3 + 1,"42,057",€17.50,"€735,998"
18.04.2025,Friday,"Friday, 18th April 2025","€65,993,089",07 08 12 29 44,03 12,3 + 0,"97,681",€14.90,"€1,455,447"
18.04.2025,Friday,"Friday, 18th April 2025","€65,993,089",07 08 12 29 44,03 12,1 + 2,"112,882",€14.90,"€1,681,942"
18.04.2025,Friday,"Friday, 18th April 2025","€65,993,089",07 08 12 29 44,03 12,2 + 1,"566,546",€9.20,"€5,212,223"
22.04.2025,Tuesday,"Tuesday, 22nd April 2025","€75,467,568",10 16 23 29 38,03 05,5 + 2,0,"€75,467,568","€75,467,568"
22.04.2025,Tuesday,"Tuesday, 22nd April 2025","€75,467,568",10 16 23 29 38,03 05,5 + 1,3,"€566,638.00","€1,699,914"
22.04.2025,Tuesday,"Tuesday, 22nd April 2025","€75,467,568",10 16 23 29 38,03 05,5 + 0,7,"€136,953.20","€958,672"
22.04.2025,Tuesday,"Tuesday, 22nd April 2025","€75,467,568",10 16 23 29 38,03 05,4 + 2,39,"€4,054.60","€158,129"
22.04.2025,Tuesday,"Tuesday, 22nd April 2025","€75,467,568",10 16 23 29 38,03 05,4 + 1,810,€244.00,"€197,640"
22.04.2025,Tuesday,"Tuesday, 22nd April 2025","€75,467,568",10 16 23 29 38,03 05,4 + 0,"1,494",€105.80,"€158,065"
22.04.2025,Tuesday,"Tuesday, 22nd April 2025","€75,467,568",10 16 23 29 38,03 05,3 + 2,"1,728",€125.80,"€217,382"
22.04.2025,Tuesday,"Tuesday, 22nd April 2025","€75,467,568",10 16 23 29 38,03 05,2 + 2,"24,841",€20.20,"€501,788"
22.04.2025,Tuesday,"Tuesday, 22nd April 2025","€75,467,568",10 16 23 29 38,03 05,3 + 1,"32,753",€17.10,"€560,076"
22.04.2025,Tuesday,"Tuesday, 22nd April 2025","€75,467,568",10 16 23 29 38,03 05,3 + 0,"64,551",€16.50,"€1,065,092"
22.04.2025,Tuesday,"Tuesday, 22nd April 2025","€75,467,568",10 16 23 29 38,03 05,1 + 2,"128,806",€10.30,"€1,326,702"
22.04.2025,Tuesday,"Tuesday, 22nd April 2025","€75,467,568",10 16 23 29 38,03 05,2 + 1,"446,102",€8.90,"€3,970,308"
25.04.2025,Friday,"Friday, 25th April 2025","€88,373,033",13 14 40 43 45,05 08,5 + 2,0,"€88,373,033","€88,373,033"
25.04.2025,Friday,"Friday, 25th April 2025","€88,373,033",13 14 40 43 45,05 08,5 + 1,5,"€528,838.30","€2,644,192"
25.04.2025,Friday,"Friday, 25th April 2025","€88,373,033",13 14 40 43 45,05 08,5 + 0,11,"€135,563.70","€1,491,201"
25.04.2025,Friday,"Friday, 25th April 2025","€88,373,033",13 14 40 43 45,05 08,4 + 2,40,"€6,149.20","€245,968"
25.04.2025,Friday,"Friday, 25th April 2025","€88,373,033",13 14 40 43 45,05 08,4 + 1,720,€427.00,"€307,440"
25.04.2025,Friday,"Friday, 25th April 2025","€88,373,033",13 14 40 43 45,05 08,4 + 0,"1,588",€154.80,"€245,822"
25.04.2025,Friday,"Friday, 25th April 2025","€88,373,033",13 14 40 43 45,05 08,3 + 2,"2,172",€155.70,"€338,180"
25.04.2025,Friday,"Friday, 25th April 2025","€88,373,033",13 14 40 43 45,05 08,2 + 2,"37,827",€22.40,"€847,325"
25.04.2025,Friday,"Friday, 25th April 2025","€88,373,033",13 14 40 43 45,05 08,3 + 1,"36,234",€22.40,"€811,642"
25.04.2025,Friday,"Friday, 25th April 2025","€88,373,033",13 14 40 43 45,05 08,3 + 0,"78,627",€21.10,"€1,659,030"
25.04.2025,Friday,"Friday, 25th April 2025","€88,373,033",13 14 40 43 45,05 08,1 + 2,"222,038",€10.20,"€2,264,788"
25.04.2025,Friday,"Friday, 25th April 2025","€88,373,033",13 14 40 43 45,05 08,2 + 1,"591,265",€10.20,"€6,030,903"
29.04.2025,Tuesday,"Tuesday, 29th April 2025","€101,070,236",17 21 27 30 34,08 11,5 + 2,0,"€101,070,236","€101,070,236"
29.04.2025,Tuesday,"Tuesday, 29th April 2025","€101,070,236",17 21 27 30 34,08 11,5 + 1,6,"€394,405.00","€2,366,430"
29.04.2025,Tuesday,"Tuesday, 29th April 2025","€101,070,236",17 21 27 30 34,08 11,5 + 0,5,"€266,911.30","€1,334,557"
29.04.2025,Tuesday,"Tuesday, 29th April 2025","€101,070,236",17 21 27 30 34,08 11,4 + 2,41,"€5,369.00","€220,129"
29.04.2025,Tuesday,"Tuesday, 29th April 2025","€101,070,236",17 21 27 30 34,08 11,4 + 1,870,€316.20,"€275,094"
29.04.2025,Tuesday,"Tuesday, 29th April 2025","€101,070,236",17 21 27 30 34,08 11,4 + 0,"2,114",€104.10,"€220,067"
29.04.2025,Tuesday,"Tuesday, 29th April 2025","€101,070,236",17 21 27 30 34,08 11,3 + 2,"1,838",€164.60,"€302,535"
29.04.2025,Tuesday,"Tuesday, 29th April 2025","€101,070,236",17 21 27 30 34,08 11,2 + 2,"25,246",€27.70,"€699,314"
29.04.2025,Tuesday,"Tuesday, 29th April 2025","€101,070,236",17 21 27 30 34,08 11,3 + 1,"39,713",€19.70,"€782,346"
29.04.2025,Tuesday,"Tuesday, 29th April 2025","€101,070,236",17 21 27 30 34,08 11,3 + 0,"95,129",€15.60,"€1,484,012"
29.04.2025,Tuesday,"Tuesday, 29th April 2025","€101,070,236",17 21 27 30 34,08 11,1 + 2,"126,398",€14.60,"€1,845,411"
29.04.2025,Tuesday,"Tuesday, 29th April 2025","€101,070,236",17 21 27 30 34,08 11,2 + 1,"567,738",€9.80,"€5,563,832"
02.05.2025,Friday,"Friday, 2nd May 2025","€117,791,601",03 15 22 33 35,01 07,5 + 2,0,"€117,791,601","€117,791,601"
02.05.2025,Friday,"Friday, 2nd May 2025","€117,791,601",03 15 22 33 35,01 07,5 + 1,9,"€377,031.60","€3,393,284"
02.05.2025,Friday,"Friday, 2nd May 2025","€117,791,601",03 15 22 33 35,01 07,5 + 0,11,"€173,968.60","€1,913,655"
02.05.2025,Friday,"Friday, 2nd May 2025","€117,791,601",03 15 22 33 35,01 07,4 + 2,59,"€5,350.00","€315,650"
02.05.2025,Friday,"Friday, 2nd May 2025","€117,791,601",03 15 22 33 35,01 07,4 + 1,"1,564",€252.20,"€394,441"
02.05.2025,Friday,"Friday, 2nd May 2025","€117,791,601",03 15 22 33 35,01 07,4 + 0,"3,522",€89.60,"€315,571"
02.05.2025,Friday,"Friday, 2nd May 2025","€117,791,601",03 15 22 33 35,01 07,3 + 2,"3,140",€138.20,"€433,948"
02.05.2025,Friday,"Friday, 2nd May 2025","€117,791,601",03 15 22 33 35,01 07,2 + 2,"42,628",€23.60,"€1,006,021"
02.05.2025,Friday,"Friday, 2nd May 2025","€117,791,601",03 15 22 33 35,01 07,3 + 1,"62,984",€17.80,"€1,121,115"
02.05.2025,Friday,"Friday, 2nd May 2025","€117,791,601",03 15 22 33 35,01 07,3 + 0,"142,536",€14.90,"€2,123,786"
02.05.2025,Friday,"Friday, 2nd May 2025","€117,791,601",03 15 22 33 35,01 07,1 + 2,"213,941",€12.40,"€2,652,868"
02.05.2025,Friday,"Friday, 2nd May 2025","€117,791,601",03 15 22 33 35,01 07,2 + 1,"845,039",€9.40,"€7,943,367"
06.05.2025,Tuesday,"Tuesday, 6th May 2025","€120,000,000",01 21 22 46 49,09 10,5 + 2,0,"€120,000,000","€120,000,000"
06.05.2025,Tuesday,"Tuesday, 6th May 2025","€120,000,000",01 21 22 46 49,09 10,5 + 1,3,"€6,061,762.90","€18,185,289"
06.05.2025,Tuesday,"Tuesday, 6th May 2025","€120,000,000",01 21 22 46 49,09 10,5 + 0,9,"€202,446.30","€1,822,017"
06.05.2025,Tuesday,"Tuesday, 6th May 2025","€120,000,000",01 21 22 46 49,09 10,4 + 2,43,"€6,989.20","€300,536"
06.05.2025,Tuesday,"Tuesday, 6th May 2025","€120,000,000",01 21 22 46 49,09 10,4 + 1,901,€416.90,"€375,627"
06.05.2025,Tuesday,"Tuesday, 6th May 2025","€120,000,000",01 21 22 46 49,09 10,4 + 0,"2,013",€149.20,"€300,340"
06.05.2025,Tuesday,"Tuesday, 6th May 2025","€120,000,000",01 21 22 46 49,09 10,3 + 2,"1,967",€210.00,"€413,070"
06.05.2025,Tuesday,"Tuesday, 6th May 2025","€120,000,000",01 21 22 46 49,09 10,2 + 2,"31,693",€30.20,"€957,129"
06.05.2025,Tuesday,"Tuesday, 6th May 2025","€120,000,000",01 21 22 46 49,09 10,3 + 1,"43,581",€24.50,"€1,067,735"
06.05.2025,Tuesday,"Tuesday, 6th May 2025","€120,000,000",01 21 22 46 49,09 10,3 + 0,"97,368",€20.80,"€2,025,254"
06.05.2025,Tuesday,"Tuesday, 6th May 2025","€120,000,000",01 21 22 46 49,09 10,1 + 2,"172,997",€14.60,"€2,525,756"
06.05.2025,Tuesday,"Tuesday, 6th May 2025","€120,000,000",01 21 22 46 49,09 10,2 + 1,"696,835",€10.90,"€7,595,502"
09.05.2025,Friday,"Friday, 9th May 2025",,01 05 27 36 43,05 09,5 + 2,1,€,€0
09.05.2025,Friday,"Friday, 9th May 2025",,01 05 27 36 43,05 09,5 + 1,5,"€4,846,236.80","€24,231,184"
09.05.2025,Friday,"Friday, 9th May 2025",,01 05 27 36 43,05 09,5 + 0,12,"€188,506.80","€2,262,082"
09.05.2025,Friday,"Friday, 9th May 2025",,01 05 27 36 43,05 09,4 + 2,75,"€4,975.00","€373,125"
09.05.2025,Friday,"Friday, 9th May 2025",,01 05 27 36 43,05 09,4 + 1,"1,428",€326.60,"€466,385"
09.05.2025,Friday,"Friday, 9th May 2025",,01 05 27 36 43,05 09,4 + 0,"2,751",€135.60,"€373,036"
09.05.2025,Friday,"Friday, 9th May 2025",,01 05 27 36 43,05 09,3 + 2,"3,701",€138.60,"€512,959"
09.05.2025,Friday,"Friday, 9th May 2025",,01 05 27 36 43,05 09,2 + 2,"56,812",€20.90,"€1,187,371"
09.05.2025,Friday,"Friday, 9th May 2025",,01 05 27 36 43,05 09,3 + 1,"64,347",€20.60,"€1,325,548"
09.05.2025,Friday,"Friday, 9th May 2025",,01 05 27 36 43,05 09,3 + 0,"135,675",€18.50,"€2,509,988"
09.05.2025,Friday,"Friday, 9th May 2025",,01 05 27 36 43,05 09,1 + 2,"304,516",€10.30,"€3,136,515"
09.05.2025,Friday,"Friday, 9th May 2025",,01 05 27 36 43,05 09,2 + 1,"970,308",€9.70,"€9,411,988"
13.05.2025,Tuesday,"Tuesday, 13th May 2025","€10,092,258",14 16 19 33 34,05 12,5 + 2,0,"€10,092,258","€10,092,258"
13.05.2025,Tuesday,"Tuesday, 13th May 2025","€10,092,258",14 16 19 33 34,05 12,5 + 1,0,€0.00,€0
13.05.2025,Tuesday,"Tuesday, 13th May 2025","€10,092,258",14 16 19 33 34,05 12,5 + 0,5,"€156,606.60","€783,033"
13.05.2025,Tuesday,"Tuesday, 13th May 2025","€10,092,258",14 16 19 33 34,05 12,4 + 2,32,"€4,036.20","€129,158"
13.05.2025,Tuesday,"Tuesday, 13th May 2025","€10,092,258",14 16 19 33 34,05 12,4 + 1,528,€305.70,"€161,410"
13.05.2025,Tuesday,"Tuesday, 13th May 2025","€10,092,258",14 16 19 33 34,05 12,4 + 0,"1,093",€118.10,"€129,083"
13.05.2025,Tuesday,"Tuesday, 13th May 2025","€10,092,258",14 16 19 33 34,05 12,3 + 2,907,€195.80,"€177,591"
13.05.2025,Tuesday,"Tuesday, 13th May 2025","€10,092,258",14 16 19 33 34,05 12,2 + 2,"13,520",€30.40,"€411,008"
13.05.2025,Tuesday,"Tuesday, 13th May 2025","€10,092,258",14 16 19 33 34,05 12,3 + 1,"22,134",€20.70,"€458,174"
13.05.2025,Tuesday,"Tuesday, 13th May 2025","€10,092,258",14 16 19 33 34,05 12,3 + 0,"53,081",€16.40,"€870,528"
13.05.2025,Tuesday,"Tuesday, 13th May 2025","€10,092,258",14 16 19 33 34,05 12,1 + 2,"70,009",€15.50,"€1,085,140"
13.05.2025,Tuesday,"Tuesday, 13th May 2025","€10,092,258",14 16 19 33 34,05 12,2 + 1,"327,976",€9.90,"€3,246,962"
16.05.2025,Friday,"Friday, 16th May 2025","€19,422,115",06 08 15 27 39,06 12,5 + 2,0,"€19,422,115","€19,422,115"
16.05.2025,Friday,"Friday, 16th May 2025","€19,422,115",06 08 15 27 39,06 12,5 + 1,1,"€3,260,788.40","€3,260,788"
16.05.2025,Friday,"Friday, 16th May 2025","€19,422,115",06 08 15 27 39,06 12,5 + 0,14,"€75,421.40","€1,055,900"
16.05.2025,Friday,"Friday, 16th May 2025","€19,422,115",06 08 15 27 39,06 12,4 + 2,25,"€6,966.70","€174,168"
16.05.2025,Friday,"Friday, 16th May 2025","€19,422,115",06 08 15 27 39,06 12,4 + 1,762,€285.70,"€217,703"
16.05.2025,Friday,"Friday, 16th May 2025","€19,422,115",06 08 15 27 39,06 12,4 + 0,"2,033",€85.60,"€174,025"
16.05.2025,Friday,"Friday, 16th May 2025","€19,422,115",06 08 15 27 39,06 12,3 + 2,"1,332",€179.70,"€239,360"
16.05.2025,Friday,"Friday, 16th May 2025","€19,422,115",06 08 15 27 39,06 12,2 + 2,"18,201",€30.50,"€555,131"
16.05.2025,Friday,"Friday, 16th May 2025","€19,422,115",06 08 15 27 39,06 12,3 + 1,"31,409",€19.70,"€618,757"
16.05.2025,Friday,"Friday, 16th May 2025","€19,422,115",06 08 15 27 39,06 12,3 + 0,"81,461",€15.20,"€1,238,207"
16.05.2025,Friday,"Friday, 16th May 2025","€19,422,115",06 08 15 27 39,06 12,1 + 2,"91,860",€15.20,"€1,396,272"
16.05.2025,Friday,"Friday, 16th May 2025","€19,422,115",06 08 15 27 39,06 12,2 + 1,"424,020",€10.40,"€4,409,808"
20.05.2025,Tuesday,"Tuesday, 20th May 2025","€27,384,859",08 19 20 21 28,07 10,5 + 2,0,"€27,384,859","€27,384,859"
20.05.2025,Tuesday,"Tuesday, 20th May 2025","€27,384,859",08 19 20 21 28,07 10,5 + 1,2,"€714,381.10","€1,428,762"
20.05.2025,Tuesday,"Tuesday, 20th May 2025","€27,384,859",08 19 20 21 28,07 10,5 + 0,7,"€115,107.90","€805,755"
20.05.2025,Tuesday,"Tuesday, 20th May 2025","€27,384,859",08 19 20 21 28,07 10,4 + 2,26,"€5,111.80","€132,907"
20.05.2025,Tuesday,"Tuesday, 20th May 2025","€27,384,859",08 19 20 21 28,07 10,4 + 1,568,€292.40,"€166,083"
20.05.2025,Tuesday,"Tuesday, 20th May 2025","€27,384,859",08 19 20 21 28,07 10,4 + 0,"1,315",€101.00,"€132,815"
20.05.2025,Tuesday,"Tuesday, 20th May 2025","€27,384,859",08 19 20 21 28,07 10,3 + 2,"1,179",€155.00,"€182,745"
20.05.2025,Tuesday,"Tuesday, 20th May 2025","€27,384,859",08 19 20 21 28,07 10,2 + 2,"16,973",€24.90,"€422,628"
20.05.2025,Tuesday,"Tuesday, 20th May 2025","€27,384,859",08 19 20 21 28,07 10,3 + 1,"27,043",€17.50,"€473,253"
20.05.2025,Tuesday,"Tuesday, 20th May 2025","€27,384,859",08 19 20 21 28,07 10,3 + 0,"59,637",€15.00,"€894,555"
20.05.2025,Tuesday,"Tuesday, 20th May 2025","€27,384,859",08 19 20 21 28,07 10,1 + 2,"86,828",€12.90,"€1,120,081"
20.05.2025,Tuesday,"Tuesday, 20th May 2025","€27,384,859",08 19 20 21 28,07 10,2 + 1,"374,286",€9.00,"€3,368,574"
23.05.2025,Friday,"Friday, 23rd May 2025",,11 17 19 33 40,07 12,5 + 2,1,€,€0
23.05.2025,Friday,"Friday, 23rd May 2025",,11 17 19 33 40,07 12,5 + 1,1,"€2,019,834.50","€2,019,835"
23.05.2025,Friday,"Friday, 23rd May 2025",,11 17 19 33 40,07 12,5 + 0,7,"€162,727.50","€1,139,093"
23.05.2025,Friday,"Friday, 23rd May 2025",,11 17 19 33 40,07 12,4 + 2,23,"€8,169.10","€187,889"
23.05.2025,Friday,"Friday, 23rd May 2025",,11 17 19 33 40,07 12,4 + 1,938,€250.30,"€234,781"
23.05.2025,Friday,"Friday, 23rd May 2025",,11 17 19 33 40,07 12,4 + 0,"1,922",€97.70,"€187,779"
23.05.2025,Friday,"Friday, 23rd May 2025",,11 17 19 33 40,07 12,3 + 2,"1,315",€196.40,"€258,266"
23.05.2025,Friday,"Friday, 23rd May 2025",,11 17 19 33 40,07 12,2 + 2,"18,535",€32.30,"€598,681"
23.05.2025,Friday,"Friday, 23rd May 2025",,11 17 19 33 40,07 12,3 + 1,"35,088",€19.00,"€666,672"
23.05.2025,Friday,"Friday, 23rd May 2025",,11 17 19 33 40,07 12,3 + 0,"86,444",€15.60,"€1,348,526"
23.05.2025,Friday,"Friday, 23rd May 2025",,11 17 19 33 40,07 12,1 + 2,"95,702",€15.60,"€1,492,951"
23.05.2025,Friday,"Friday, 23rd May 2025",,11 17 19 33 40,07 12,2 + 1,"482,757",€9.80,"€4,731,019"
27.05.2025,Tuesday,"Tuesday, 27th May 2025","€10,000,000",06 09 17 25 41,04 10,5 + 2,0,"€10,000,000","€10,000,000"
27.05.2025,Tuesday,"Tuesday, 27th May 2025","€10,000,000",06 09 17 25 41,04 10,5 + 1,2,"€629,821.00","€1,259,642"
27.05.2025,Tuesday,"Tuesday, 27th May 2025","€10,000,000",06 09 17 25 41,04 10,5 + 0,7,"€101,482.70","€710,379"
27.05.2025,Tuesday,"Tuesday, 27th May 2025","€10,000,000",06 09 17 25 41,04 10,4 + 2,38,"€3,083.50","€117,173"
27.05.2025,Tuesday,"Tuesday, 27th May 2025","€10,000,000",06 09 17 25 41,04 10,4 + 1,618,€237.00,"€146,466"
27.05.2025,Tuesday,"Tuesday, 27th May 2025","€10,000,000",06 09 17 25 41,04 10,4 + 0,"1,438",€81.40,"€117,053"
27.05.2025,Tuesday,"Tuesday, 27th May 2025","€10,000,000",06 09 17 25 41,04 10,3 + 2,"1,093",€147.40,"€161,108"
27.05.2025,Tuesday,"Tuesday, 27th May 2025","€10,000,000",06 09 17 25 41,04 10,2 + 2,"15,433",€24.20,"€373,479"
27.05.2025,Tuesday,"Tuesday, 27th May 2025","€10,000,000",06 09 17 25 41,04 10,3 + 1,"22,456",€18.50,"€415,436"
27.05.2025,Tuesday,"Tuesday, 27th May 2025","€10,000,000",06 09 17 25 41,04 10,3 + 0,"52,549",€15.00,"€788,235"
27.05.2025,Tuesday,"Tuesday, 27th May 2025","€10,000,000",06 09 17 25 41,04 10,1 + 2,"79,495",€12.40,"€985,738"
27.05.2025,Tuesday,"Tuesday, 27th May 2025","€10,000,000",06 09 17 25 41,04 10,2 + 1,"310,065",€9.50,"€2,945,618"
30.05.2025,Friday,"Friday, 30th May 2025",,04 05 26 29 43,05 09,5 + 2,1,€,€0
30.05.2025,Friday,"Friday, 30th May 2025",,04 05 26 29 43,05 09,5 + 1,5,"€473,269.20","€2,366,346"
30.05.2025,Friday,"Friday, 30th May 2025",,04 05 26 29 43,05 09,5 + 0,1,"€473,269.20","€473,269"
30.05.2025,Friday,"Friday, 30th May 2025",,04 05 26 29 43,05 09,4 + 2,45,"€3,753.30","€168,899"
30.05.2025,Friday,"Friday, 30th May 2025",,04 05 26 29 43,05 09,4 + 1,697,€302.90,"€211,121"
30.05.2025,Friday,"Friday, 30th May 2025",,04 05 26 29 43,05 09,4 + 0,"1,339",€123.80,"€165,768"
30.05.2025,Friday,"Friday, 30th May 2025",,04 05 26 29 43,05 09,3 + 2,"1,899",€123.80,"€235,096"
30.05.2025,Friday,"Friday, 30th May 2025",,04 05 26 29 43,05 09,2 + 2,"28,588",€18.90,"€540,313"
30.05.2025,Friday,"Friday, 30th May 2025",,04 05 26 29 43,05 09,3 + 1,"31,652",€18.90,"€598,223"
30.05.2025,Friday,"Friday, 30th May 2025",,04 05 26 29 43,05 09,3 + 0,"63,859",€17.80,"€1,136,690"
30.05.2025,Friday,"Friday, 30th May 2025",,04 05 26 29 43,05 09,1 + 2,"144,552",€9.80,"€1,416,610"
30.05.2025,Friday,"Friday, 30th May 2025",,04 05 26 29 43,05 09,2 + 1,"459,977",€9.30,"€4,277,786"
03.06.2025,Tuesday,"Tuesday, 3rd June 2025","€10,000,000",06 08 19 26 30,01 12,5 + 2,0,"€10,000,000","€10,000,000"
03.06.2025,Tuesday,"Tuesday, 3rd June 2025","€10,000,000",06 08 19 26 30,01 12,5 + 1,6,"€205,368.90","€1,232,213"
03.06.2025,Tuesday,"Tuesday, 3rd June 2025","€10,000,000",06 08 19 26 30,01 12,5 + 0,6,"€115,818.50","€694,911"
03.06.2025,Tuesday,"Tuesday, 3rd June 2025","€10,000,000",06 08 19 26 30,01 12,4 + 2,22,"€5,210.20","€114,624"
03.06.2025,Tuesday,"Tuesday, 3rd June 2025","€10,000,000",06 08 19 26 30,01 12,4 + 1,544,€263.30,"€143,235"
03.06.2025,Tuesday,"Tuesday, 3rd June 2025","€10,000,000",06 08 19 26 30,01 12,4 + 0,"1,634",€70.10,"€114,543"
03.06.2025,Tuesday,"Tuesday, 3rd June 2025","€10,000,000",06 08 19 26 30,01 12,3 + 2,919,€171.50,"€157,609"
03.06.2025,Tuesday,"Tuesday, 3rd June 2025","€10,000,000",06 08 19 26 30,01 12,2 + 2,"12,616",€28.90,"€364,602"
03.06.2025,Tuesday,"Tuesday, 3rd June 2025","€10,000,000",06 08 19 26 30,01 12,3 + 1,"20,662",€19.70,"€407,041"
03.06.2025,Tuesday,"Tuesday, 3rd June 2025","€10,000,000",06 08 19 26 30,01 12,3 + 0,"60,563",€14.10,"€853,938"
03.06.2025,Tuesday,"Tuesday, 3rd June 2025","€10,000,000",06 08 19 26 30,01 12,1 + 2,"62,635",€14.10,"€883,154"
03.06.2025,Tuesday,"Tuesday, 3rd June 2025","€10,000,000",06 08 19 26 30,01 12,2 + 1,"270,381",€10.70,"€2,893,077"
06.06.2025,Friday,"Friday, 6th June 2025","€17,631,860",07 08 11 23 39,05 11,5 + 2,0,"€17,631,860","€17,631,860"
06.06.2025,Friday,"Friday, 6th June 2025","€17,631,860",07 08 11 23 39,05 11,5 + 1,1,"€1,823,166.60","€1,823,167"
06.06.2025,Friday,"Friday, 6th June 2025","€17,631,860",07 08 11 23 39,05 11,5 + 0,9,"€114,242.30","€1,028,181"
06.06.2025,Friday,"Friday, 6th June 2025","€17,631,860",07 08 11 23 39,05 11,4 + 2,32,"€5,299.90","€169,597"
06.06.2025,Friday,"Friday, 6th June 2025","€17,631,860",07 08 11 23 39,05 11,4 + 1,886,€239.20,"€211,931"
06.06.2025,Friday,"Friday, 6th June 2025","€17,631,860",07 08 11 23 39,05 11,4 + 0,"2,122",€79.90,"€169,548"
06.06.2025,Friday,"Friday, 6th June 2025","€17,631,860",07 08 11 23 39,05 11,3 + 2,"1,497",€155.70,"€233,083"
06.06.2025,Friday,"Friday, 6th June 2025","€17,631,860",07 08 11 23 39,05 11,2 + 2,"19,475",€27.70,"€539,458"
06.06.2025,Friday,"Friday, 6th June 2025","€17,631,860",07 08 11 23 39,05 11,3 + 1,"37,003",€16.30,"€603,149"
06.06.2025,Friday,"Friday, 6th June 2025","€17,631,860",07 08 11 23 39,05 11,3 + 0,"90,058",€13.90,"€1,251,806"
06.06.2025,Friday,"Friday, 6th June 2025","€17,631,860",07 08 11 23 39,05 11,1 + 2,"94,898",€13.90,"€1,319,082"
06.06.2025,Friday,"Friday, 6th June 2025","€17,631,860",07 08 11 23 39,05 11,2 + 1,"476,179",€9.00,"€4,285,611"
10.06.2025,Tuesday,"Tuesday, 10th June 2025","€23,052,026",01 17 20 28 42,02 12,5 + 2,0,"€23,052,026","€23,052,026"
10.06.2025,Tuesday,"Tuesday, 10th June 2025","€23,052,026",01 17 20 28 42,02 12,5 + 1,5,"€258,963.40","€1,294,817"
10.06.2025,Tuesday,"Tuesday, 10th June 2025","€23,052,026",01 17 20 28 42,02 12,5 + 0,9,"€81,135.20","€730,217"
10.06.2025,Tuesday,"Tuesday, 10th June 2025","€23,052,026",01 17 20 28 42,02 12,4 + 2,21,"€5,735.60","€120,448"
10.06.2025,Tuesday,"Tuesday, 10th June 2025","€23,052,026",01 17 20 28 42,02 12,4 + 1,482,€312.30,"€150,529"
10.06.2025,Tuesday,"Tuesday, 10th June 2025","€23,052,026",01 17 20 28 42,02 12,4 + 0,"1,189",€101.30,"€120,446"
10.06.2025,Tuesday,"Tuesday, 10th June 2025","€23,052,026",01 17 20 28 42,02 12,3 + 2,850,€194.80,"€165,580"
10.06.2025,Tuesday,"Tuesday, 10th June 2025","€23,052,026",01 17 20 28 42,02 12,2 + 2,"12,289",€31.20,"€383,417"
10.06.2025,Tuesday,"Tuesday, 10th June 2025","€23,052,026",01 17 20 28 42,02 12,3 + 1,"19,605",€21.80,"€427,389"
10.06.2025,Tuesday,"Tuesday, 10th June 2025","€23,052,026",01 17 20 28 42,02 12,3 + 0,"48,438",€16.70,"€808,915"
10.06.2025,Tuesday,"Tuesday, 10th June 2025","€23,052,026",01 17 20 28 42,02 12,1 + 2,"65,126",€15.60,"€1,015,966"
10.06.2025,Tuesday,"Tuesday, 10th June 2025","€23,052,026",01 17 20 28 42,02 12,2 + 1,"281,848",€10.80,"€3,043,958"
13.06.2025,Friday,"Friday, 13th June 2025","€32,253,615",01 15 18 27 46,05 09,5 + 2,0,"€32,253,615","€32,253,615"
13.06.2025,Friday,"Friday, 13th June 2025","€32,253,615",01 15 18 27 46,05 09,5 + 1,6,"€346,820.90","€2,080,925"
13.06.2025,Friday,"Friday, 13th June 2025","€32,253,615",01 15 18 27 46,05 09,5 + 0,4,"€293,386.20","€1,173,545"
13.06.2025,Friday,"Friday, 13th June 2025","€32,253,615",01 15 18 27 46,05 09,4 + 2,44,"€4,399.40","€193,574"
13.06.2025,Friday,"Friday, 13th June 2025","€32,253,615",01 15 18 27 46,05 09,4 + 1,763,€317.10,"€241,947"
13.06.2025,Friday,"Friday, 13th June 2025","€32,253,615",01 15 18 27 46,05 09,4 + 0,"1,517",€127.60,"€193,569"
13.06.2025,Friday,"Friday, 13th June 2025","€32,253,615",01 15 18 27 46,05 09,3 + 2,"2,017",€131.90,"€266,042"
13.06.2025,Friday,"Friday, 13th June 2025","€32,253,615",01 15 18 27 46,05 09,2 + 2,"31,168",€19.90,"€620,243"
13.06.2025,Friday,"Friday, 13th June 2025","€32,253,615",01 15 18 27 46,05 09,3 + 1,"34,206",€19.90,"€680,699"
13.06.2025,Friday,"Friday, 13th June 2025","€32,253,615",01 15 18 27 46,05 09,3 + 0,"72,386",€18.00,"€1,302,948"
13.06.2025,Friday,"Friday, 13th June 2025","€32,253,615",01 15 18 27 46,05 09,1 + 2,"159,819",€10.20,"€1,630,154"
13.06.2025,Friday,"Friday, 13th June 2025","€32,253,615",01 15 18 27 46,05 09,2 + 1,"502,288",€9.70,"€4,872,194"
17.06.2025,Tuesday,"Tuesday, 17th June 2025",,10 13 15 33 35,07 12,5 + 2,1,€,€0
17.06.2025,Tuesday,"Tuesday, 17th June 2025",,10 13 15 33 35,07 12,5 + 1,6,"€245,810.90","€1,474,865"
17.06.2025,Tuesday,"Tuesday, 17th June 2025",,10 13 15 33 35,07 12,5 + 0,14,"€59,411.10","€831,755"
17.06.2025,Tuesday,"Tuesday, 17th June 2025",,10 13 15 33 35,07 12,4 + 2,20,"€6,859.80","€137,196"
17.06.2025,Tuesday,"Tuesday, 17th June 2025",,10 13 15 33 35,07 12,4 + 1,574,€298.70,"€171,454"
17.06.2025,Tuesday,"Tuesday, 17th June 2025",,10 13 15 33 35,07 12,4 + 0,"1,323",€103.70,"€137,195"
17.06.2025,Tuesday,"Tuesday, 17th June 2025",,10 13 15 33 35,07 12,3 + 2,"1,037",€181.90,"€188,630"
17.06.2025,Tuesday,"Tuesday, 17th June 2025",,10 13 15 33 35,07 12,2 + 2,"14,787",€29.50,"€436,217"
17.06.2025,Tuesday,"Tuesday, 17th June 2025",,10 13 15 33 35,07 12,3 + 1,"25,016",€19.50,"€487,812"
17.06.2025,Tuesday,"Tuesday, 17th June 2025",,10 13 15 33 35,07 12,3 + 0,"58,702",€15.70,"€921,621"
17.06.2025,Tuesday,"Tuesday, 17th June 2025",,10 13 15 33 35,07 12,1 + 2,"76,468",€15.10,"€1,154,667"
17.06.2025,Tuesday,"Tuesday, 17th June 2025",,10 13 15 33 35,07 12,2 + 1,"354,801",€9.80,"€3,477,050"
20.06.2025,Friday,"Friday, 20th June 2025","€10,000,000",06 12 18 37 46,07 09,5 + 2,0,"€10,000,000","€10,000,000"
20.06.2025,Friday,"Friday, 20th June 2025","€10,000,000",06 12 18 37 46,07 09,5 + 1,3,"€555,189.00","€1,665,567"
20.06.2025,Friday,"Friday, 20th June 2025","€10,000,000",06 12 18 37 46,07 09,5 + 0,8,"€117,412.80","€939,302"
20.06.2025,Friday,"Friday, 20th June 2025","€10,000,000",06 12 18 37 46,07 09,4 + 2,34,"€4,556.90","€154,935"
20.06.2025,Friday,"Friday, 20th June 2025","€10,000,000",06 12 18 37 46,07 09,4 + 1,753,€257.10,"€193,596"
20.06.2025,Friday,"Friday, 20th June 2025","€10,000,000",06 12 18 37 46,07 09,4 + 0,"1,460",€106.10,"€154,906"
20.06.2025,Friday,"Friday, 20th June 2025","€10,000,000",06 12 18 37 46,07 09,3 + 2,"1,476",€144.30,"€212,987"
20.06.2025,Friday,"Friday, 20th June 2025","€10,000,000",06 12 18 37 46,07 09,2 + 2,"20,655",€23.90,"€493,655"
20.06.2025,Friday,"Friday, 20th June 2025","€10,000,000",06 12 18 37 46,07 09,3 + 1,"30,916",€17.80,"€550,305"
20.06.2025,Friday,"Friday, 20th June 2025","€10,000,000",06 12 18 37 46,07 09,3 + 0,"62,733",€16.60,"€1,041,368"
20.06.2025,Friday,"Friday, 20th June 2025","€10,000,000",06 12 18 37 46,07 09,1 + 2,"110,662",€11.80,"€1,305,812"
20.06.2025,Friday,"Friday, 20th June 2025","€10,000,000",06 12 18 37 46,07 09,2 + 1,"431,603",€9.10,"€3,927,587"
24.06.2025,Tuesday,"Tuesday, 24th June 2025","€15,524,781",20 31 35 40 44,03 04,5 + 2,0,"€15,524,781","€15,524,781"
24.06.2025,Tuesday,"Tuesday, 24th June 2025","€15,524,781",20 31 35 40 44,03 04,5 + 1,2,"€652,630.80","€1,305,262"
24.06.2025,Tuesday,"Tuesday, 24th June 2025","€15,524,781",20 31 35 40 44,03 04,5 + 0,1,"€652,630.80","€652,631"
24.06.2025,Tuesday,"Tuesday, 24th June 2025","€15,524,781",20 31 35 40 44,03 04,4 + 2,12,"€9,704.50","€116,454"
24.06.2025,Tuesday,"Tuesday, 24th June 2025","€15,524,781",20 31 35 40 44,03 04,4 + 1,352,€413.50,"€145,552"
24.06.2025,Tuesday,"Tuesday, 24th June 2025","€15,524,781",20 31 35 40 44,03 04,4 + 0,808,€144.10,"€116,433"
24.06.2025,Tuesday,"Tuesday, 24th June 2025","€15,524,781",20 31 35 40 44,03 04,3 + 2,839,€190.80,"€160,081"
24.06.2025,Tuesday,"Tuesday, 24th June 2025","€15,524,781",20 31 35 40 44,03 04,2 + 2,"12,712",€29.20,"€371,190"
24.06.2025,Tuesday,"Tuesday, 24th June 2025","€15,524,781",20 31 35 40 44,03 04,3 + 1,"17,705",€23.40,"€414,297"
24.06.2025,Tuesday,"Tuesday, 24th June 2025","€15,524,781",20 31 35 40 44,03 04,3 + 0,"36,725",€21.40,"€785,915"
24.06.2025,Tuesday,"Tuesday, 24th June 2025","€15,524,781",20 31 35 40 44,03 04,1 + 2,"73,007",€13.40,"€978,294"
24.06.2025,Tuesday,"Tuesday, 24th June 2025","€15,524,781",20 31 35 40 44,03 04,2 + 1,"281,743",€10.40,"€2,930,127"
27.06.2025,Friday,"Friday, 27th June 2025","€24,609,936",04 14 26 29 50,03 12,5 + 2,0,"€24,609,936","€24,609,936"
27.06.2025,Friday,"Friday, 27th June 2025","€24,609,936",04 14 26 29 50,03 12,5 + 1,3,"€616,733.40","€1,850,200"
27.06.2025,Friday,"Friday, 27th June 2025","€24,609,936",04 14 26 29 50,03 12,5 + 0,5,"€208,685.30","€1,043,427"
27.06.2025,Friday,"Friday, 27th June 2025","€24,609,936",04 14 26 29 50,03 12,4 + 2,29,"€5,934.80","€172,109"
27.06.2025,Friday,"Friday, 27th June 2025","€24,609,936",04 14 26 29 50,03 12,4 + 1,615,€349.80,"€215,127"
27.06.2025,Friday,"Friday, 27th June 2025","€24,609,936",04 14 26 29 50,03 12,4 + 0,"1,617",€106.40,"€172,049"
27.06.2025,Friday,"Friday, 27th June 2025","€24,609,936",04 14 26 29 50,03 12,3 + 2,"1,224",€193.30,"€236,599"
27.06.2025,Friday,"Friday, 27th June 2025","€24,609,936",04 14 26 29 50,03 12,2 + 2,"16,539",€33.10,"€547,441"
27.06.2025,Friday,"Friday, 27th June 2025","€24,609,936",04 14 26 29 50,03 12,3 + 1,"28,217",€21.70,"€612,309"
27.06.2025,Friday,"Friday, 27th June 2025","€24,609,936",04 14 26 29 50,03 12,3 + 0,"68,665",€16.90,"€1,160,439"
27.06.2025,Friday,"Friday, 27th June 2025","€24,609,936",04 14 26 29 50,03 12,1 + 2,"87,313",€16.60,"€1,449,396"
27.06.2025,Friday,"Friday, 27th June 2025","€24,609,936",04 14 26 29 50,03 12,2 + 1,"406,310",€10.70,"€4,347,517"
01.07.2025,Tuesday,"Tuesday, 1st July 2025","€32,586,930",01 09 10 12 14,06 08,5 + 2,0,"€32,586,930","€32,586,930"
01.07.2025,Tuesday,"Tuesday, 1st July 2025","€32,586,930",01 09 10 12 14,06 08,5 + 1,1,"€1,436,838.60","€1,436,839"
01.07.2025,Tuesday,"Tuesday, 1st July 2025","€32,586,930",01 09 10 12 14,06 08,5 + 0,5,"€162,062.00","€810,310"
01.07.2025,Tuesday,"Tuesday, 1st July 2025","€32,586,930",01 09 10 12 14,06 08,4 + 2,36,"€3,712.70","€133,657"
01.07.2025,Tuesday,"Tuesday, 1st July 2025","€32,586,930",01 09 10 12 14,06 08,4 + 1,683,€244.60,"€167,062"
01.07.2025,Tuesday,"Tuesday, 1st July 2025","€32,586,930",01 09 10 12 14,06 08,4 + 0,"1,711",€78.10,"€133,629"
01.07.2025,Tuesday,"Tuesday, 1st July 2025","€32,586,930",01 09 10 12 14,06 08,3 + 2,"1,448",€126.90,"€183,751"
01.07.2025,Tuesday,"Tuesday, 1st July 2025","€32,586,930",01 09 10 12 14,06 08,2 + 2,"19,745",€21.50,"€424,518"
01.07.2025,Tuesday,"Tuesday, 1st July 2025","€32,586,930",01 09 10 12 14,06 08,3 + 1,"27,182",€17.50,"€475,685"
01.07.2025,Tuesday,"Tuesday, 1st July 2025","€32,586,930",01 09 10 12 14,06 08,3 + 0,"62,315",€14.40,"€897,336"
01.07.2025,Tuesday,"Tuesday, 1st July 2025","€32,586,930",01 09 10 12 14,06 08,1 + 2,"103,465",€10.80,"€1,117,422"
01.07.2025,Tuesday,"Tuesday, 1st July 2025","€32,586,930",01 09 10 12 14,06 08,2 + 1,"370,655",€9.10,"€3,372,961"
04.07.2025,Friday,"Friday, 4th July 2025","€42,717,301",14 23 34 41 44,05 10,5 + 2,0,"€42,717,301","€42,717,301"
04.07.2025,Friday,"Friday, 4th July 2025","€42,717,301",14 23 34 41 44,05 10,5 + 1,4,"€513,060.80","€2,052,243"
04.07.2025,Friday,"Friday, 4th July 2025","€42,717,301",14 23 34 41 44,05 10,5 + 0,8,"€144,671.20","€1,157,370"
04.07.2025,Friday,"Friday, 4th July 2025","€42,717,301",14 23 34 41 44,05 10,4 + 2,41,"€4,656.20","€190,904"
04.07.2025,Friday,"Friday, 4th July 2025","€42,717,301",14 23 34 41 44,05 10,4 + 1,811,€294.20,"€238,596"
04.07.2025,Friday,"Friday, 4th July 2025","€42,717,301",14 23 34 41 44,05 10,4 + 0,"1,752",€108.90,"€190,793"
04.07.2025,Friday,"Friday, 4th July 2025","€42,717,301",14 23 34 41 44,05 10,3 + 2,"1,890",€138.80,"€262,332"
04.07.2025,Friday,"Friday, 4th July 2025","€42,717,301",14 23 34 41 44,05 10,2 + 2,"25,823",€23.50,"€606,841"
04.07.2025,Friday,"Friday, 4th July 2025","€42,717,301",14 23 34 41 44,05 10,3 + 1,"34,749",€19.50,"€677,606"
04.07.2025,Friday,"Friday, 4th July 2025","€42,717,301",14 23 34 41 44,05 10,3 + 0,"76,374",€16.80,"€1,283,083"
04.07.2025,Friday,"Friday, 4th July 2025","€42,717,301",14 23 34 41 44,05 10,1 + 2,"136,031",€11.80,"€1,605,166"
04.07.2025,Friday,"Friday, 4th July 2025","€42,717,301",14 23 34 41 44,05 10,2 + 1,"474,552",€10.20,"€4,840,430"
08.07.2025,Tuesday,"Tuesday, 8th July 2025","€51,633,230",21 27 29 34 43,06 10,5 + 2,0,"€51,633,230","€51,633,230"
08.07.2025,Tuesday,"Tuesday, 8th July 2025","€51,633,230",21 27 29 34 43,06 10,5 + 1,0,€0.00,€0
08.07.2025,Tuesday,"Tuesday, 8th July 2025","€51,633,230",21 27 29 34 43,06 10,5 + 0,5,"€181,842.20","€909,211"
08.07.2025,Tuesday,"Tuesday, 8th July 2025","€51,633,230",21 27 29 34 43,06 10,4 + 2,31,"€4,837.80","€149,972"
08.07.2025,Tuesday,"Tuesday, 8th July 2025","€51,633,230",21 27 29 34 43,06 10,4 + 1,567,€330.60,"€187,450"
08.07.2025,Tuesday,"Tuesday, 8th July 2025","€51,633,230",21 27 29 34 43,06 10,4 + 0,"1,268",€118.20,"€149,878"
08.07.2025,Tuesday,"Tuesday, 8th July 2025","€51,633,230",21 27 29 34 43,06 10,3 + 2,"1,189",€173.40,"€206,173"
08.07.2025,Tuesday,"Tuesday, 8th July 2025","€51,633,230",21 27 29 34 43,06 10,2 + 2,"17,755",€26.90,"€477,610"
08.07.2025,Tuesday,"Tuesday, 8th July 2025","€51,633,230",21 27 29 34 43,06 10,3 + 1,"25,533",€20.90,"€533,640"
08.07.2025,Tuesday,"Tuesday, 8th July 2025","€51,633,230",21 27 29 34 43,06 10,3 + 0,"61,137",€16.50,"€1,008,761"
08.07.2025,Tuesday,"Tuesday, 8th July 2025","€51,633,230",21 27 29 34 43,06 10,1 + 2,"92,493",€13.60,"€1,257,905"
08.07.2025,Tuesday,"Tuesday, 8th July 2025","€51,633,230",21 27 29 34 43,06 10,2 + 1,"365,593",€10.40,"€3,802,167"
11.07.2025,Friday,"Friday, 11th July 2025","€62,975,583",06 12 13 43 46,06 11,5 + 2,0,"€62,975,583","€62,975,583"
11.07.2025,Friday,"Friday, 11th July 2025","€62,975,583",06 12 13 43 46,06 11,5 + 1,4,"€978,744.00","€3,914,976"
11.07.2025,Friday,"Friday, 11th July 2025","€62,975,583",06 12 13 43 46,06 11,5 + 0,7,"€185,521.90","€1,298,653"
11.07.2025,Friday,"Friday, 11th July 2025","€62,975,583",06 12 13 43 46,06 11,4 + 2,26,"€8,238.80","€214,209"
11.07.2025,Friday,"Friday, 11th July 2025","€62,975,583",06 12 13 43 46,06 11,4 + 1,703,€380.80,"€267,702"
11.07.2025,Friday,"Friday, 11th July 2025","€62,975,583",06 12 13 43 46,06 11,4 + 0,"1,590",€134.70,"€214,173"
11.07.2025,Friday,"Friday, 11th July 2025","€62,975,583",06 12 13 43 46,06 11,3 + 2,"1,371",€214.80,"€294,491"
11.07.2025,Friday,"Friday, 11th July 2025","€62,975,583",06 12 13 43 46,06 11,2 + 2,"21,872",€31.20,"€682,406"
11.07.2025,Friday,"Friday, 11th July 2025","€62,975,583",06 12 13 43 46,06 11,3 + 1,"34,088",€22.30,"€760,162"
11.07.2025,Friday,"Friday, 11th July 2025","€62,975,583",06 12 13 43 46,06 11,3 + 0,"81,870",€17.60,"€1,440,912"
11.07.2025,Friday,"Friday, 11th July 2025","€62,975,583",06 12 13 43 46,06 11,1 + 2,"115,117",€15.70,"€1,807,337"
11.07.2025,Friday,"Friday, 11th July 2025","€62,975,583",06 12 13 43 46,06 11,2 + 1,"516,368",€10.50,"€5,421,864"
15.07.2025,Tuesday,"Tuesday, 15th July 2025","€73,389,389",13 28 33 37 45,06 11,5 + 2,0,"€73,389,389","€73,389,389"
15.07.2025,Tuesday,"Tuesday, 15th July 2025","€73,389,389",13 28 33 37 45,06 11,5 + 1,3,"€635,572.70","€1,906,718"
15.07.2025,Tuesday,"Tuesday, 15th July 2025","€73,389,389",13 28 33 37 45,06 11,5 + 0,16,"€67,206.20","€1,075,299"
15.07.2025,Tuesday,"Tuesday, 15th July 2025","€73,389,389",13 28 33 37 45,06 11,4 + 2,34,"€5,216.70","€177,368"
15.07.2025,Tuesday,"Tuesday, 15th July 2025","€73,389,389",13 28 33 37 45,06 11,4 + 1,871,€254.50,"€221,670"
15.07.2025,Tuesday,"Tuesday, 15th July 2025","€73,389,389",13 28 33 37 45,06 11,4 + 0,"2,382",€74.40,"€177,221"
15.07.2025,Tuesday,"Tuesday, 15th July 2025","€73,389,389",13 28 33 37 45,06 11,3 + 2,"1,543",€158.00,"€243,794"
15.07.2025,Tuesday,"Tuesday, 15th July 2025","€73,389,389",13 28 33 37 45,06 11,2 + 2,"20,083",€28.10,"€564,332"
15.07.2025,Tuesday,"Tuesday, 15th July 2025","€73,389,389",13 28 33 37 45,06 11,3 + 1,"32,398",€19.50,"€631,761"
15.07.2025,Tuesday,"Tuesday, 15th July 2025","€73,389,389",13 28 33 37 45,06 11,3 + 0,"82,705",€14.50,"€1,199,223"
15.07.2025,Tuesday,"Tuesday, 15th July 2025","€73,389,389",13 28 33 37 45,06 11,1 + 2,"102,132",€14.50,"€1,480,914"
15.07.2025,Tuesday,"Tuesday, 15th July 2025","€73,389,389",13 28 33 37 45,06 11,2 + 1,"430,214",€10.40,"€4,474,226"
18.07.2025,Friday,"Friday, 18th July 2025","€86,649,144",10 12 21 25 39,02 04,5 + 2,0,"€86,649,144","€86,649,144"
18.07.2025,Friday,"Friday, 18th July 2025","€86,649,144",10 12 21 25 39,02 04,5 + 1,5,"€536,198.00","€2,680,990"
18.07.2025,Friday,"Friday, 18th July 2025","€86,649,144",10 12 21 25 39,02 04,5 + 0,7,"€215,993.30","€1,511,953"
18.07.2025,Friday,"Friday, 18th July 2025","€86,649,144",10 12 21 25 39,02 04,4 + 2,63,"€3,958.60","€249,392"
18.07.2025,Friday,"Friday, 18th July 2025","€86,649,144",10 12 21 25 39,02 04,4 + 1,"1,155",€269.90,"€311,735"
18.07.2025,Friday,"Friday, 18th July 2025","€86,649,144",10 12 21 25 39,02 04,4 + 0,"2,407",€103.60,"€249,365"
18.07.2025,Friday,"Friday, 18th July 2025","€86,649,144",10 12 21 25 39,02 04,3 + 2,"2,475",€138.50,"€342,788"
18.07.2025,Friday,"Friday, 18th July 2025","€86,649,144",10 12 21 25 39,02 04,2 + 2,"35,495",€22.30,"€791,539"
18.07.2025,Friday,"Friday, 18th July 2025","€86,649,144",10 12 21 25 39,02 04,3 + 1,"50,233",€17.60,"€884,101"
18.07.2025,Friday,"Friday, 18th July 2025","€86,649,144",10 12 21 25 39,02 04,3 + 0,"103,261",€16.30,"€1,683,154"
18.07.2025,Friday,"Friday, 18th July 2025","€86,649,144",10 12 21 25 39,02 04,1 + 2,"176,603",€11.90,"€2,101,576"
18.07.2025,Friday,"Friday, 18th July 2025","€86,649,144",10 12 21 25 39,02 04,2 + 1,"695,229",€9.10,"€6,326,584"
22.07.2025,Tuesday,"Tuesday, 22nd July 2025","€99,499,354",05 20 42 46 48,07 08,5 + 2,0,"€99,499,354","€99,499,354"
22.07.2025,Tuesday,"Tuesday, 22nd July 2025","€99,499,354",05 20 42 46 48,07 08,5 + 1,7,"€342,356.10","€2,396,493"
22.07.2025,Tuesday,"Tuesday, 22nd July 2025","€99,499,354",05 20 42 46 48,07 08,5 + 0,10,"€135,151.00","€1,351,510"
22.07.2025,Tuesday,"Tuesday, 22nd July 2025","€99,499,354",05 20 42 46 48,07 08,4 + 2,30,"€7,430.90","€222,927"
22.07.2025,Tuesday,"Tuesday, 22nd July 2025","€99,499,354",05 20 42 46 48,07 08,4 + 1,680,€409.70,"€278,596"
22.07.2025,Tuesday,"Tuesday, 22nd July 2025","€99,499,354",05 20 42 46 48,07 08,4 + 0,"1,466",€152.00,"€222,832"
22.07.2025,Tuesday,"Tuesday, 22nd July 2025","€99,499,354",05 20 42 46 48,07 08,3 + 2,"1,659",€184.70,"€306,417"
22.07.2025,Tuesday,"Tuesday, 22nd July 2025","€99,499,354",05 20 42 46 48,07 08,2 + 2,"25,309",€28.00,"€708,652"
22.07.2025,Tuesday,"Tuesday, 22nd July 2025","€99,499,354",05 20 42 46 48,07 08,3 + 1,"33,723",€23.50,"€792,491"
22.07.2025,Tuesday,"Tuesday, 22nd July 2025","€99,499,354",05 20 42 46 48,07 08,3 + 0,"71,503",€21.00,"€1,501,563"
22.07.2025,Tuesday,"Tuesday, 22nd July 2025","€99,499,354",05 20 42 46 48,07 08,1 + 2,"144,294",€13.00,"€1,875,822"
22.07.2025,Tuesday,"Tuesday, 22nd July 2025","€99,499,354",05 20 42 46 48,07 08,2 + 1,"542,236",€10.40,"€5,639,254"
25.07.2025,Friday,"Friday, 25th July 2025",,07 08 13 29 36,04 08,5 + 2,2,€,€0
25.07.2025,Friday,"Friday, 25th July 2025",,07 08 13 29 36,04 08,5 + 1,6,"€581,128.20","€3,486,769"
25.07.2025,Friday,"Friday, 25th July 2025",,07 08 13 29 36,04 08,5 + 0,15,"€131,091.70","€1,966,376"
25.07.2025,Friday,"Friday, 25th July 2025",,07 08 13 29 36,04 08,4 + 2,113,"€2,870.30","€324,344"
25.07.2025,Friday,"Friday, 25th July 2025",,07 08 13 29 36,04 08,4 + 1,"1,702",€238.20,"€405,416"
25.07.2025,Friday,"Friday, 25th July 2025",,07 08 13 29 36,04 08,4 + 0,"3,473",€93.30,"€324,031"
25.07.2025,Friday,"Friday, 25th July 2025",,07 08 13 29 36,04 08,3 + 2,"4,510",€98.80,"€445,588"
25.07.2025,Friday,"Friday, 25th July 2025",,07 08 13 29 36,04 08,2 + 2,"60,756",€17.00,"€1,032,852"
25.07.2025,Friday,"Friday, 25th July 2025",,07 08 13 29 36,04 08,3 + 1,"71,733",€16.10,"€1,154,901"
25.07.2025,Friday,"Friday, 25th July 2025",,07 08 13 29 36,04 08,3 + 0,"149,380",€14.60,"€2,180,948"
25.07.2025,Friday,"Friday, 25th July 2025",,07 08 13 29 36,04 08,1 + 2,"294,377",€9.20,"€2,708,268"
25.07.2025,Friday,"Friday, 25th July 2025",,07 08 13 29 36,04 08,2 + 1,"946,721",€8.60,"€8,141,801"
29.07.2025,Tuesday,"Tuesday, 29th July 2025","€10,000,000",20 21 38 43 49,06 11,5 + 2,0,"€10,000,000","€10,000,000"
29.07.2025,Tuesday,"Tuesday, 29th July 2025","€10,000,000",20 21 38 43 49,06 11,5 + 1,0,€0.00,€0
29.07.2025,Tuesday,"Tuesday, 29th July 2025","€10,000,000",20 21 38 43 49,06 11,5 + 0,2,"€374,812.60","€749,625"
29.07.2025,Tuesday,"Tuesday, 29th July 2025","€10,000,000",20 21 38 43 49,06 11,4 + 2,23,"€5,376.00","€123,648"
29.07.2025,Tuesday,"Tuesday, 29th July 2025","€10,000,000",20 21 38 43 49,06 11,4 + 1,417,€370.60,"€154,540"
29.07.2025,Tuesday,"Tuesday, 29th July 2025","€10,000,000",20 21 38 43 49,06 11,4 + 0,"1,016",€121.70,"€123,647"
29.07.2025,Tuesday,"Tuesday, 29th July 2025","€10,000,000",20 21 38 43 49,06 11,3 + 2,914,€186.00,"€170,004"
29.07.2025,Tuesday,"Tuesday, 29th July 2025","€10,000,000",20 21 38 43 49,06 11,2 + 2,"13,206",€29.80,"€393,539"
29.07.2025,Tuesday,"Tuesday, 29th July 2025","€10,000,000",20 21 38 43 49,06 11,3 + 1,"17,836",€24.60,"€438,766"
29.07.2025,Tuesday,"Tuesday, 29th July 2025","€10,000,000",20 21 38 43 49,06 11,3 + 0,"43,862",€19.00,"€833,378"
29.07.2025,Tuesday,"Tuesday, 29th July 2025","€10,000,000",20 21 38 43 49,06 11,1 + 2,"68,628",€15.20,"€1,043,146"
29.07.2025,Tuesday,"Tuesday, 29th July 2025","€10,000,000",20 21 38 43 49,06 11,2 + 1,"270,030",€11.60,"€3,132,348"
01.08.2025,Friday,"Friday, 1st August 2025","€18,580,296",04 11 12 20 33,03 05,5 + 2,0,"€18,580,296","€18,580,296"
01.08.2025,Friday,"Friday, 1st August 2025","€18,580,296",04 11 12 20 33,03 05,5 + 1,8,"€400,241.80","€3,201,934"
01.08.2025,Friday,"Friday, 1st August 2025","€18,580,296",04 11 12 20 33,03 05,5 + 0,9,"€117,346.30","€1,056,117"
01.08.2025,Friday,"Friday, 1st August 2025","€18,580,296",04 11 12 20 33,03 05,4 + 2,48,"€3,629.20","€174,202"
01.08.2025,Friday,"Friday, 1st August 2025","€18,580,296",04 11 12 20 33,03 05,4 + 1,942,€231.10,"€217,696"
01.08.2025,Friday,"Friday, 1st August 2025","€18,580,296",04 11 12 20 33,03 05,4 + 0,"1,930",€90.20,"€174,086"
01.08.2025,Friday,"Friday, 1st August 2025","€18,580,296",04 11 12 20 33,03 05,3 + 2,"2,260",€105.90,"€239,334"
01.08.2025,Friday,"Friday, 1st August 2025","€18,580,296",04 11 12 20 33,03 05,2 + 2,"42,246",€14.60,"€616,792"
01.08.2025,Friday,"Friday, 1st August 2025","€18,580,296",04 11 12 20 33,03 05,3 + 1,"40,086",€14.60,"€585,256"
01.08.2025,Friday,"Friday, 1st August 2025","€18,580,296",04 11 12 20 33,03 05,3 + 0,"78,573",€14.60,"€1,147,166"
01.08.2025,Friday,"Friday, 1st August 2025","€18,580,296",04 11 12 20 33,03 05,1 + 2,"151,733",€9.60,"€1,456,637"
01.08.2025,Friday,"Friday, 1st August 2025","€18,580,296",04 11 12 20 33,03 05,2 + 1,"546,583",€8.00,"€4,372,664"
05.08.2025,Tuesday,"Tuesday, 5th August 2025","€26,538,162",01 18 21 22 34,01 06,5 + 2,0,"€26,538,162","€26,538,162"
05.08.2025,Tuesday,"Tuesday, 5th August 2025","€26,538,162",01 18 21 22 34,01 06,5 + 1,1,"€1,417,596.50","€1,417,597"
05.08.2025,Tuesday,"Tuesday, 5th August 2025","€26,538,162",01 18 21 22 34,01 06,5 + 0,6,"€133,243.00","€799,458"
05.08.2025,Tuesday,"Tuesday, 5th August 2025","€26,538,162",01 18 21 22 34,01 06,4 + 2,20,"€6,593.40","€131,868"
05.08.2025,Tuesday,"Tuesday, 5th August 2025","€26,538,162",01 18 21 22 34,01 06,4 + 1,469,€351.40,"€164,807"
05.08.2025,Tuesday,"Tuesday, 5th August 2025","€26,538,162",01 18 21 22 34,01 06,4 + 0,"1,033",€127.60,"€131,811"
05.08.2025,Tuesday,"Tuesday, 5th August 2025","€26,538,162",01 18 21 22 34,01 06,3 + 2,"1,054",€172.00,"€181,288"
05.08.2025,Tuesday,"Tuesday, 5th August 2025","€26,538,162",01 18 21 22 34,01 06,2 + 2,"15,704",€26.70,"€419,297"
05.08.2025,Tuesday,"Tuesday, 5th August 2025","€26,538,162",01 18 21 22 34,01 06,3 + 1,"22,476",€20.90,"€469,748"
05.08.2025,Tuesday,"Tuesday, 5th August 2025","€26,538,162",01 18 21 22 34,01 06,3 + 0,"51,440",€17.30,"€889,912"
05.08.2025,Tuesday,"Tuesday, 5th August 2025","€26,538,162",01 18 21 22 34,01 06,1 + 2,"81,628",€13.60,"€1,110,141"
05.08.2025,Tuesday,"Tuesday, 5th August 2025","€26,538,162",01 18 21 22 34,01 06,2 + 1,"332,796",€10.00,"€3,327,960"
08.08.2025,Friday,"Friday, 8th August 2025",,07 16 23 41 42,01 04,5 + 2,1,€,€0
08.08.2025,Friday,"Friday, 8th August 2025",,07 16 23 41 42,01 04,5 + 1,2,"€1,016,401.10","€2,032,802"
08.08.2025,Friday,"Friday, 8th August 2025",,07 16 23 41 42,01 04,5 + 0,8,"€143,300.70","€1,146,406"
08.08.2025,Friday,"Friday, 8th August 2025",,07 16 23 41 42,01 04,4 + 2,36,"€5,252.70","€189,097"
08.08.2025,Friday,"Friday, 8th August 2025",,07 16 23 41 42,01 04,4 + 1,823,€287.20,"€236,366"
08.08.2025,Friday,"Friday, 8th August 2025",,07 16 23 41 42,01 04,4 + 0,"3,722",€50.80,"€189,078"
08.08.2025,Friday,"Friday, 8th August 2025",,07 16 23 41 42,01 04,3 + 2,"1,529",€170.00,"€259,930"
08.08.2025,Friday,"Friday, 8th August 2025",,07 16 23 41 42,01 04,2 + 2,"21,647",€27.80,"€601,787"
08.08.2025,Friday,"Friday, 8th August 2025",,07 16 23 41 42,01 04,3 + 1,"34,560",€19.40,"€670,464"
08.08.2025,Friday,"Friday, 8th August 2025",,07 16 23 41 42,01 04,3 + 0,"77,868",€16.30,"€1,269,248"
08.08.2025,Friday,"Friday, 8th August 2025",,07 16 23 41 42,01 04,1 + 2,"112,946",€14.10,"€1,592,539"
08.08.2025,Friday,"Friday, 8th August 2025",,07 16 23 41 42,01 04,2 + 1,"479,492",€10.00,"€4,794,920"
12.08.2025,Tuesday,"Tuesday, 12th August 2025","€10,000,000",11 16 29 37 42,01 11,5 + 2,0,"€10,000,000","€10,000,000"
12.08.2025,Tuesday,"Tuesday, 12th August 2025","€10,000,000",11 16 29 37 42,01 11,5 + 1,2,"€628,959.70","€1,257,919"
12.08.2025,Tuesday,"Tuesday, 12th August 2025","€10,000,000",11 16 29 37 42,01 11,5 + 0,5,"€141,881.60","€709,408"
12.08.2025,Tuesday,"Tuesday, 12th August 2025","€10,000,000",11 16 29 37 42,01 11,4 + 2,20,"€5,850.70","€117,014"
12.08.2025,Tuesday,"Tuesday, 12th August 2025","€10,000,000",11 16 29 37 42,01 11,4 + 1,391,€374.00,"€146,234"
12.08.2025,Tuesday,"Tuesday, 12th August 2025","€10,000,000",11 16 29 37 42,01 11,4 + 0,"1,142",€102.40,"€116,941"
12.08.2025,Tuesday,"Tuesday, 12th August 2025","€10,000,000",11 16 29 37 42,01 11,3 + 2,814,€197.60,"€160,846"
12.08.2025,Tuesday,"Tuesday, 12th August 2025","€10,000,000",11 16 29 37 42,01 11,2 + 2,"11,522",€32.30,"€372,161"
12.08.2025,Tuesday,"Tuesday, 12th August 2025","€10,000,000",11 16 29 37 42,01 11,3 + 1,"18,178",€22.90,"€416,276"
12.08.2025,Tuesday,"Tuesday, 12th August 2025","€10,000,000",11 16 29 37 42,01 11,3 + 0,"48,871",€16.10,"€786,823"
12.08.2025,Tuesday,"Tuesday, 12th August 2025","€10,000,000",11 16 29 37 42,01 11,1 + 2,"60,838",€16.10,"€979,492"
12.08.2025,Tuesday,"Tuesday, 12th August 2025","€10,000,000",11 16 29 37 42,01 11,2 + 1,"259,294",€11.40,"€2,955,952"
15.08.2025,Friday,"Friday, 15th August 2025","€17,414,330",05 11 20 33 43,06 12,5 + 2,0,"€17,414,330","€17,414,330"
15.08.2025,Friday,"Friday, 15th August 2025","€17,414,330",05 11 20 33 43,06 12,5 + 1,1,"€1,771,200.90","€1,771,201"
15.08.2025,Friday,"Friday, 15th August 2025","€17,414,330",05 11 20 33 43,06 12,5 + 0,8,"€124,859.30","€998,874"
15.08.2025,Friday,"Friday, 15th August 2025","€17,414,330",05 11 20 33 43,06 12,4 + 2,27,"€6,102.30","€164,762"
15.08.2025,Friday,"Friday, 15th August 2025","€17,414,330",05 11 20 33 43,06 12,4 + 1,601,€342.60,"€205,903"
15.08.2025,Friday,"Friday, 15th August 2025","€17,414,330",05 11 20 33 43,06 12,4 + 0,"1,639",€100.50,"€164,720"
15.08.2025,Friday,"Friday, 15th August 2025","€17,414,330",05 11 20 33 43,06 12,3 + 2,"1,160",€195.30,"€226,548"
15.08.2025,Friday,"Friday, 15th August 2025","€17,414,330",05 11 20 33 43,06 12,2 + 2,"16,315",€32.10,"€523,712"
15.08.2025,Friday,"Friday, 15th August 2025","€17,414,330",05 11 20 33 43,06 12,3 + 1,"26,774",€21.90,"€586,351"
15.08.2025,Friday,"Friday, 15th August 2025","€17,414,330",05 11 20 33 43,06 12,3 + 0,"73,471",€15.70,"€1,153,495"
15.08.2025,Friday,"Friday, 15th August 2025","€17,414,330",05 11 20 33 43,06 12,1 + 2,"85,276",€15.70,"€1,338,833"
15.08.2025,Friday,"Friday, 15th August 2025","€17,414,330",05 11 20 33 43,06 12,2 + 1,"384,523",€10.80,"€4,152,848"
19.08.2025,Tuesday,"Tuesday, 19th August 2025","€23,844,893",03 04 11 33 47,06 09,5 + 2,0,"€23,844,893","€23,844,893"
19.08.2025,Tuesday,"Tuesday, 19th August 2025","€23,844,893",03 04 11 33 47,06 09,5 + 1,3,"€460,552.10","€1,381,656"
19.08.2025,Tuesday,"Tuesday, 19th August 2025","€23,844,893",03 04 11 33 47,06 09,5 + 0,7,"€111,312.80","€779,190"
19.08.2025,Tuesday,"Tuesday, 19th August 2025","€23,844,893",03 04 11 33 47,06 09,4 + 2,23,"€5,588.00","€128,524"
19.08.2025,Tuesday,"Tuesday, 19th August 2025","€23,844,893",03 04 11 33 47,06 09,4 + 1,606,€265.10,"€160,651"
19.08.2025,Tuesday,"Tuesday, 19th August 2025","€23,844,893",03 04 11 33 47,06 09,4 + 0,"1,253",€102.50,"€128,433"
19.08.2025,Tuesday,"Tuesday, 19th August 2025","€23,844,893",03 04 11 33 47,06 09,3 + 2,"1,398",€126.40,"€176,707"
19.08.2025,Tuesday,"Tuesday, 19th August 2025","€23,844,893",03 04 11 33 47,06 09,2 + 2,"19,675",€20.80,"€409,240"
19.08.2025,Tuesday,"Tuesday, 19th August 2025","€23,844,893",03 04 11 33 47,06 09,3 + 1,"24,707",€18.50,"€457,080"
19.08.2025,Tuesday,"Tuesday, 19th August 2025","€23,844,893",03 04 11 33 47,06 09,3 + 0,"56,166",€15.40,"€864,956"
19.08.2025,Tuesday,"Tuesday, 19th August 2025","€23,844,893",03 04 11 33 47,06 09,1 + 2,"99,580",€10.80,"€1,075,464"
19.08.2025,Tuesday,"Tuesday, 19th August 2025","€23,844,893",03 04 11 33 47,06 09,2 + 1,"354,520",€9.10,"€3,226,132"
22.08.2025,Friday,"Friday, 22nd August 2025","€33,532,035",03 14 16 22 34,07 10,5 + 2,0,"€33,532,035","€33,532,035"
22.08.2025,Friday,"Friday, 22nd August 2025","€33,532,035",03 14 16 22 34,07 10,5 + 1,0,€0.00,€0
22.08.2025,Friday,"Friday, 22nd August 2025","€33,532,035",03 14 16 22 34,07 10,5 + 0,20,"€55,189.40","€1,103,788"
22.08.2025,Friday,"Friday, 22nd August 2025","€33,532,035",03 14 16 22 34,07 10,4 + 2,50,"€3,641.30","€182,065"
22.08.2025,Friday,"Friday, 22nd August 2025","€33,532,035",03 14 16 22 34,07 10,4 + 1,994,€228.90,"€227,527"
22.08.2025,Friday,"Friday, 22nd August 2025","€33,532,035",03 14 16 22 34,07 10,4 + 0,"2,136",€85.20,"€181,987"
22.08.2025,Friday,"Friday, 22nd August 2025","€33,532,035",03 14 16 22 34,07 10,3 + 2,"1,761",€142.10,"€250,238"
22.08.2025,Friday,"Friday, 22nd August 2025","€33,532,035",03 14 16 22 34,07 10,2 + 2,"23,352",€24.80,"€579,130"
22.08.2025,Friday,"Friday, 22nd August 2025","€33,532,035",03 14 16 22 34,07 10,3 + 1,"37,901",€17.10,"€648,107"
22.08.2025,Friday,"Friday, 22nd August 2025","€33,532,035",03 14 16 22 34,07 10,3 + 0,"81,564",€15.00,"€1,223,460"
22.08.2025,Friday,"Friday, 22nd August 2025","€33,532,035",03 14 16 22 34,07 10,1 + 2,"120,151",€12.70,"€1,525,918"
22.08.2025,Friday,"Friday, 22nd August 2025","€33,532,035",03 14 16 22 34,07 10,2 + 1,"501,790",€9.20,"€4,616,468"
26.08.2025,Tuesday,"Tuesday, 26th August 2025","€42,031,882",08 14 21 26 35,04 08,5 + 2,0,"€42,031,882","€42,031,882"
26.08.2025,Tuesday,"Tuesday, 26th August 2025","€42,031,882",08 14 21 26 35,04 08,5 + 1,2,"€1,746,680.80","€3,493,362"
26.08.2025,Tuesday,"Tuesday, 26th August 2025","€42,031,882",08 14 21 26 35,04 08,5 + 0,4,"€216,575.80","€866,303"
26.08.2025,Tuesday,"Tuesday, 26th August 2025","€42,031,882",08 14 21 26 35,04 08,4 + 2,36,"€3,969.30","€142,895"
26.08.2025,Tuesday,"Tuesday, 26th August 2025","€42,031,882",08 14 21 26 35,04 08,4 + 1,716,€249.40,"€178,570"
26.08.2025,Tuesday,"Tuesday, 26th August 2025","€42,031,882",08 14 21 26 35,04 08,4 + 0,"1,503",€92.20,"€138,577"
26.08.2025,Tuesday,"Tuesday, 26th August 2025","€42,031,882",08 14 21 26 35,04 08,3 + 2,"2,174",€92.20,"€200,443"
26.08.2025,Tuesday,"Tuesday, 26th August 2025","€42,031,882",08 14 21 26 35,04 08,2 + 2,"26,738",€17.00,"€454,546"
26.08.2025,Tuesday,"Tuesday, 26th August 2025","€42,031,882",08 14 21 26 35,04 08,3 + 1,"31,882",€15.90,"€506,924"
26.08.2025,Tuesday,"Tuesday, 26th August 2025","€42,031,882",08 14 21 26 35,04 08,3 + 0,"63,298",€15.20,"€962,130"
26.08.2025,Tuesday,"Tuesday, 26th August 2025","€42,031,882",08 14 21 26 35,04 08,1 + 2,"128,517",€9.30,"€1,195,208"
26.08.2025,Tuesday,"Tuesday, 26th August 2025","€42,031,882",08 14 21 26 35,04 08,2 + 1,"402,267",€9.00,"€3,620,403"
29.08.2025,Friday,"Friday, 29th August 2025","€53,014,838",03 05 19 23 48,01 05,5 + 2,0,"€53,014,838","€53,014,838"
29.08.2025,Friday,"Friday, 29th August 2025","€53,014,838",03 05 19 23 48,01 05,5 + 1,5,"€446,886.80","€2,234,434"
29.08.2025,Friday,"Friday, 29th August 2025","€53,014,838",03 05 19 23 48,01 05,5 + 0,10,"€126,011.70","€1,260,117"
29.08.2025,Friday,"Friday, 29th August 2025","€53,014,838",03 05 19 23 48,01 05,4 + 2,36,"€5,773.70","€207,853"
29.08.2025,Friday,"Friday, 29th August 2025","€53,014,838",03 05 19 23 48,01 05,4 + 1,"1,068",€243.20,"€259,738"
29.08.2025,Friday,"Friday, 29th August 2025","€53,014,838",03 05 19 23 48,01 05,4 + 0,"2,256",€92.10,"€207,778"
29.08.2025,Friday,"Friday, 29th August 2025","€53,014,838",03 05 19 23 48,01 05,3 + 2,"2,099",€136.10,"€285,674"
29.08.2025,Friday,"Friday, 29th August 2025","€53,014,838",03 05 19 23 48,01 05,2 + 2,"28,870",€22.90,"€661,123"
29.08.2025,Friday,"Friday, 29th August 2025","€53,014,838",03 05 19 23 48,01 05,3 + 1,"45,488",€16.20,"€736,906"
29.08.2025,Friday,"Friday, 29th August 2025","€53,014,838",03 05 19 23 48,01 05,3 + 0,"95,683",€14.60,"€1,396,972"
29.08.2025,Friday,"Friday, 29th August 2025","€53,014,838",03 05 19 23 48,01 05,1 + 2,"135,896",€12.90,"€1,753,058"
29.08.2025,Friday,"Friday, 29th August 2025","€53,014,838",03 05 19 23 48,01 05,2 + 1,"595,827",€8.80,"€5,243,278"
02.09.2025,Tuesday,"Tuesday, 2nd September 2025","€63,073,160",01 05 12 38 47,07 08,5 + 2,0,"€63,073,160","€63,073,160"
02.09.2025,Tuesday,"Tuesday, 2nd September 2025","€63,073,160",01 05 12 38 47,07 08,5 + 1,1,"€1,833,926.80","€1,833,927"
02.09.2025,Tuesday,"Tuesday, 2nd September 2025","€63,073,160",01 05 12 38 47,07 08,5 + 0,3,"€344,749.80","€1,034,249"
02.09.2025,Tuesday,"Tuesday, 2nd September 2025","€63,073,160",01 05 12 38 47,07 08,4 + 2,28,"€6,092.70","€170,596"
02.09.2025,Tuesday,"Tuesday, 2nd September 2025","€63,073,160",01 05 12 38 47,07 08,4 + 1,598,€356.60,"€213,247"
02.09.2025,Tuesday,"Tuesday, 2nd September 2025","€63,073,160",01 05 12 38 47,07 08,4 + 0,"1,356",€125.80,"€170,585"
02.09.2025,Tuesday,"Tuesday, 2nd September 2025","€63,073,160",01 05 12 38 47,07 08,3 + 2,"1,344",€174.50,"€234,528"
02.09.2025,Tuesday,"Tuesday, 2nd September 2025","€63,073,160",01 05 12 38 47,07 08,2 + 2,"21,272",€25.50,"€542,436"
02.09.2025,Tuesday,"Tuesday, 2nd September 2025","€63,073,160",01 05 12 38 47,07 08,3 + 1,"30,511",€19.90,"€607,169"
02.09.2025,Tuesday,"Tuesday, 2nd September 2025","€63,073,160",01 05 12 38 47,07 08,3 + 0,"62,809",€18.30,"€1,149,405"
02.09.2025,Tuesday,"Tuesday, 2nd September 2025","€63,073,160",01 05 12 38 47,07 08,1 + 2,"111,562",€12.90,"€1,439,150"
02.09.2025,Tuesday,"Tuesday, 2nd September 2025","€63,073,160",01 05 12 38 47,07 08,2 + 1,"461,824",€9.30,"€4,294,963"
05.09.2025,Friday,"Friday, 5th September 2025","€75,725,180",06 14 25 29 46,07 11,5 + 2,0,"€75,725,180","€75,725,180"
05.09.2025,Friday,"Friday, 5th September 2025","€75,725,180",06 14 25 29 46,07 11,5 + 1,1,"€2,554,784.50","€2,554,785"
05.09.2025,Friday,"Friday, 5th September 2025","€75,725,180",06 14 25 29 46,07 11,5 + 0,10,"€144,077.90","€1,440,779"
05.09.2025,Friday,"Friday, 5th September 2025","€75,725,180",06 14 25 29 46,07 11,4 + 2,50,"€4,753.00","€237,650"
05.09.2025,Friday,"Friday, 5th September 2025","€75,725,180",06 14 25 29 46,07 11,4 + 1,945,€314.30,"€297,014"
05.09.2025,Friday,"Friday, 5th September 2025","€75,725,180",06 14 25 29 46,07 11,4 + 0,"2,173",€109.30,"€237,509"
05.09.2025,Friday,"Friday, 5th September 2025","€75,725,180",06 14 25 29 46,07 11,3 + 2,"1,722",€189.70,"€326,663"
05.09.2025,Friday,"Friday, 5th September 2025","€75,725,180",06 14 25 29 46,07 11,2 + 2,"24,380",€31.00,"€755,780"
05.09.2025,Friday,"Friday, 5th September 2025","€75,725,180",06 14 25 29 46,07 11,3 + 1,"40,064",€21.10,"€845,350"
05.09.2025,Friday,"Friday, 5th September 2025","€75,725,180",06 14 25 29 46,07 11,3 + 0,"96,530",€16.60,"€1,602,398"
05.09.2025,Friday,"Friday, 5th September 2025","€75,725,180",06 14 25 29 46,07 11,1 + 2,"127,840",€15.60,"€1,994,304"
05.09.2025,Friday,"Friday, 5th September 2025","€75,725,180",06 14 25 29 46,07 11,2 + 1,"572,251",€10.50,"€6,008,636"
09.09.2025,Tuesday,"Tuesday, 9th September 2025","€87,565,791",14 18 24 27 50,08 09,5 + 2,0,"€87,565,791","€87,565,791"
09.09.2025,Tuesday,"Tuesday, 9th September 2025","€87,565,791",14 18 24 27 50,08 09,5 + 1,3,"€726,949.00","€2,180,847"
09.09.2025,Tuesday,"Tuesday, 9th September 2025","€87,565,791",14 18 24 27 50,08 09,5 + 0,12,"€102,491.30","€1,229,896"
09.09.2025,Tuesday,"Tuesday, 9th September 2025","€87,565,791",14 18 24 27 50,08 09,4 + 2,35,"€5,796.20","€202,867"
09.09.2025,Tuesday,"Tuesday, 9th September 2025","€87,565,791",14 18 24 27 50,08 09,4 + 1,747,€339.40,"€253,532"
09.09.2025,Tuesday,"Tuesday, 9th September 2025","€87,565,791",14 18 24 27 50,08 09,4 + 0,"1,586",€127.90,"€202,849"
09.09.2025,Tuesday,"Tuesday, 9th September 2025","€87,565,791",14 18 24 27 50,08 09,3 + 2,"1,647",€169.30,"€278,837"
09.09.2025,Tuesday,"Tuesday, 9th September 2025","€87,565,791",14 18 24 27 50,08 09,2 + 2,"23,466",€27.50,"€645,315"
09.09.2025,Tuesday,"Tuesday, 9th September 2025","€87,565,791",14 18 24 27 50,08 09,3 + 1,"38,047",€18.90,"€719,088"
09.09.2025,Tuesday,"Tuesday, 9th September 2025","€87,565,791",14 18 24 27 50,08 09,3 + 0,"78,398",€17.40,"€1,364,125"
09.09.2025,Tuesday,"Tuesday, 9th September 2025","€87,565,791",14 18 24 27 50,08 09,1 + 2,"121,994",€14.00,"€1,707,916"
09.09.2025,Tuesday,"Tuesday, 9th September 2025","€87,565,791",14 18 24 27 50,08 09,2 + 1,"564,781",€9.10,"€5,139,507"
12.09.2025,Friday,"Friday, 12th September 2025","€103,940,960",07 22 24 33 45,04 12,5 + 2,0,"€103,940,960","€103,940,960"
12.09.2025,Friday,"Friday, 12th September 2025","€103,940,960",07 22 24 33 45,04 12,5 + 1,6,"€560,209.90","€3,361,259"
12.09.2025,Friday,"Friday, 12th September 2025","€103,940,960",07 22 24 33 45,04 12,5 + 0,21,"€90,266.30","€1,895,592"
12.09.2025,Friday,"Friday, 12th September 2025","€103,940,960",07 22 24 33 45,04 12,4 + 2,58,"€5,390.90","€312,672"
12.09.2025,Friday,"Friday, 12th September 2025","€103,940,960",07 22 24 33 45,04 12,4 + 1,"1,659",€235.50,"€390,695"
12.09.2025,Friday,"Friday, 12th September 2025","€103,940,960",07 22 24 33 45,04 12,4 + 0,"3,978",€78.60,"€312,671"
12.09.2025,Friday,"Friday, 12th September 2025","€103,940,960",07 22 24 33 45,04 12,3 + 2,"2,258",€190.40,"€429,923"
12.09.2025,Friday,"Friday, 12th September 2025","€103,940,960",07 22 24 33 45,04 12,2 + 2,"32,003",€31.10,"€995,293"
12.09.2025,Friday,"Friday, 12th September 2025","€103,940,960",07 22 24 33 45,04 12,3 + 1,"58,790",€18.90,"€1,111,131"
12.09.2025,Friday,"Friday, 12th September 2025","€103,940,960",07 22 24 33 45,04 12,3 + 0,"145,856",€15.20,"€2,217,011"
12.09.2025,Friday,"Friday, 12th September 2025","€103,940,960",07 22 24 33 45,04 12,1 + 2,"165,109",€15.20,"€2,509,657"
12.09.2025,Friday,"Friday, 12th September 2025","€103,940,960",07 22 24 33 45,04 12,2 + 1,"791,864",€10.00,"€7,918,640"
16.09.2025,Tuesday,"Tuesday, 16th September 2025","€119,913,318",08 09 14 37 39,01 09,5 + 2,0,"€119,913,318","€119,913,318"
16.09.2025,Tuesday,"Tuesday, 16th September 2025","€119,913,318",08 09 14 37 39,01 09,5 + 1,4,"€741,324.60","€2,965,298"
16.09.2025,Tuesday,"Tuesday, 16th September 2025","€119,913,318",08 09 14 37 39,01 09,5 + 0,7,"€238,898.60","€1,672,290"
16.09.2025,Tuesday,"Tuesday, 16th September 2025","€119,913,318",08 09 14 37 39,01 09,4 + 2,53,"€5,204.50","€275,839"
16.09.2025,Tuesday,"Tuesday, 16th September 2025","€119,913,318",08 09 14 37 39,01 09,4 + 1,"1,007",€342.40,"€344,797"
16.09.2025,Tuesday,"Tuesday, 16th September 2025","€119,913,318",08 09 14 37 39,01 09,4 + 0,"2,253",€122.40,"€275,767"
16.09.2025,Tuesday,"Tuesday, 16th September 2025","€119,913,318",08 09 14 37 39,01 09,3 + 2,"2,231",€170.00,"€379,270"
16.09.2025,Tuesday,"Tuesday, 16th September 2025","€119,913,318",08 09 14 37 39,01 09,2 + 2,"34,353",€25.50,"€876,002"
16.09.2025,Tuesday,"Tuesday, 16th September 2025","€119,913,318",08 09 14 37 39,01 09,3 + 1,"47,747",€20.50,"€978,814"
16.09.2025,Tuesday,"Tuesday, 16th September 2025","€119,913,318",08 09 14 37 39,01 09,3 + 0,"109,044",€17.00,"€1,853,748"
16.09.2025,Tuesday,"Tuesday, 16th September 2025","€119,913,318",08 09 14 37 39,01 09,1 + 2,"177,675",€13.00,"€2,309,775"
16.09.2025,Tuesday,"Tuesday, 16th September 2025","€119,913,318",08 09 14 37 39,01 09,2 + 1,"712,386",€9.80,"€6,981,383"
19.09.2025,Friday,"Friday, 19th September 2025","€120,000,000",09 37 40 41 46,01 12,5 + 2,0,"€120,000,000","€120,000,000"
19.09.2025,Friday,"Friday, 19th September 2025","€120,000,000",09 37 40 41 46,01 12,5 + 1,4,"€5,850,555.10","€23,402,220"
19.09.2025,Friday,"Friday, 19th September 2025","€120,000,000",09 37 40 41 46,01 12,5 + 0,8,"€276,408.40","€2,211,267"
19.09.2025,Friday,"Friday, 19th September 2025","€120,000,000",09 37 40 41 46,01 12,4 + 2,49,"€7,443.70","€364,741"
19.09.2025,Friday,"Friday, 19th September 2025","€120,000,000",09 37 40 41 46,01 12,4 + 1,980,€465.20,"€455,896"
19.09.2025,Friday,"Friday, 19th September 2025","€120,000,000",09 37 40 41 46,01 12,4 + 0,"2,556",€142.70,"€364,741"
19.09.2025,Friday,"Friday, 19th September 2025","€120,000,000",09 37 40 41 46,01 12,3 + 2,"2,448",€204.80,"€501,350"
19.09.2025,Friday,"Friday, 19th September 2025","€120,000,000",09 37 40 41 46,01 12,2 + 2,"35,567",€32.60,"€1,159,484"
19.09.2025,Friday,"Friday, 19th September 2025","€120,000,000",09 37 40 41 46,01 12,3 + 1,"48,072",€27.00,"€1,297,944"
19.09.2025,Friday,"Friday, 19th September 2025","€120,000,000",09 37 40 41 46,01 12,3 + 0,"123,114",€19.90,"€2,449,969"
19.09.2025,Friday,"Friday, 19th September 2025","€120,000,000",09 37 40 41 46,01 12,1 + 2,"197,489",€15.50,"€3,061,080"
19.09.2025,Friday,"Friday, 19th September 2025","€120,000,000",09 37 40 41 46,01 12,2 + 1,"720,788",€12.80,"€9,226,086"
23.09.2025,Tuesday,"Tuesday, 23rd September 2025","€120,000,000",07 18 31 32 33,10 11,5 + 2,1,"€120,000,000","€120,000,000"
23.09.2025,Tuesday,"Tuesday, 23rd September 2025","€120,000,000",07 18 31 32 33,10 11,5 + 1,1,"€21,177,159.20","€21,177,159"
23.09.2025,Tuesday,"Tuesday, 23rd September 2025","€120,000,000",07 18 31 32 33,10 11,5 + 0,12,"€154,155.20","€1,849,862"
23.09.2025,Tuesday,"Tuesday, 23rd September 2025","€120,000,000",07 18 31 32 33,10 11,4 + 2,39,"€7,823.80","€305,128"
23.09.2025,Tuesday,"Tuesday, 23rd September 2025","€120,000,000",07 18 31 32 33,10 11,4 + 1,"1,038",€367.40,"€381,361"
23.09.2025,Tuesday,"Tuesday, 23rd September 2025","€120,000,000",07 18 31 32 33,10 11,4 + 0,"2,609",€116.90,"€304,992"
23.09.2025,Tuesday,"Tuesday, 23rd September 2025","€120,000,000",07 18 31 32 33,10 11,3 + 2,"2,137",€196.30,"€419,493"
23.09.2025,Tuesday,"Tuesday, 23rd September 2025","€120,000,000",07 18 31 32 33,10 11,2 + 2,"30,092",€32.30,"€971,972"
23.09.2025,Tuesday,"Tuesday, 23rd September 2025","€120,000,000",07 18 31 32 33,10 11,3 + 1,"50,847",€21.30,"€1,083,041"
23.09.2025,Tuesday,"Tuesday, 23rd September 2025","€120,000,000",07 18 31 32 33,10 11,3 + 0,"127,106",€16.20,"€2,059,117"
23.09.2025,Tuesday,"Tuesday, 23rd September 2025","€120,000,000",07 18 31 32 33,10 11,1 + 2,"159,807",€16.10,"€2,572,893"
23.09.2025,Tuesday,"Tuesday, 23rd September 2025","€120,000,000",07 18 31 32 33,10 11,2 + 1,"739,861",€10.40,"€7,694,554"
26.09.2025,Friday,"Friday, 26th September 2025","€11,397,666",12 24 26 35 48,01 02,5 + 2,0,"€11,397,666","€11,397,666"
26.09.2025,Friday,"Friday, 26th September 2025","€11,397,666",12 24 26 35 48,01 02,5 + 1,3,"€629,845.30","€1,889,536"
26.09.2025,Friday,"Friday, 26th September 2025","€11,397,666",12 24 26 35 48,01 02,5 + 0,9,"€118,401.10","€1,065,610"
26.09.2025,Friday,"Friday, 26th September 2025","€11,397,666",12 24 26 35 48,01 02,4 + 2,40,"€4,394.20","€175,768"
26.09.2025,Friday,"Friday, 26th September 2025","€11,397,666",12 24 26 35 48,01 02,4 + 1,704,€312.00,"€219,648"
26.09.2025,Friday,"Friday, 26th September 2025","€11,397,666",12 24 26 35 48,01 02,4 + 0,"1,856",€94.70,"€175,763"
26.09.2025,Friday,"Friday, 26th September 2025","€11,397,666",12 24 26 35 48,01 02,3 + 2,"1,332",€181.40,"€241,625"
26.09.2025,Friday,"Friday, 26th September 2025","€11,397,666",12 24 26 35 48,01 02,2 + 2,"18,887",€29.60,"€559,055"
26.09.2025,Friday,"Friday, 26th September 2025","€11,397,666",12 24 26 35 48,01 02,3 + 1,"32,477",€19.20,"€623,558"
26.09.2025,Friday,"Friday, 26th September 2025","€11,397,666",12 24 26 35 48,01 02,3 + 0,"76,841",€15.40,"€1,183,351"
26.09.2025,Friday,"Friday, 26th September 2025","€11,397,666",12 24 26 35 48,01 02,1 + 2,"100,254",€14.70,"€1,473,734"
26.09.2025,Friday,"Friday, 26th September 2025","€11,397,666",12 24 26 35 48,01 02,2 + 1,"443,095",€10.00,"€4,430,950"
30.09.2025,Tuesday,"Tuesday, 30th September 2025","€19,243,843",08 11 13 24 27,03 07,5 + 2,0,"€19,243,843","€19,243,843"
30.09.2025,Tuesday,"Tuesday, 30th September 2025","€19,243,843",08 11 13 24 27,03 07,5 + 1,6,"€231,846.00","€1,391,076"
30.09.2025,Tuesday,"Tuesday, 30th September 2025","€19,243,843",08 11 13 24 27,03 07,5 + 0,13,"€60,346.30","€784,502"
30.09.2025,Tuesday,"Tuesday, 30th September 2025","€19,243,843",08 11 13 24 27,03 07,4 + 2,75,"€1,725.30","€129,398"
30.09.2025,Tuesday,"Tuesday, 30th September 2025","€19,243,843",08 11 13 24 27,03 07,4 + 1,"1,013",€159.60,"€161,675"
30.09.2025,Tuesday,"Tuesday, 30th September 2025","€19,243,843",08 11 13 24 27,03 07,4 + 0,"1,778",€65.40,"€116,281"
30.09.2025,Tuesday,"Tuesday, 30th September 2025","€19,243,843",08 11 13 24 27,03 07,3 + 2,"2,920",€65.40,"€190,968"
30.09.2025,Tuesday,"Tuesday, 30th September 2025","€19,243,843",08 11 13 24 27,03 07,2 + 2,"33,838",€12.70,"€429,743"
30.09.2025,Tuesday,"Tuesday, 30th September 2025","€19,243,843",08 11 13 24 27,03 07,3 + 1,"35,566",€12.70,"€451,688"
30.09.2025,Tuesday,"Tuesday, 30th September 2025","€19,243,843",08 11 13 24 27,03 07,3 + 0,"67,333",€12.70,"€855,129"
30.09.2025,Tuesday,"Tuesday, 30th September 2025","€19,243,843",08 11 13 24 27,03 07,1 + 2,"144,198",€7.60,"€1,095,905"
30.09.2025,Tuesday,"Tuesday, 30th September 2025","€19,243,843",08 11 13 24 27,03 07,2 + 1,"430,161",€7.60,"€3,269,224"
03.10.2025,Friday,"Friday, 3rd October 2025","€28,695,885",01 02 07 21 27,08 12,5 + 2,0,"€28,695,885","€28,695,885"
03.10.2025,Friday,"Friday, 3rd October 2025","€28,695,885",01 02 07 21 27,08 12,5 + 1,3,"€635,080.60","€1,905,242"
03.10.2025,Friday,"Friday, 3rd October 2025","€28,695,885",01 02 07 21 27,08 12,5 + 0,20,"€53,723.30","€1,074,466"
03.10.2025,Friday,"Friday, 3rd October 2025","€28,695,885",01 02 07 21 27,08 12,4 + 2,32,"€5,538.40","€177,229"
03.10.2025,Friday,"Friday, 3rd October 2025","€28,695,885",01 02 07 21 27,08 12,4 + 1,898,€246.70,"€221,537"
03.10.2025,Friday,"Friday, 3rd October 2025","€28,695,885",01 02 07 21 27,08 12,4 + 0,"2,567",€69.00,"€177,123"
03.10.2025,Friday,"Friday, 3rd October 2025","€28,695,885",01 02 07 21 27,08 12,3 + 2,"1,276",€190.90,"€243,588"
03.10.2025,Friday,"Friday, 3rd October 2025","€28,695,885",01 02 07 21 27,08 12,2 + 2,"17,015",€33.20,"€564,898"
03.10.2025,Friday,"Friday, 3rd October 2025","€28,695,885",01 02 07 21 27,08 12,3 + 1,"34,718",€18.10,"€628,396"
03.10.2025,Friday,"Friday, 3rd October 2025","€28,695,885",01 02 07 21 27,08 12,3 + 0,"92,495",€14.90,"€1,378,176"
03.10.2025,Friday,"Friday, 3rd October 2025","€28,695,885",01 02 07 21 27,08 12,1 + 2,"87,538",€14.90,"€1,304,316"
03.10.2025,Friday,"Friday, 3rd October 2025","€28,695,885",01 02 07 21 27,08 12,2 + 1,"459,029",€9.70,"€4,452,581"
07.10.2025,Tuesday,"Friday, 3rd October 2025","€28,695,885",01 02 07 21 27,08 12,5 + 2,0,"€28,695,885","€28,695,885"
07.10.2025,Tuesday,"Friday, 3rd October 2025","€28,695,885",01 02 07 21 27,08 12,5 + 1,3,"€635,080.60","€1,905,242"
07.10.2025,Tuesday,"Friday, 3rd October 2025","€28,695,885",01 02 07 21 27,08 12,5 + 0,20,"€53,723.30","€1,074,466"
07.10.2025,Tuesday,"Friday, 3rd October 2025","€28,695,885",01 02 07 21 27,08 12,4 + 2,32,"€5,538.40","€177,229"
07.10.2025,Tuesday,"Friday, 3rd October 2025","€28,695,885",01 02 07 21 27,08 12,4 + 1,898,€246.70,"€221,537"
07.10.2025,Tuesday,"Friday, 3rd October 2025","€28,695,885",01 02 07 21 27,08 12,4 + 0,"2,567",€69.00,"€177,123"
07.10.2025,Tuesday,"Friday, 3rd October 2025","€28,695,885",01 02 07 21 27,08 12,3 + 2,"1,276",€190.90,"€243,588"
07.10.2025,Tuesday,"Friday, 3rd October 2025","€28,695,885",01 02 07 21 27,08 12,2 + 2,"17,015",€33.20,"€564,898"
07.10.2025,Tuesday,"Friday, 3rd October 2025","€28,695,885",01 02 07 21 27,08 12,3 + 1,"34,718",€18.10,"€628,396"
07.10.2025,Tuesday,"Friday, 3rd October 2025","€28,695,885",01 02 07 21 27,08 12,3 + 0,"92,495",€14.90,"€1,378,176"
07.10.2025,Tuesday,"Friday, 3rd October 2025","€28,695,885",01 02 07 21 27,08 12,1 + 2,"87,538",€14.90,"€1,304,316"
07.10.2025,Tuesday,"Friday, 3rd October 2025","€28,695,885",01 02 07 21 27,08 12,2 + 1,"459,029",€9.70,"€4,452,581"
10.10.2025,Friday,"Friday, 3rd October 2025","€28,695,885",01 02 07 21 27,08 12,5 + 2,0,"€28,695,885","€28,695,885"
10.10.2025,Friday,"Friday, 3rd October 2025","€28,695,885",01 02 07 21 27,08 12,5 + 1,3,"€635,080.60","€1,905,242"
10.10.2025,Friday,"Friday, 3rd October 2025","€28,695,885",01 02 07 21 27,08 12,5 + 0,20,"€53,723.30","€1,074,466"
10.10.2025,Friday,"Friday, 3rd October 2025","€28,695,885",01 02 07 21 27,08 12,4 + 2,32,"€5,538.40","€177,229"
10.10.2025,Friday,"Friday, 3rd October 2025","€28,695,885",01 02 07 21 27,08 12,4 + 1,898,€246.70,"€221,537"
10.10.2025,Friday,"Friday, 3rd October 2025","€28,695,885",01 02 07 21 27,08 12,4 + 0,"2,567",€69.00,"€177,123"
10.10.2025,Friday,"Friday, 3rd October 2025","€28,695,885",01 02 07 21 27,08 12,3 + 2,"1,276",€190.90,"€243,588"
10.10.2025,Friday,"Friday, 3rd October 2025","€28,695,885",01 02 07 21 27,08 12,2 + 2,"17,015",€33.20,"€564,898"
10.10.2025,Friday,"Friday, 3rd October 2025","€28,695,885",01 02 07 21 27,08 12,3 + 1,"34,718",€18.10,"€628,396"
10.10.2025,Friday,"Friday, 3rd October 2025","€28,695,885",01 02 07 21 27,08 12,3 + 0,"92,495",€14.90,"€1,378,176"
10.10.2025,Friday,"Friday, 3rd October 2025","€28,695,885",01 02 07 21 27,08 12,1 + 2,"87,538",€14.90,"€1,304,316"
10.10.2025,Friday,"Friday, 3rd October 2025","€28,695,885",01 02 07 21 27,08 12,2 + 1,"459,029",€9.70,"€4,452,581"
14.10.2025,Tuesday,"Friday, 3rd October 2025","€28,695,885",01 02 07 21 27,08 12,5 + 2,0,"€28,695,885","€28,695,885"
14.10.2025,Tuesday,"Friday, 3rd October 2025","€28,695,885",01 02 07 21 27,08 12,5 + 1,3,"€635,080.60","€1,905,242"
14.10.2025,Tuesday,"Friday, 3rd October 2025","€28,695,885",01 02 07 21 27,08 12,5 + 0,20,"€53,723.30","€1,074,466"
14.10.2025,Tuesday,"Friday, 3rd October 2025","€28,695,885",01 02 07 21 27,08 12,4 + 2,32,"€5,538.40","€177,229"
14.10.2025,Tuesday,"Friday, 3rd October 2025","€28,695,885",01 02 07 21 27,08 12,4 + 1,898,€246.70,"€221,537"
14.10.2025,Tuesday,"Friday, 3rd October 2025","€28,695,885",01 02 07 21 27,08 12,4 + 0,"2,567",€69.00,"€177,123"
14.10.2025,Tuesday,"Friday, 3rd October 2025","€28,695,885",01 02 07 21 27,08 12,3 + 2,"1,276",€190.90,"€243,588"
14.10.2025,Tuesday,"Friday, 3rd October 2025","€28,695,885",01 02 07 21 27,08 12,2 + 2,"17,015",€33.20,"€564,898"
14.10.2025,Tuesday,"Friday, 3rd October 2025","€28,695,885",01 02 07 21 27,08 12,3 + 1,"34,718",€18.10,"€628,396"
14.10.2025,Tuesday,"Friday, 3rd October 2025","€28,695,885",01 02 07 21 27,08 12,3 + 0,"92,495",€14.90,"€1,378,176"
14.10.2025,Tuesday,"Friday, 3rd October 2025","€28,695,885",01 02 07 21 27,08 12,1 + 2,"87,538",€14.90,"€1,304,316"
14.10.2025,Tuesday,"Friday, 3rd October 2025","€28,695,885",01 02 07 21 27,08 12,2 + 1,"459,029",€9.70,"€4,452,581"
17.10.2025,Friday,"Friday, 3rd October 2025","€28,695,885",01 02 07 21 27,08 12,5 + 2,0,"€28,695,885","€28,695,885"
17.10.2025,Friday,"Friday, 3rd October 2025","€28,695,885",01 02 07 21 27,08 12,5 + 1,3,"€635,080.60","€1,905,242"
17.10.2025,Friday,"Friday, 3rd October 2025","€28,695,885",01 02 07 21 27,08 12,5 + 0,20,"€53,723.30","€1,074,466"
17.10.2025,Friday,"Friday, 3rd October 2025","€28,695,885",01 02 07 21 27,08 12,4 + 2,32,"€5,538.40","€177,229"
17.10.2025,Friday,"Friday, 3rd October 2025","€28,695,885",01 02 07 21 27,08 12,4 + 1,898,€246.70,"€221,537"
17.10.2025,Friday,"Friday, 3rd October 2025","€28,695,885",01 02 07 21 27,08 12,4 + 0,"2,567",€69.00,"€177,123"
17.10.2025,Friday,"Friday, 3rd October 2025","€28,695,885",01 02 07 21 27,08 12,3 + 2,"1,276",€190.90,"€243,588"
17.10.2025,Friday,"Friday, 3rd October 2025","€28,695,885",01 02 07 21 27,08 12,2 + 2,"17,015",€33.20,"€564,898"
17.10.2025,Friday,"Friday, 3rd October 2025","€28,695,885",01 02 07 21 27,08 12,3 + 1,"34,718",€18.10,"€628,396"
17.10.2025,Friday,"Friday, 3rd October 2025","€28,695,885",01 02 07 21 27,08 12,3 + 0,"92,495",€14.90,"€1,378,176"
17.10.2025,Friday,"Friday, 3rd October 2025","€28,695,885",01 02 07 21 27,08 12,1 + 2,"87,538",€14.90,"€1,304,316"
17.10.2025,Friday,"Friday, 3rd October 2025","€28,695,885",01 02 07 21 27,08 12,2 + 1,"459,029",€9.70,"€4,452,581"
21.10.2025,Tuesday,"Friday, 3rd October 2025","€28,695,885",01 02 07 21 27,08 12,5 + 2,0,"€28,695,885","€28,695,885"
21.10.2025,Tuesday,"Friday, 3rd October 2025","€28,695,885",01 02 07 21 27,08 12,5 + 1,3,"€635,080.60","€1,905,242"
21.10.2025,Tuesday,"Friday, 3rd October 2025","€28,695,885",01 02 07 21 27,08 12,5 + 0,20,"€53,723.30","€1,074,466"
21.10.2025,Tuesday,"Friday, 3rd October 2025","€28,695,885",01 02 07 21 27,08 12,4 + 2,32,"€5,538.40","€177,229"
21.10.2025,Tuesday,"Friday, 3rd October 2025","€28,695,885",01 02 07 21 27,08 12,4 + 1,898,€246.70,"€221,537"
21.10.2025,Tuesday,"Friday, 3rd October 2025","€28,695,885",01 02 07 21 27,08 12,4 + 0,"2,567",€69.00,"€177,123"
21.10.2025,Tuesday,"Friday, 3rd October 2025","€28,695,885",01 02 07 21 27,08 12,3 + 2,"1,276",€190.90,"€243,588"
21.10.2025,Tuesday,"Friday, 3rd October 2025","€28,695,885",01 02 07 21 27,08 12,2 + 2,"17,015",€33.20,"€564,898"
21.10.2025,Tuesday,"Friday, 3rd October 2025","€28,695,885",01 02 07 21 27,08 12,3 + 1,"34,718",€18.10,"€628,396"
21.10.2025,Tuesday,"Friday, 3rd October 2025","€28,695,885",01 02 07 21 27,08 12,3 + 0,"92,495",€14.90,"€1,378,176"
21.10.2025,Tuesday,"Friday, 3rd October 2025","€28,695,885",01 02 07 21 27,08 12,1 + 2,"87,538",€14.90,"€1,304,316"
21.10.2025,Tuesday,"Friday, 3rd October 2025","€28,695,885",01 02 07 21 27,08 12,2 + 1,"459,029",€9.70,"€4,452,581"
24.10.2025,Friday,"Friday, 3rd October 2025","€28,695,885",01 02 07 21 27,08 12,5 + 2,0,"€28,695,885","€28,695,885"
24.10.2025,Friday,"Friday, 3rd October 2025","€28,695,885",01 02 07 21 27,08 12,5 + 1,3,"€635,080.60","€1,905,242"
24.10.2025,Friday,"Friday, 3rd October 2025","€28,695,885",01 02 07 21 27,08 12,5 + 0,20,"€53,723.30","€1,074,466"
24.10.2025,Friday,"Friday, 3rd October 2025","€28,695,885",01 02 07 21 27,08 12,4 + 2,32,"€5,538.40","€177,229"
24.10.2025,Friday,"Friday, 3rd October 2025","€28,695,885",01 02 07 21 27,08 12,4 + 1,898,€246.70,"€221,537"
24.10.2025,Friday,"Friday, 3rd October 2025","€28,695,885",01 02 07 21 27,08 12,4 + 0,"2,567",€69.00,"€177,123"
24.10.2025,Friday,"Friday, 3rd October 2025","€28,695,885",01 02 07 21 27,08 12,3 + 2,"1,276",€190.90,"€243,588"
24.10.2025,Friday,"Friday, 3rd October 2025","€28,695,885",01 02 07 21 27,08 12,2 + 2,"17,015",€33.20,"€564,898"
24.10.2025,Friday,"Friday, 3rd October 2025","€28,695,885",01 02 07 21 27,08 12,3 + 1,"34,718",€18.10,"€628,396"
24.10.2025,Friday,"Friday, 3rd October 2025","€28,695,885",01 02 07 21 27,08 12,3 + 0,"92,495",€14.90,"€1,378,176"
24.10.2025,Friday,"Friday, 3rd October 2025","€28,695,885",01 02 07 21 27,08 12,1 + 2,"87,538",€14.90,"€1,304,316"
24.10.2025,Friday,"Friday, 3rd October 2025","€28,695,885",01 02 07 21 27,08 12,2 + 1,"459,029",€9.70,"€4,452,581"
28.10.2025,Tuesday,"Friday, 3rd October 2025","€28,695,885",01 02 07 21 27,08 12,5 + 2,0,"€28,695,885","€28,695,885"
28.10.2025,Tuesday,"Friday, 3rd October 2025","€28,695,885",01 02 07 21 27,08 12,5 + 1,3,"€635,080.60","€1,905,242"
28.10.2025,Tuesday,"Friday, 3rd October 2025","€28,695,885",01 02 07 21 27,08 12,5 + 0,20,"€53,723.30","€1,074,466"
28.10.2025,Tuesday,"Friday, 3rd October 2025","€28,695,885",01 02 07 21 27,08 12,4 + 2,32,"€5,538.40","€177,229"
28.10.2025,Tuesday,"Friday, 3rd October 2025","€28,695,885",01 02 07 21 27,08 12,4 + 1,898,€246.70,"€221,537"
28.10.2025,Tuesday,"Friday, 3rd October 2025","€28,695,885",01 02 07 21 27,08 12,4 + 0,"2,567",€69.00,"€177,123"
28.10.2025,Tuesday,"Friday, 3rd October 2025","€28,695,885",01 02 07 21 27,08 12,3 + 2,"1,276",€190.90,"€243,588"
28.10.2025,Tuesday,"Friday, 3rd October 2025","€28,695,885",01 02 07 21 27,08 12,2 + 2,"17,015",€33.20,"€564,898"
28.10.2025,Tuesday,"Friday, 3rd October 2025","€28,695,885",01 02 07 21 27,08 12,3 + 1,"34,718",€18.10,"€628,396"
28.10.2025,Tuesday,"Friday, 3rd October 2025","€28,695,885",01 02 07 21 27,08 12,3 + 0,"92,495",€14.90,"€1,378,176"
28.10.2025,Tuesday,"Friday, 3rd October 2025","€28,695,885",01 02 07 21 27,08 12,1 + 2,"87,538",€14.90,"€1,304,316"
28.10.2025,Tuesday,"Friday, 3rd October 2025","€28,695,885",01 02 07 21 27,08 12,2 + 1,"459,029",€9.70,"€4,452,581"
31.10.2025,Friday,"Friday, 3rd October 2025","€28,695,885",01 02 07 21 27,08 12,5 + 2,0,"€28,695,885","€28,695,885"
31.10.2025,Friday,"Friday, 3rd October 2025","€28,695,885",01 02 07 21 27,08 12,5 + 1,3,"€635,080.60","€1,905,242"
31.10.2025,Friday,"Friday, 3rd October 2025","€28,695,885",01 02 07 21 27,08 12,5 + 0,20,"€53,723.30","€1,074,466"
31.10.2025,Friday,"Friday, 3rd October 2025","€28,695,885",01 02 07 21 27,08 12,4 + 2,32,"€5,538.40","€177,229"
31.10.2025,Friday,"Friday, 3rd October 2025","€28,695,885",01 02 07 21 27,08 12,4 + 1,898,€246.70,"€221,537"
31.10.2025,Friday,"Friday, 3rd October 2025","€28,695,885",01 02 07 21 27,08 12,4 + 0,"2,567",€69.00,"€177,123"
31.10.2025,Friday,"Friday, 3rd October 2025","€28,695,885",01 02 07 21 27,08 12,3 + 2,"1,276",€190.90,"€243,588"
31.10.2025,Friday,"Friday, 3rd October 2025","€28,695,885",01 02 07 21 27,08 12,2 + 2,"17,015",€33.20,"€564,898"
31.10.2025,Friday,"Friday, 3rd October 2025","€28,695,885",01 02 07 21 27,08 12,3 + 1,"34,718",€18.10,"€628,396"
31.10.2025,Friday,"Friday, 3rd October 2025","€28,695,885",01 02 07 21 27,08 12,3 + 0,"92,495",€14.90,"€1,378,176"
31.10.2025,Friday,"Friday, 3rd October 2025","€28,695,885",01 02 07 21 27,08 12,1 + 2,"87,538",€14.90,"€1,304,316"
31.10.2025,Friday,"Friday, 3rd October 2025","€28,695,885",01 02 07 21 27,08 12,2 + 1,"459,029",€9.70,"€4,452,581"
04.11.2025,Tuesday,"Friday, 3rd October 2025","€28,695,885",01 02 07 21 27,08 12,5 + 2,0,"€28,695,885","€28,695,885"
04.11.2025,Tuesday,"Friday, 3rd October 2025","€28,695,885",01 02 07 21 27,08 12,5 + 1,3,"€635,080.60","€1,905,242"
04.11.2025,Tuesday,"Friday, 3rd October 2025","€28,695,885",01 02 07 21 27,08 12,5 + 0,20,"€53,723.30","€1,074,466"
04.11.2025,Tuesday,"Friday, 3rd October 2025","€28,695,885",01 02 07 21 27,08 12,4 + 2,32,"€5,538.40","€177,229"
04.11.2025,Tuesday,"Friday, 3rd October 2025","€28,695,885",01 02 07 21 27,08 12,4 + 1,898,€246.70,"€221,537"
04.11.2025,Tuesday,"Friday, 3rd October 2025","€28,695,885",01 02 07 21 27,08 12,4 + 0,"2,567",€69.00,"€177,123"
04.11.2025,Tuesday,"Friday, 3rd October 2025","€28,695,885",01 02 07 21 27,08 12,3 + 2,"1,276",€190.90,"€243,588"
04.11.2025,Tuesday,"Friday, 3rd October 2025","€28,695,885",01 02 07 21 27,08 12,2 + 2,"17,015",€33.20,"€564,898"
04.11.2025,Tuesday,"Friday, 3rd October 2025","€28,695,885",01 02 07 21 27,08 12,3 + 1,"34,718",€18.10,"€628,396"
04.11.2025,Tuesday,"Friday, 3rd October 2025","€28,695,885",01 02 07 21 27,08 12,3 + 0,"92,495",€14.90,"€1,378,176"
04.11.2025,Tuesday,"Friday, 3rd October 2025","€28,695,885",01 02 07 21 27,08 12,1 + 2,"87,538",€14.90,"€1,304,316"
04.11.2025,Tuesday,"Friday, 3rd October 2025","€28,695,885",01 02 07 21 27,08 12,2 + 1,"459,029",€9.70,"€4,452,581"
07.11.2025,Friday,"Friday, 3rd October 2025","€28,695,885",01 02 07 21 27,08 12,5 + 2,0,"€28,695,885","€28,695,885"
07.11.2025,Friday,"Friday, 3rd October 2025","€28,695,885",01 02 07 21 27,08 12,5 + 1,3,"€635,080.60","€1,905,242"
07.11.2025,Friday,"Friday, 3rd October 2025","€28,695,885",01 02 07 21 27,08 12,5 + 0,20,"€53,723.30","€1,074,466"
07.11.2025,Friday,"Friday, 3rd October 2025","€28,695,885",01 02 07 21 27,08 12,4 + 2,32,"€5,538.40","€177,229"
07.11.2025,Friday,"Friday, 3rd October 2025","€28,695,885",01 02 07 21 27,08 12,4 + 1,898,€246.70,"€221,537"
07.11.2025,Friday,"Friday, 3rd October 2025","€28,695,885",01 02 07 21 27,08 12,4 + 0,"2,567",€69.00,"€177,123"
07.11.2025,Friday,"Friday, 3rd October 2025","€28,695,885",01 02 07 21 27,08 12,3 + 2,"1,276",€190.90,"€243,588"
07.11.2025,Friday,"Friday, 3rd October 2025","€28,695,885",01 02 07 21 27,08 12,2 + 2,"17,015",€33.20,"€564,898"
07.11.2025,Friday,"Friday, 3rd October 2025","€28,695,885",01 02 07 21 27,08 12,3 + 1,"34,718",€18.10,"€628,396"
07.11.2025,Friday,"Friday, 3rd October 2025","€28,695,885",01 02 07 21 27,08 12,3 + 0,"92,495",€14.90,"€1,378,176"
07.11.2025,Friday,"Friday, 3rd October 2025","€28,695,885",01 02 07 21 27,08 12,1 + 2,"87,538",€14.90,"€1,304,316"
07.11.2025,Friday,"Friday, 3rd October 2025","€28,695,885",01 02 07 21 27,08 12,2 + 1,"459,029",€9.70,"€4,452,581"
11.11.2025,Tuesday,"Friday, 3rd October 2025","€28,695,885",01 02 07 21 27,08 12,5 + 2,0,"€28,695,885","€28,695,885"
11.11.2025,Tuesday,"Friday, 3rd October 2025","€28,695,885",01 02 07 21 27,08 12,5 + 1,3,"€635,080.60","€1,905,242"
11.11.2025,Tuesday,"Friday, 3rd October 2025","€28,695,885",01 02 07 21 27,08 12,5 + 0,20,"€53,723.30","€1,074,466"
11.11.2025,Tuesday,"Friday, 3rd October 2025","€28,695,885",01 02 07 21 27,08 12,4 + 2,32,"€5,538.40","€177,229"
11.11.2025,Tuesday,"Friday, 3rd October 2025","€28,695,885",01 02 07 21 27,08 12,4 + 1,898,€246.70,"€221,537"
11.11.2025,Tuesday,"Friday, 3rd October 2025","€28,695,885",01 02 07 21 27,08 12,4 + 0,"2,567",€69.00,"€177,123"
11.11.2025,Tuesday,"Friday, 3rd October 2025","€28,695,885",01 02 07 21 27,08 12,3 + 2,"1,276",€190.90,"€243,588"
11.11.2025,Tuesday,"Friday, 3rd October 2025","€28,695,885",01 02 07 21 27,08 12,2 + 2,"17,015",€33.20,"€564,898"
11.11.2025,Tuesday,"Friday, 3rd October 2025","€28,695,885",01 02 07 21 27,08 12,3 + 1,"34,718",€18.10,"€628,396"
11.11.2025,Tuesday,"Friday, 3rd October 2025","€28,695,885",01 02 07 21 27,08 12,3 + 0,"92,495",€14.90,"€1,378,176"
11.11.2025,Tuesday,"Friday, 3rd October 2025","€28,695,885",01 02 07 21 27,08 12,1 + 2,"87,538",€14.90,"€1,304,316"
11.11.2025,Tuesday,"Friday, 3rd October 2025","€28,695,885",01 02 07 21 27,08 12,2 + 1,"459,029",€9.70,"€4,452,581"
14.11.2025,Friday,"Friday, 3rd October 2025","€28,695,885",01 02 07 21 27,08 12,5 + 2,0,"€28,695,885","€28,695,885"
14.11.2025,Friday,"Friday, 3rd October 2025","€28,695,885",01 02 07 21 27,08 12,5 + 1,3,"€635,080.60","€1,905,242"
14.11.2025,Friday,"Friday, 3rd October 2025","€28,695,885",01 02 07 21 27,08 12,5 + 0,20,"€53,723.30","€1,074,466"
14.11.2025,Friday,"Friday, 3rd October 2025","€28,695,885",01 02 07 21 27,08 12,4 + 2,32,"€5,538.40","€177,229"
14.11.2025,Friday,"Friday, 3rd October 2025","€28,695,885",01 02 07 21 27,08 12,4 + 1,898,€246.70,"€221,537"
14.11.2025,Friday,"Friday, 3rd October 2025","€28,695,885",01 02 07 21 27,08 12,4 + 0,"2,567",€69.00,"€177,123"
14.11.2025,Friday,"Friday, 3rd October 2025","€28,695,885",01 02 07 21 27,08 12,3 + 2,"1,276",€190.90,"€243,588"
14.11.2025,Friday,"Friday, 3rd October 2025","€28,695,885",01 02 07 21 27,08 12,2 + 2,"17,015",€33.20,"€564,898"
14.11.2025,Friday,"Friday, 3rd October 2025","€28,695,885",01 02 07 21 27,08 12,3 + 1,"34,718",€18.10,"€628,396"
14.11.2025,Friday,"Friday, 3rd October 2025","€28,695,885",01 02 07 21 27,08 12,3 + 0,"92,495",€14.90,"€1,378,176"
14.11.2025,Friday,"Friday, 3rd October 2025","€28,695,885",01 02 07 21 27,08 12,1 + 2,"87,538",€14.90,"€1,304,316"
14.11.2025,Friday,"Friday, 3rd October 2025","€28,695,885",01 02 07 21 27,08 12,2 + 1,"459,029",€9.70,"€4,452,581"
18.11.2025,Tuesday,"Friday, 3rd October 2025","€28,695,885",01 02 07 21 27,08 12,5 + 2,0,"€28,695,885","€28,695,885"
18.11.2025,Tuesday,"Friday, 3rd October 2025","€28,695,885",01 02 07 21 27,08 12,5 + 1,3,"€635,080.60","€1,905,242"
18.11.2025,Tuesday,"Friday, 3rd October 2025","€28,695,885",01 02 07 21 27,08 12,5 + 0,20,"€53,723.30","€1,074,466"
18.11.2025,Tuesday,"Friday, 3rd October 2025","€28,695,885",01 02 07 21 27,08 12,4 + 2,32,"€5,538.40","€177,229"
18.11.2025,Tuesday,"Friday, 3rd October 2025","€28,695,885",01 02 07 21 27,08 12,4 + 1,898,€246.70,"€221,537"
18.11.2025,Tuesday,"Friday, 3rd October 2025","€28,695,885",01 02 07 21 27,08 12,4 + 0,"2,567",€69.00,"€177,123"
18.11.2025,Tuesday,"Friday, 3rd October 2025","€28,695,885",01 02 07 21 27,08 12,3 + 2,"1,276",€190.90,"€243,588"
18.11.2025,Tuesday,"Friday, 3rd October 2025","€28,695,885",01 02 07 21 27,08 12,2 + 2,"17,015",€33.20,"€564,898"
18.11.2025,Tuesday,"Friday, 3rd October 2025","€28,695,885",01 02 07 21 27,08 12,3 + 1,"34,718",€18.10,"€628,396"
18.11.2025,Tuesday,"Friday, 3rd October 2025","€28,695,885",01 02 07 21 27,08 12,3 + 0,"92,495",€14.90,"€1,378,176"
18.11.2025,Tuesday,"Friday, 3rd October 2025","€28,695,885",01 02 07 21 27,08 12,1 + 2,"87,538",€14.90,"€1,304,316"
18.11.2025,Tuesday,"Friday, 3rd October 2025","€28,695,885",01 02 07 21 27,08 12,2 + 1,"459,029",€9.70,"€4,452,581"
21.11.2025,Friday,"Friday, 3rd October 2025","€28,695,885",01 02 07 21 27,08 12,5 + 2,0,"€28,695,885","€28,695,885"
21.11.2025,Friday,"Friday, 3rd October 2025","€28,695,885",01 02 07 21 27,08 12,5 + 1,3,"€635,080.60","€1,905,242"
21.11.2025,Friday,"Friday, 3rd October 2025","€28,695,885",01 02 07 21 27,08 12,5 + 0,20,"€53,723.30","€1,074,466"
21.11.2025,Friday,"Friday, 3rd October 2025","€28,695,885",01 02 07 21 27,08 12,4 + 2,32,"€5,538.40","€177,229"
21.11.2025,Friday,"Friday, 3rd October 2025","€28,695,885",01 02 07 21 27,08 12,4 + 1,898,€246.70,"€221,537"
21.11.2025,Friday,"Friday, 3rd October 2025","€28,695,885",01 02 07 21 27,08 12,4 + 0,"2,567",€69.00,"€177,123"
21.11.2025,Friday,"Friday, 3rd October 2025","€28,695,885",01 02 07 21 27,08 12,3 + 2,"1,276",€190.90,"€243,588"
21.11.2025,Friday,"Friday, 3rd October 2025","€28,695,885",01 02 07 21 27,08 12,2 + 2,"17,015",€33.20,"€564,898"
21.11.2025,Friday,"Friday, 3rd October 2025","€28,695,885",01 02 07 21 27,08 12,3 + 1,"34,718",€18.10,"€628,396"
21.11.2025,Friday,"Friday, 3rd October 2025","€28,695,885",01 02 07 21 27,08 12,3 + 0,"92,495",€14.90,"€1,378,176"
21.11.2025,Friday,"Friday, 3rd October 2025","€28,695,885",01 02 07 21 27,08 12,1 + 2,"87,538",€14.90,"€1,304,316"
21.11.2025,Friday,"Friday, 3rd October 2025","€28,695,885",01 02 07 21 27,08 12,2 + 1,"459,029",€9.70,"€4,452,581"
25.11.2025,Tuesday,"Friday, 3rd October 2025","€28,695,885",01 02 07 21 27,08 12,5 + 2,0,"€28,695,885","€28,695,885"
25.11.2025,Tuesday,"Friday, 3rd October 2025","€28,695,885",01 02 07 21 27,08 12,5 + 1,3,"€635,080.60","€1,905,242"
25.11.2025,Tuesday,"Friday, 3rd October 2025","€28,695,885",01 02 07 21 27,08 12,5 + 0,20,"€53,723.30","€1,074,466"
25.11.2025,Tuesday,"Friday, 3rd October 2025","€28,695,885",01 02 07 21 27,08 12,4 + 2,32,"€5,538.40","€177,229"
25.11.2025,Tuesday,"Friday, 3rd October 2025","€28,695,885",01 02 07 21 27,08 12,4 + 1,898,€246.70,"€221,537"
25.11.2025,Tuesday,"Friday, 3rd October 2025","€28,695,885",01 02 07 21 27,08 12,4 + 0,"2,567",€69.00,"€177,123"
25.11.2025,Tuesday,"Friday, 3rd October 2025","€28,695,885",01 02 07 21 27,08 12,3 + 2,"1,276",€190.90,"€243,588"
25.11.2025,Tuesday,"Friday, 3rd October 2025","€28,695,885",01 02 07 21 27,08 12,2 + 2,"17,015",€33.20,"€564,898"
25.11.2025,Tuesday,"Friday, 3rd October 2025","€28,695,885",01 02 07 21 27,08 12,3 + 1,"34,718",€18.10,"€628,396"
25.11.2025,Tuesday,"Friday, 3rd October 2025","€28,695,885",01 02 07 21 27,08 12,3 + 0,"92,495",€14.90,"€1,378,176"
25.11.2025,Tuesday,"Friday, 3rd October 2025","€28,695,885",01 02 07 21 27,08 12,1 + 2,"87,538",€14.90,"€1,304,316"
25.11.2025,Tuesday,"Friday, 3rd October 2025","€28,695,885",01 02 07 21 27,08 12,2 + 1,"459,029",€9.70,"€4,452,581"
28.11.2025,Friday,"Friday, 3rd October 2025","€28,695,885",01 02 07 21 27,08 12,5 + 2,0,"€28,695,885","€28,695,885"
28.11.2025,Friday,"Friday, 3rd October 2025","€28,695,885",01 02 07 21 27,08 12,5 + 1,3,"€635,080.60","€1,905,242"
28.11.2025,Friday,"Friday, 3rd October 2025","€28,695,885",01 02 07 21 27,08 12,5 + 0,20,"€53,723.30","€1,074,466"
28.11.2025,Friday,"Friday, 3rd October 2025","€28,695,885",01 02 07 21 27,08 12,4 + 2,32,"€5,538.40","€177,229"
28.11.2025,Friday,"Friday, 3rd October 2025","€28,695,885",01 02 07 21 27,08 12,4 + 1,898,€246.70,"€221,537"
28.11.2025,Friday,"Friday, 3rd October 2025","€28,695,885",01 02 07 21 27,08 12,4 + 0,"2,567",€69.00,"€177,123"
28.11.2025,Friday,"Friday, 3rd October 2025","€28,695,885",01 02 07 21 27,08 12,3 + 2,"1,276",€190.90,"€243,588"
28.11.2025,Friday,"Friday, 3rd October 2025","€28,695,885",01 02 07 21 27,08 12,2 + 2,"17,015",€33.20,"€564,898"
28.11.2025,Friday,"Friday, 3rd October 2025","€28,695,885",01 02 07 21 27,08 12,3 + 1,"34,718",€18.10,"€628,396"
28.11.2025,Friday,"Friday, 3rd October 2025","€28,695,885",01 02 07 21 27,08 12,3 + 0,"92,495",€14.90,"€1,378,176"
28.11.2025,Friday,"Friday, 3rd October 2025","€28,695,885",01 02 07 21 27,08 12,1 + 2,"87,538",€14.90,"€1,304,316"
28.11.2025,Friday,"Friday, 3rd October 2025","€28,695,885",01 02 07 21 27,08 12,2 + 1,"459,029",€9.70,"€4,452,581"
02.12.2025,Tuesday,"Friday, 3rd October 2025","€28,695,885",01 02 07 21 27,08 12,5 + 2,0,"€28,695,885","€28,695,885"
02.12.2025,Tuesday,"Friday, 3rd October 2025","€28,695,885",01 02 07 21 27,08 12,5 + 1,3,"€635,080.60","€1,905,242"
02.12.2025,Tuesday,"Friday, 3rd October 2025","€28,695,885",01 02 07 21 27,08 12,5 + 0,20,"€53,723.30","€1,074,466"
02.12.2025,Tuesday,"Friday, 3rd October 2025","€28,695,885",01 02 07 21 27,08 12,4 + 2,32,"€5,538.40","€177,229"
02.12.2025,Tuesday,"Friday, 3rd October 2025","€28,695,885",01 02 07 21 27,08 12,4 + 1,898,€246.70,"€221,537"
02.12.2025,Tuesday,"Friday, 3rd October 2025","€28,695,885",01 02 07 21 27,08 12,4 + 0,"2,567",€69.00,"€177,123"
02.12.2025,Tuesday,"Friday, 3rd October 2025","€28,695,885",01 02 07 21 27,08 12,3 + 2,"1,276",€190.90,"€243,588"
02.12.2025,Tuesday,"Friday, 3rd October 2025","€28,695,885",01 02 07 21 27,08 12,2 + 2,"17,015",€33.20,"€564,898"
02.12.2025,Tuesday,"Friday, 3rd October 2025","€28,695,885",01 02 07 21 27,08 12,3 + 1,"34,718",€18.10,"€628,396"
02.12.2025,Tuesday,"Friday, 3rd October 2025","€28,695,885",01 02 07 21 27,08 12,3 + 0,"92,495",€14.90,"€1,378,176"
02.12.2025,Tuesday,"Friday, 3rd October 2025","€28,695,885",01 02 07 21 27,08 12,1 + 2,"87,538",€14.90,"€1,304,316"
02.12.2025,Tuesday,"Friday, 3rd October 2025","€28,695,885",01 02 07 21 27,08 12,2 + 1,"459,029",€9.70,"€4,452,581"
05.12.2025,Friday,"Friday, 3rd October 2025","€28,695,885",01 02 07 21 27,08 12,5 + 2,0,"€28,695,885","€28,695,885"
05.12.2025,Friday,"Friday, 3rd October 2025","€28,695,885",01 02 07 21 27,08 12,5 + 1,3,"€635,080.60","€1,905,242"
05.12.2025,Friday,"Friday, 3rd October 2025","€28,695,885",01 02 07 21 27,08 12,5 + 0,20,"€53,723.30","€1,074,466"
05.12.2025,Friday,"Friday, 3rd October 2025","€28,695,885",01 02 07 21 27,08 12,4 + 2,32,"€5,538.40","€177,229"
05.12.2025,Friday,"Friday, 3rd October 2025","€28,695,885",01 02 07 21 27,08 12,4 + 1,898,€246.70,"€221,537"
05.12.2025,Friday,"Friday, 3rd October 2025","€28,695,885",01 02 07 21 27,08 12,4 + 0,"2,567",€69.00,"€177,123"
05.12.2025,Friday,"Friday, 3rd October 2025","€28,695,885",01 02 07 21 27,08 12,3 + 2,"1,276",€190.90,"€243,588"
05.12.2025,Friday,"Friday, 3rd October 2025","€28,695,885",01 02 07 21 27,08 12,2 + 2,"17,015",€33.20,"€564,898"
05.12.2025,Friday,"Friday, 3rd October 2025","€28,695,885",01 02 07 21 27,08 12,3 + 1,"34,718",€18.10,"€628,396"
05.12.2025,Friday,"Friday, 3rd October 2025","€28,695,885",01 02 07 21 27,08 12,3 + 0,"92,495",€14.90,"€1,378,176"
05.12.2025,Friday,"Friday, 3rd October 2025","€28,695,885",01 02 07 21 27,08 12,1 + 2,"87,538",€14.90,"€1,304,316"
05.12.2025,Friday,"Friday, 3rd October 2025","€28,695,885",01 02 07 21 27,08 12,2 + 1,"459,029",€9.70,"€4,452,581"
09.12.2025,Tuesday,"Friday, 3rd October 2025","€28,695,885",01 02 07 21 27,08 12,5 + 2,0,"€28,695,885","€28,695,885"
09.12.2025,Tuesday,"Friday, 3rd October 2025","€28,695,885",01 02 07 21 27,08 12,5 + 1,3,"€635,080.60","€1,905,242"
09.12.2025,Tuesday,"Friday, 3rd October 2025","€28,695,885",01 02 07 21 27,08 12,5 + 0,20,"€53,723.30","€1,074,466"
09.12.2025,Tuesday,"Friday, 3rd October 2025","€28,695,885",01 02 07 21 27,08 12,4 + 2,32,"€5,538.40","€177,229"
09.12.2025,Tuesday,"Friday, 3rd October 2025","€28,695,885",01 02 07 21 27,08 12,4 + 1,898,€246.70,"€221,537"
09.12.2025,Tuesday,"Friday, 3rd October 2025","€28,695,885",01 02 07 21 27,08 12,4 + 0,"2,567",€69.00,"€177,123"
09.12.2025,Tuesday,"Friday, 3rd October 2025","€28,695,885",01 02 07 21 27,08 12,3 + 2,"1,276",€190.90,"€243,588"
09.12.2025,Tuesday,"Friday, 3rd October 2025","€28,695,885",01 02 07 21 27,08 12,2 + 2,"17,015",€33.20,"€564,898"
09.12.2025,Tuesday,"Friday, 3rd October 2025","€28,695,885",01 02 07 21 27,08 12,3 + 1,"34,718",€18.10,"€628,396"
09.12.2025,Tuesday,"Friday, 3rd October 2025","€28,695,885",01 02 07 21 27,08 12,3 + 0,"92,495",€14.90,"€1,378,176"
09.12.2025,Tuesday,"Friday, 3rd October 2025","€28,695,885",01 02 07 21 27,08 12,1 + 2,"87,538",€14.90,"€1,304,316"
09.12.2025,Tuesday,"Friday, 3rd October 2025","€28,695,885",01 02 07 21 27,08 12,2 + 1,"459,029",€9.70,"€4,452,581"
12.12.2025,Friday,"Friday, 3rd October 2025","€28,695,885",01 02 07 21 27,08 12,5 + 2,0,"€28,695,885","€28,695,885"
12.12.2025,Friday,"Friday, 3rd October 2025","€28,695,885",01 02 07 21 27,08 12,5 + 1,3,"€635,080.60","€1,905,242"
12.12.2025,Friday,"Friday, 3rd October 2025","€28,695,885",01 02 07 21 27,08 12,5 + 0,20,"€53,723.30","€1,074,466"
12.12.2025,Friday,"Friday, 3rd October 2025","€28,695,885",01 02 07 21 27,08 12,4 + 2,32,"€5,538.40","€177,229"
12.12.2025,Friday,"Friday, 3rd October 2025","€28,695,885",01 02 07 21 27,08 12,4 + 1,898,€246.70,"€221,537"
12.12.2025,Friday,"Friday, 3rd October 2025","€28,695,885",01 02 07 21 27,08 12,4 + 0,"2,567",€69.00,"€177,123"
12.12.2025,Friday,"Friday, 3rd October 2025","€28,695,885",01 02 07 21 27,08 12,3 + 2,"1,276",€190.90,"€243,588"
12.12.2025,Friday,"Friday, 3rd October 2025","€28,695,885",01 02 07 21 27,08 12,2 + 2,"17,015",€33.20,"€564,898"
12.12.2025,Friday,"Friday, 3rd October 2025","€28,695,885",01 02 07 21 27,08 12,3 + 1,"34,718",€18.10,"€628,396"
12.12.2025,Friday,"Friday, 3rd October 2025","€28,695,885",01 02 07 21 27,08 12,3 + 0,"92,495",€14.90,"€1,378,176"
12.12.2025,Friday,"Friday, 3rd October 2025","€28,695,885",01 02 07 21 27,08 12,1 + 2,"87,538",€14.90,"€1,304,316"
12.12.2025,Friday,"Friday, 3rd October 2025","€28,695,885",01 02 07 21 27,08 12,2 + 1,"459,029",€9.70,"€4,452,581"
16.12.2025,Tuesday,"Friday, 3rd October 2025","€28,695,885",01 02 07 21 27,08 12,5 + 2,0,"€28,695,885","€28,695,885"
16.12.2025,Tuesday,"Friday, 3rd October 2025","€28,695,885",01 02 07 21 27,08 12,5 + 1,3,"€635,080.60","€1,905,242"
16.12.2025,Tuesday,"Friday, 3rd October 2025","€28,695,885",01 02 07 21 27,08 12,5 + 0,20,"€53,723.30","€1,074,466"
16.12.2025,Tuesday,"Friday, 3rd October 2025","€28,695,885",01 02 07 21 27,08 12,4 + 2,32,"€5,538.40","€177,229"
16.12.2025,Tuesday,"Friday, 3rd October 2025","€28,695,885",01 02 07 21 27,08 12,4 + 1,898,€246.70,"€221,537"
16.12.2025,Tuesday,"Friday, 3rd October 2025","€28,695,885",01 02 07 21 27,08 12,4 + 0,"2,567",€69.00,"€177,123"
16.12.2025,Tuesday,"Friday, 3rd October 2025","€28,695,885",01 02 07 21 27,08 12,3 + 2,"1,276",€190.90,"€243,588"
16.12.2025,Tuesday,"Friday, 3rd October 2025","€28,695,885",01 02 07 21 27,08 12,2 + 2,"17,015",€33.20,"€564,898"
16.12.2025,Tuesday,"Friday, 3rd October 2025","€28,695,885",01 02 07 21 27,08 12,3 + 1,"34,718",€18.10,"€628,396"
16.12.2025,Tuesday,"Friday, 3rd October 2025","€28,695,885",01 02 07 21 27,08 12,3 + 0,"92,495",€14.90,"€1,378,176"
16.12.2025,Tuesday,"Friday, 3rd October 2025","€28,695,885",01 02 07 21 27,08 12,1 + 2,"87,538",€14.90,"€1,304,316"
16.12.2025,Tuesday,"Friday, 3rd October 2025","€28,695,885",01 02 07 21 27,08 12,2 + 1,"459,029",€9.70,"€4,452,581"
19.12.2025,Friday,"Friday, 3rd October 2025","€28,695,885",01 02 07 21 27,08 12,5 + 2,0,"€28,695,885","€28,695,885"
19.12.2025,Friday,"Friday, 3rd October 2025","€28,695,885",01 02 07 21 27,08 12,5 + 1,3,"€635,080.60","€1,905,242"
19.12.2025,Friday,"Friday, 3rd October 2025","€28,695,885",01 02 07 21 27,08 12,5 + 0,20,"€53,723.30","€1,074,466"
19.12.2025,Friday,"Friday, 3rd October 2025","€28,695,885",01 02 07 21 27,08 12,4 + 2,32,"€5,538.40","€177,229"
19.12.2025,Friday,"Friday, 3rd October 2025","€28,695,885",01 02 07 21 27,08 12,4 + 1,898,€246.70,"€221,537"
19.12.2025,Friday,"Friday, 3rd October 2025","€28,695,885",01 02 07 21 27,08 12,4 + 0,"2,567",€69.00,"€177,123"
19.12.2025,Friday,"Friday, 3rd October 2025","€28,695,885",01 02 07 21 27,08 12,3 + 2,"1,276",€190.90,"€243,588"
19.12.2025,Friday,"Friday, 3rd October 2025","€28,695,885",01 02 07 21 27,08 12,2 + 2,"17,015",€33.20,"€564,898"
19.12.2025,Friday,"Friday, 3rd October 2025","€28,695,885",01 02 07 21 27,08 12,3 + 1,"34,718",€18.10,"€628,396"
19.12.2025,Friday,"Friday, 3rd October 2025","€28,695,885",01 02 07 21 27,08 12,3 + 0,"92,495",€14.90,"€1,378,176"
19.12.2025,Friday,"Friday, 3rd October 2025","€28,695,885",01 02 07 21 27,08 12,1 + 2,"87,538",€14.90,"€1,304,316"
19.12.2025,Friday,"Friday, 3rd October 2025","€28,695,885",01 02 07 21 27,08 12,2 + 1,"459,029",€9.70,"€4,452,581"
23.12.2025,Tuesday,"Friday, 3rd October 2025","€28,695,885",01 02 07 21 27,08 12,5 + 2,0,"€28,695,885","€28,695,885"
23.12.2025,Tuesday,"Friday, 3rd October 2025","€28,695,885",01 02 07 21 27,08 12,5 + 1,3,"€635,080.60","€1,905,242"
23.12.2025,Tuesday,"Friday, 3rd October 2025","€28,695,885",01 02 07 21 27,08 12,5 + 0,20,"€53,723.30","€1,074,466"
23.12.2025,Tuesday,"Friday, 3rd October 2025","€28,695,885",01 02 07 21 27,08 12,4 + 2,32,"€5,538.40","€177,229"
23.12.2025,Tuesday,"Friday, 3rd October 2025","€28,695,885",01 02 07 21 27,08 12,4 + 1,898,€246.70,"€221,537"
23.12.2025,Tuesday,"Friday, 3rd October 2025","€28,695,885",01 02 07 21 27,08 12,4 + 0,"2,567",€69.00,"€177,123"
23.12.2025,Tuesday,"Friday, 3rd October 2025","€28,695,885",01 02 07 21 27,08 12,3 + 2,"1,276",€190.90,"€243,588"
23.12.2025,Tuesday,"Friday, 3rd October 2025","€28,695,885",01 02 07 21 27,08 12,2 + 2,"17,015",€33.20,"€564,898"
23.12.2025,Tuesday,"Friday, 3rd October 2025","€28,695,885",01 02 07 21 27,08 12,3 + 1,"34,718",€18.10,"€628,396"
23.12.2025,Tuesday,"Friday, 3rd October 2025","€28,695,885",01 02 07 21 27,08 12,3 + 0,"92,495",€14.90,"€1,378,176"
23.12.2025,Tuesday,"Friday, 3rd October 2025","€28,695,885",01 02 07 21 27,08 12,1 + 2,"87,538",€14.90,"€1,304,316"
23.12.2025,Tuesday,"Friday, 3rd October 2025","€28,695,885",01 02 07 21 27,08 12,2 + 1,"459,029",€9.70,"€4,452,581"
26.12.2025,Friday,"Friday, 3rd October 2025","€28,695,885",01 02 07 21 27,08 12,5 + 2,0,"€28,695,885","€28,695,885"
26.12.2025,Friday,"Friday, 3rd October 2025","€28,695,885",01 02 07 21 27,08 12,5 + 1,3,"€635,080.60","€1,905,242"
26.12.2025,Friday,"Friday, 3rd October 2025","€28,695,885",01 02 07 21 27,08 12,5 + 0,20,"€53,723.30","€1,074,466"
26.12.2025,Friday,"Friday, 3rd October 2025","€28,695,885",01 02 07 21 27,08 12,4 + 2,32,"€5,538.40","€177,229"
26.12.2025,Friday,"Friday, 3rd October 2025","€28,695,885",01 02 07 21 27,08 12,4 + 1,898,€246.70,"€221,537"
26.12.2025,Friday,"Friday, 3rd October 2025","€28,695,885",01 02 07 21 27,08 12,4 + 0,"2,567",€69.00,"€177,123"
26.12.2025,Friday,"Friday, 3rd October 2025","€28,695,885",01 02 07 21 27,08 12,3 + 2,"1,276",€190.90,"€243,588"
26.12.2025,Friday,"Friday, 3rd October 2025","€28,695,885",01 02 07 21 27,08 12,2 + 2,"17,015",€33.20,"€564,898"
26.12.2025,Friday,"Friday, 3rd October 2025","€28,695,885",01 02 07 21 27,08 12,3 + 1,"34,718",€18.10,"€628,396"
26.12.2025,Friday,"Friday, 3rd October 2025","€28,695,885",01 02 07 21 27,08 12,3 + 0,"92,495",€14.90,"€1,378,176"
26.12.2025,Friday,"Friday, 3rd October 2025","€28,695,885",01 02 07 21 27,08 12,1 + 2,"87,538",€14.90,"€1,304,316"
26.12.2025,Friday,"Friday, 3rd October 2025","€28,695,885",01 02 07 21 27,08 12,2 + 1,"459,029",€9.70,"€4,452,581"
30.12.2025,Tuesday,"Friday, 3rd October 2025","€28,695,885",01 02 07 21 27,08 12,5 + 2,0,"€28,695,885","€28,695,885"
30.12.2025,Tuesday,"Friday, 3rd October 2025","€28,695,885",01 02 07 21 27,08 12,5 + 1,3,"€635,080.60","€1,905,242"
30.12.2025,Tuesday,"Friday, 3rd October 2025","€28,695,885",01 02 07 21 27,08 12,5 + 0,20,"€53,723.30","€1,074,466"
30.12.2025,Tuesday,"Friday, 3rd October 2025","€28,695,885",01 02 07 21 27,08 12,4 + 2,32,"€5,538.40","€177,229"
30.12.2025,Tuesday,"Friday, 3rd October 2025","€28,695,885",01 02 07 21 27,08 12,4 + 1,898,€246.70,"€221,537"
30.12.2025,Tuesday,"Friday, 3rd October 2025","€28,695,885",01 02 07 21 27,08 12,4 + 0,"2,567",€69.00,"€177,123"
30.12.2025,Tuesday,"Friday, 3rd October 2025","€28,695,885",01 02 07 21 27,08 12,3 + 2,"1,276",€190.90,"€243,588"
30.12.2025,Tuesday,"Friday, 3rd October 2025","€28,695,885",01 02 07 21 27,08 12,2 + 2,"17,015",€33.20,"€564,898"
30.12.2025,Tuesday,"Friday, 3rd October 2025","€28,695,885",01 02 07 21 27,08 12,3 + 1,"34,718",€18.10,"€628,396"
30.12.2025,Tuesday,"Friday, 3rd October 2025","€28,695,885",01 02 07 21 27,08 12,3 + 0,"92,495",€14.90,"€1,378,176"
30.12.2025,Tuesday,"Friday, 3rd October 2025","€28,695,885",01 02 07 21 27,08 12,1 + 2,"87,538",€14.90,"€1,304,316"
30.12.2025,Tuesday,"Friday, 3rd October 2025","€28,695,885",01 02 07 21 27,08 12,2 + 1,"459,029",€9.70,"€4,452,581"
