short_date,weekday,draw_date,jackpot,main_numbers,euro_numbers,Match,# of winners,prize / winner,prize fund
02.01.2024,Tuesday,"Tuesday, 2nd January 2024","€117,827,774",19 26 36 48 49,10 11,5 + 2,0,"€117,827,774","€117,827,774"
02.01.2024,Tuesday,"Tuesday, 2nd January 2024","€117,827,774",19 26 36 48 49,10 11,5 + 1,3,"€833,526.30","€2,500,579"
02.01.2024,Tuesday,"Tuesday, 2nd January 2024","€117,827,774",19 26 36 48 49,10 11,5 + 0,8,"€176,276.20","€1,410,210"
02.01.2024,Tuesday,"Tuesday, 2nd January 2024","€117,827,774",19 26 36 48 49,10 11,4 + 2,38,"€6,121.30","€232,609"
02.01.2024,Tuesday,"Tuesday, 2nd January 2024","€117,827,774",19 26 36 48 49,10 11,4 + 1,792,€367.10,"€290,743"
02.01.2024,Tuesday,"Tuesday, 2nd January 2024","€117,827,774",19 26 36 48 49,10 11,4 + 0,"1,531",€208.90,"€319,826"
02.01.2024,Tuesday,"Tuesday, 2nd January 2024","€117,827,774",19 26 36 48 49,10 11,3 + 2,"1,869",€124.40,"€232,504"
02.01.2024,Tuesday,"Tuesday, 2nd January 2024","€117,827,774",19 26 36 48 49,10 11,2 + 2,"22,139",€33.40,"€739,443"
02.01.2024,Tuesday,"Tuesday, 2nd January 2024","€117,827,774",19 26 36 48 49,10 11,3 + 1,"35,955",€23.00,"€826,965"
02.01.2024,Tuesday,"Tuesday, 2nd January 2024","€117,827,774",19 26 36 48 49,10 11,3 + 0,"89,915",€17.40,"€1,564,521"
02.01.2024,Tuesday,"Tuesday, 2nd January 2024","€117,827,774",19 26 36 48 49,10 11,1 + 2,"116,190",€16.80,"€1,951,992"
02.01.2024,Tuesday,"Tuesday, 2nd January 2024","€117,827,774",19 26 36 48 49,10 11,2 + 1,"527,283",€11.10,"€5,852,841"
05.01.2024,Friday,"Friday, 5th January 2024","€120,000,000",11 30 32 45 47,03 10,5 + 2,0,"€120,000,000","€120,000,000"
05.01.2024,Friday,"Friday, 5th January 2024","€120,000,000",11 30 32 45 47,03 10,5 + 1,9,"€2,388,351.90","€21,495,167"
05.01.2024,Friday,"Friday, 5th January 2024","€120,000,000",11 30 32 45 47,03 10,5 + 0,17,"€134,207.60","€2,281,529"
05.01.2024,Friday,"Friday, 5th January 2024","€120,000,000",11 30 32 45 47,03 10,4 + 2,78,"€4,824.80","€376,334"
05.01.2024,Friday,"Friday, 5th January 2024","€120,000,000",11 30 32 45 47,03 10,4 + 1,"1,322",€355.80,"€470,368"
05.01.2024,Friday,"Friday, 5th January 2024","€120,000,000",11 30 32 45 47,03 10,4 + 0,"3,122",€165.70,"€517,315"
05.01.2024,Friday,"Friday, 5th January 2024","€120,000,000",11 30 32 45 47,03 10,3 + 2,"3,142",€119.70,"€376,097"
05.01.2024,Friday,"Friday, 5th January 2024","€120,000,000",11 30 32 45 47,03 10,2 + 2,"47,716",€25.10,"€1,197,672"
05.01.2024,Friday,"Friday, 5th January 2024","€120,000,000",11 30 32 45 47,03 10,3 + 1,"59,208",€22.60,"€1,338,101"
05.01.2024,Friday,"Friday, 5th January 2024","€120,000,000",11 30 32 45 47,03 10,3 + 0,"132,876",€19.10,"€2,537,932"
05.01.2024,Friday,"Friday, 5th January 2024","€120,000,000",11 30 32 45 47,03 10,1 + 2,"263,029",€12.00,"€3,156,348"
05.01.2024,Friday,"Friday, 5th January 2024","€120,000,000",11 30 32 45 47,03 10,2 + 1,"894,780",€10.60,"€9,484,668"
09.01.2024,Tuesday,"Tuesday, 9th January 2024","€120,000,000",09 12 26 41 47,07 10,5 + 2,0,"€120,000,000","€120,000,000"
09.01.2024,Tuesday,"Tuesday, 9th January 2024","€120,000,000",09 12 26 41 47,07 10,5 + 1,4,"€5,142,221.90","€20,568,888"
09.01.2024,Tuesday,"Tuesday, 9th January 2024","€120,000,000",09 12 26 41 47,07 10,5 + 0,21,"€84,116.70","€1,766,451"
09.01.2024,Tuesday,"Tuesday, 9th January 2024","€120,000,000",09 12 26 41 47,07 10,4 + 2,55,"€5,297.60","€291,368"
09.01.2024,Tuesday,"Tuesday, 9th January 2024","€120,000,000",09 12 26 41 47,07 10,4 + 1,"1,170",€311.20,"€364,104"
09.01.2024,Tuesday,"Tuesday, 9th January 2024","€120,000,000",09 12 26 41 47,07 10,4 + 0,"2,355",€170.10,"€400,586"
09.01.2024,Tuesday,"Tuesday, 9th January 2024","€120,000,000",09 12 26 41 47,07 10,3 + 2,"2,589",€112.50,"€291,263"
09.01.2024,Tuesday,"Tuesday, 9th January 2024","€120,000,000",09 12 26 41 47,07 10,2 + 2,"33,768",€27.50,"€928,620"
09.01.2024,Tuesday,"Tuesday, 9th January 2024","€120,000,000",09 12 26 41 47,07 10,3 + 1,"51,196",€20.20,"€1,034,159"
09.01.2024,Tuesday,"Tuesday, 9th January 2024","€120,000,000",09 12 26 41 47,07 10,3 + 0,"114,213",€17.20,"€1,964,464"
09.01.2024,Tuesday,"Tuesday, 9th January 2024","€120,000,000",09 12 26 41 47,07 10,1 + 2,"179,363",€13.70,"€2,457,273"
09.01.2024,Tuesday,"Tuesday, 9th January 2024","€120,000,000",09 12 26 41 47,07 10,2 + 1,"743,261",€9.90,"€7,358,284"
12.01.2024,Friday,"Friday, 12th January 2024","€120,000,000",03 31 34 43 45,06 09,5 + 2,0,"€120,000,000","€120,000,000"
12.01.2024,Friday,"Friday, 12th January 2024","€120,000,000",03 31 34 43 45,06 09,5 + 1,5,"€5,018,161.10","€25,090,806"
12.01.2024,Friday,"Friday, 12th January 2024","€120,000,000",03 31 34 43 45,06 09,5 + 0,8,"€295,917.50","€2,367,340"
12.01.2024,Friday,"Friday, 12th January 2024","€120,000,000",03 31 34 43 45,06 09,4 + 2,80,"€4,881.10","€390,488"
12.01.2024,Friday,"Friday, 12th January 2024","€120,000,000",03 31 34 43 45,06 09,4 + 1,"1,372",€355.70,"€488,020"
12.01.2024,Friday,"Friday, 12th January 2024","€120,000,000",03 31 34 43 45,06 09,4 + 0,"3,415",€157.20,"€536,838"
12.01.2024,Friday,"Friday, 12th January 2024","€120,000,000",03 31 34 43 45,06 09,3 + 2,"3,009",€129.70,"€390,267"
12.01.2024,Friday,"Friday, 12th January 2024","€120,000,000",03 31 34 43 45,06 09,2 + 2,"53,914",€23.00,"€1,240,022"
12.01.2024,Friday,"Friday, 12th January 2024","€120,000,000",03 31 34 43 45,06 09,3 + 1,"64,176",€21.60,"€1,386,202"
12.01.2024,Friday,"Friday, 12th January 2024","€120,000,000",03 31 34 43 45,06 09,3 + 0,"138,941",€18.90,"€2,625,985"
12.01.2024,Friday,"Friday, 12th January 2024","€120,000,000",03 31 34 43 45,06 09,1 + 2,"296,037",€11.10,"€3,286,011"
12.01.2024,Friday,"Friday, 12th January 2024","€120,000,000",03 31 34 43 45,06 09,2 + 1,"957,645",€10.30,"€9,863,744"
16.01.2024,Tuesday,"Tuesday, 16th January 2024","€120,000,000",06 19 32 39 42,04 09,5 + 2,1,"€120,000,000","€120,000,000"
16.01.2024,Tuesday,"Tuesday, 16th January 2024","€120,000,000",06 19 32 39 42,04 09,5 + 1,9,"€2,398,356.60","€21,585,209"
16.01.2024,Tuesday,"Tuesday, 16th January 2024","€120,000,000",06 19 32 39 42,04 09,5 + 0,15,"€124,104.50","€1,861,568"
16.01.2024,Tuesday,"Tuesday, 16th January 2024","€120,000,000",06 19 32 39 42,04 09,4 + 2,90,"€3,411.80","€307,062"
16.01.2024,Tuesday,"Tuesday, 16th January 2024","€120,000,000",06 19 32 39 42,04 09,4 + 1,"1,408",€272.60,"€383,821"
16.01.2024,Tuesday,"Tuesday, 16th January 2024","€120,000,000",06 19 32 39 42,04 09,4 + 0,"3,751",€112.50,"€421,988"
16.01.2024,Tuesday,"Tuesday, 16th January 2024","€120,000,000",06 19 32 39 42,04 09,3 + 2,"3,064",€100.20,"€307,013"
16.01.2024,Tuesday,"Tuesday, 16th January 2024","€120,000,000",06 19 32 39 42,04 09,2 + 2,"50,822",€19.20,"€975,782"
16.01.2024,Tuesday,"Tuesday, 16th January 2024","€120,000,000",06 19 32 39 42,04 09,3 + 1,"57,647",€18.90,"€1,089,528"
16.01.2024,Tuesday,"Tuesday, 16th January 2024","€120,000,000",06 19 32 39 42,04 09,3 + 0,"119,626",€17.30,"€2,069,530"
16.01.2024,Tuesday,"Tuesday, 16th January 2024","€120,000,000",06 19 32 39 42,04 09,1 + 2,"257,975",€10.00,"€2,579,750"
16.01.2024,Tuesday,"Tuesday, 16th January 2024","€120,000,000",06 19 32 39 42,04 09,2 + 1,"807,648",€9.60,"€7,753,421"
19.01.2024,Friday,"Friday, 19th January 2024","€11,329,064",10 12 18 33 47,07 10,5 + 2,0,"€11,329,064","€11,329,064"
19.01.2024,Friday,"Friday, 19th January 2024","€11,329,064",10 12 18 33 47,07 10,5 + 1,3,"€622,259.70","€1,866,779"
19.01.2024,Friday,"Friday, 19th January 2024","€11,329,064",10 12 18 33 47,07 10,5 + 0,3,"€350,925.50","€1,052,777"
19.01.2024,Friday,"Friday, 19th January 2024","€11,329,064",10 12 18 33 47,07 10,4 + 2,46,"€3,775.00","€173,650"
19.01.2024,Friday,"Friday, 19th January 2024","€11,329,064",10 12 18 33 47,07 10,4 + 1,883,€245.80,"€217,041"
19.01.2024,Friday,"Friday, 19th January 2024","€11,329,064",10 12 18 33 47,07 10,4 + 0,"1,651",€144.60,"€238,735"
19.01.2024,Friday,"Friday, 19th January 2024","€11,329,064",10 12 18 33 47,07 10,3 + 2,"1,770",€98.10,"€173,637"
19.01.2024,Friday,"Friday, 19th January 2024","€11,329,064",10 12 18 33 47,07 10,2 + 2,"23,340",€23.70,"€553,158"
19.01.2024,Friday,"Friday, 19th January 2024","€11,329,064",10 12 18 33 47,07 10,3 + 1,"35,596",€17.30,"€615,811"
19.01.2024,Friday,"Friday, 19th January 2024","€11,329,064",10 12 18 33 47,07 10,3 + 0,"72,991",€16.00,"€1,167,856"
19.01.2024,Friday,"Friday, 19th January 2024","€11,329,064",10 12 18 33 47,07 10,1 + 2,"113,213",€12.90,"€1,460,448"
19.01.2024,Friday,"Friday, 19th January 2024","€11,329,064",10 12 18 33 47,07 10,2 + 1,"485,031",€9.00,"€4,365,279"
23.01.2024,Tuesday,"Tuesday, 23rd January 2024","€18,245,012",09 18 20 32 39,05 08,5 + 2,0,"€18,245,012","€18,245,012"
23.01.2024,Tuesday,"Tuesday, 23rd January 2024","€18,245,012",09 18 20 32 39,05 08,5 + 1,2,"€586,329.60","€1,172,659"
23.01.2024,Tuesday,"Tuesday, 23rd January 2024","€18,245,012",09 18 20 32 39,05 08,5 + 0,10,"€66,132.50","€661,325"
23.01.2024,Tuesday,"Tuesday, 23rd January 2024","€18,245,012",09 18 20 32 39,05 08,4 + 2,37,"€2,948.20","€109,083"
23.01.2024,Tuesday,"Tuesday, 23rd January 2024","€18,245,012",09 18 20 32 39,05 08,4 + 1,457,€298.30,"€136,323"
23.01.2024,Tuesday,"Tuesday, 23rd January 2024","€18,245,012",09 18 20 32 39,05 08,4 + 0,"1,563",€101.70,"€158,957"
23.01.2024,Tuesday,"Tuesday, 23rd January 2024","€18,245,012",09 18 20 32 39,05 08,3 + 2,984,€101.70,"€100,073"
23.01.2024,Tuesday,"Tuesday, 23rd January 2024","€18,245,012",09 18 20 32 39,05 08,2 + 2,"22,338",€17.20,"€384,214"
23.01.2024,Tuesday,"Tuesday, 23rd January 2024","€18,245,012",09 18 20 32 39,05 08,3 + 1,"20,359",€17.20,"€350,175"
23.01.2024,Tuesday,"Tuesday, 23rd January 2024","€18,245,012",09 18 20 32 39,05 08,3 + 0,"42,923",€17.10,"€733,983"
23.01.2024,Tuesday,"Tuesday, 23rd January 2024","€18,245,012",09 18 20 32 39,05 08,1 + 2,"116,485",€9.10,"€1,060,014"
23.01.2024,Tuesday,"Tuesday, 23rd January 2024","€18,245,012",09 18 20 32 39,05 08,2 + 1,"288,300",€9.10,"€2,623,530"
26.01.2024,Friday,"Friday, 26th January 2024","€27,093,852",18 23 35 37 41,06 07,5 + 2,0,"€27,093,852","€27,093,852"
26.01.2024,Friday,"Friday, 26th January 2024","€27,093,852",18 23 35 37 41,06 07,5 + 1,1,"€1,818,519.70","€1,818,520"
26.01.2024,Friday,"Friday, 26th January 2024","€27,093,852",18 23 35 37 41,06 07,5 + 0,5,"€205,112.10","€1,025,561"
26.01.2024,Friday,"Friday, 26th January 2024","€27,093,852",18 23 35 37 41,06 07,4 + 2,35,"€4,833.20","€169,162"
26.01.2024,Friday,"Friday, 26th January 2024","€27,093,852",18 23 35 37 41,06 07,4 + 1,805,€262.60,"€211,393"
26.01.2024,Friday,"Friday, 26th January 2024","€27,093,852",18 23 35 37 41,06 07,4 + 0,"1,541",€150.90,"€232,537"
26.01.2024,Friday,"Friday, 26th January 2024","€27,093,852",18 23 35 37 41,06 07,3 + 2,"1,571",€107.60,"€169,040"
26.01.2024,Friday,"Friday, 26th January 2024","€27,093,852",18 23 35 37 41,06 07,2 + 2,"21,647",€24.90,"€539,010"
26.01.2024,Friday,"Friday, 26th January 2024","€27,093,852",18 23 35 37 41,06 07,3 + 1,"33,661",€17.90,"€602,532"
26.01.2024,Friday,"Friday, 26th January 2024","€27,093,852",18 23 35 37 41,06 07,3 + 0,"65,717",€17.30,"€1,136,904"
26.01.2024,Friday,"Friday, 26th January 2024","€27,093,852",18 23 35 37 41,06 07,1 + 2,"113,535",€12.50,"€1,419,188"
26.01.2024,Friday,"Friday, 26th January 2024","€27,093,852",18 23 35 37 41,06 07,2 + 1,"459,810",€9.30,"€4,276,233"
30.01.2024,Tuesday,"Tuesday, 30th January 2024","€34,333,475",10 12 15 46 48,09 11,5 + 2,0,"€34,333,475","€34,333,475"
30.01.2024,Tuesday,"Tuesday, 30th January 2024","€34,333,475",10 12 15 46 48,09 11,5 + 1,1,"€1,267,671.30","€1,267,671"
30.01.2024,Tuesday,"Tuesday, 30th January 2024","€34,333,475",10 12 15 46 48,09 11,5 + 0,2,"€357,453.80","€714,908"
30.01.2024,Tuesday,"Tuesday, 30th January 2024","€34,333,475",10 12 15 46 48,09 11,4 + 2,14,"€8,423.00","€117,922"
30.01.2024,Tuesday,"Tuesday, 30th January 2024","€34,333,475",10 12 15 46 48,09 11,4 + 1,365,€403.80,"€147,387"
30.01.2024,Tuesday,"Tuesday, 30th January 2024","€34,333,475",10 12 15 46 48,09 11,4 + 0,708,€229.00,"€162,132"
30.01.2024,Tuesday,"Tuesday, 30th January 2024","€34,333,475",10 12 15 46 48,09 11,3 + 2,902,€130.70,"€117,891"
30.01.2024,Tuesday,"Tuesday, 30th January 2024","€34,333,475",10 12 15 46 48,09 11,2 + 2,"11,226",€33.40,"€374,948"
30.01.2024,Tuesday,"Tuesday, 30th January 2024","€34,333,475",10 12 15 46 48,09 11,3 + 1,"17,425",€24.10,"€419,943"
30.01.2024,Tuesday,"Tuesday, 30th January 2024","€34,333,475",10 12 15 46 48,09 11,3 + 0,"42,575",€18.60,"€791,895"
30.01.2024,Tuesday,"Tuesday, 30th January 2024","€34,333,475",10 12 15 46 48,09 11,1 + 2,"61,451",€16.10,"€989,361"
30.01.2024,Tuesday,"Tuesday, 30th January 2024","€34,333,475",10 12 15 46 48,09 11,2 + 1,"269,928",€11.00,"€2,969,208"
02.02.2024,Friday,"Friday, 2nd February 2024","€44,252,034",13 17 21 30 39,08 11,5 + 2,0,"€44,252,034","€44,252,034"
02.02.2024,Friday,"Friday, 2nd February 2024","€44,252,034",13 17 21 30 39,08 11,5 + 1,5,"€408,881.80","€2,044,409"
02.02.2024,Friday,"Friday, 2nd February 2024","€44,252,034",13 17 21 30 39,08 11,5 + 0,14,"€82,353.60","€1,152,950"
02.02.2024,Friday,"Friday, 2nd February 2024","€44,252,034",13 17 21 30 39,08 11,4 + 2,38,"€5,004.60","€190,175"
02.02.2024,Friday,"Friday, 2nd February 2024","€44,252,034",13 17 21 30 39,08 11,4 + 1,799,€297.50,"€237,703"
02.02.2024,Friday,"Friday, 2nd February 2024","€44,252,034",13 17 21 30 39,08 11,4 + 0,"1,272",€205.50,"€261,396"
02.02.2024,Friday,"Friday, 2nd February 2024","€44,252,034",13 17 21 30 39,08 11,3 + 2,"2,031",€93.60,"€190,102"
02.02.2024,Friday,"Friday, 2nd February 2024","€44,252,034",13 17 21 30 39,08 11,2 + 2,"18,148",€33.40,"€606,143"
02.02.2024,Friday,"Friday, 2nd February 2024","€44,252,034",13 17 21 30 39,08 11,3 + 1,"33,482",€20.20,"€676,336"
02.02.2024,Friday,"Friday, 2nd February 2024","€44,252,034",13 17 21 30 39,08 11,3 + 0,"86,368",€16.10,"€1,390,525"
02.02.2024,Friday,"Friday, 2nd February 2024","€44,252,034",13 17 21 30 39,08 11,1 + 2,"92,948",€16.10,"€1,496,463"
02.02.2024,Friday,"Friday, 2nd February 2024","€44,252,034",13 17 21 30 39,08 11,2 + 1,"465,425",€10.30,"€4,793,878"
06.02.2024,Tuesday,"Tuesday, 6th February 2024","€52,501,136",16 19 20 26 44,01 04,5 + 2,0,"€52,501,136","€52,501,136"
06.02.2024,Tuesday,"Tuesday, 6th February 2024","€52,501,136",16 19 20 26 44,01 04,5 + 1,2,"€756,559.20","€1,513,118"
06.02.2024,Tuesday,"Tuesday, 6th February 2024","€52,501,136",16 19 20 26 44,01 04,5 + 0,1,"€756,559.20","€756,559"
06.02.2024,Tuesday,"Tuesday, 6th February 2024","€52,501,136",16 19 20 26 44,01 04,4 + 2,26,"€5,192.20","€134,997"
06.02.2024,Tuesday,"Tuesday, 6th February 2024","€52,501,136",16 19 20 26 44,01 04,4 + 1,445,€379.20,"€168,744"
06.02.2024,Tuesday,"Tuesday, 6th February 2024","€52,501,136",16 19 20 26 44,01 04,4 + 0,"1,076",€125.40,"€134,930"
06.02.2024,Tuesday,"Tuesday, 6th February 2024","€52,501,136",16 19 20 26 44,01 04,3 + 2,"1,108",€167.50,"€185,590"
06.02.2024,Tuesday,"Tuesday, 6th February 2024","€52,501,136",16 19 20 26 44,01 04,2 + 2,"15,859",€27.10,"€429,779"
06.02.2024,Tuesday,"Tuesday, 6th February 2024","€52,501,136",16 19 20 26 44,01 04,3 + 1,"23,064",€20.80,"€479,731"
06.02.2024,Tuesday,"Tuesday, 6th February 2024","€52,501,136",16 19 20 26 44,01 04,3 + 0,"51,804",€17.50,"€906,570"
06.02.2024,Tuesday,"Tuesday, 6th February 2024","€52,501,136",16 19 20 26 44,01 04,1 + 2,"83,067",€13.70,"€1,138,018"
06.02.2024,Tuesday,"Tuesday, 6th February 2024","€52,501,136",16 19 20 26 44,01 04,2 + 1,"345,845",€9.90,"€3,423,866"
09.02.2024,Friday,"Friday, 9th February 2024",,04 10 11 20 22,07 10,5 + 2,1,€,€0
09.02.2024,Friday,"Friday, 9th February 2024",,04 10 11 20 22,07 10,5 + 1,10,"€220,512.40","€2,205,124"
09.02.2024,Friday,"Friday, 9th February 2024",,04 10 11 20 22,07 10,5 + 0,11,"€113,053.30","€1,243,586"
09.02.2024,Friday,"Friday, 9th February 2024",,04 10 11 20 22,07 10,4 + 2,59,"€3,476.70","€205,125"
09.02.2024,Friday,"Friday, 9th February 2024",,04 10 11 20 22,07 10,4 + 1,"1,359",€188.60,"€256,307"
09.02.2024,Friday,"Friday, 9th February 2024",,04 10 11 20 22,07 10,4 + 0,"2,561",€80.00,"€204,880"
09.02.2024,Friday,"Friday, 9th February 2024",,04 10 11 20 22,07 10,3 + 2,"2,134",€132.10,"€281,901"
09.02.2024,Friday,"Friday, 9th February 2024",,04 10 11 20 22,07 10,2 + 2,"27,283",€23.90,"€652,064"
09.02.2024,Friday,"Friday, 9th February 2024",,04 10 11 20 22,07 10,3 + 1,"45,825",€15.90,"€728,618"
09.02.2024,Friday,"Friday, 9th February 2024",,04 10 11 20 22,07 10,3 + 0,"96,470",€14.30,"€1,379,521"
09.02.2024,Friday,"Friday, 9th February 2024",,04 10 11 20 22,07 10,1 + 2,"135,575",€12.70,"€1,721,803"
09.02.2024,Friday,"Friday, 9th February 2024",,04 10 11 20 22,07 10,2 + 1,"582,636",€8.90,"€5,185,460"
13.02.2024,Tuesday,"Tuesday, 13th February 2024","€10,000,000",07 20 22 45 48,10 12,5 + 2,0,"€10,000,000","€10,000,000"
13.02.2024,Tuesday,"Tuesday, 13th February 2024","€10,000,000",07 20 22 45 48,10 12,5 + 1,2,"€540,526.40","€1,081,053"
13.02.2024,Tuesday,"Tuesday, 13th February 2024","€10,000,000",07 20 22 45 48,10 12,5 + 0,2,"€304,831.70","€609,663"
13.02.2024,Tuesday,"Tuesday, 13th February 2024","€10,000,000",07 20 22 45 48,10 12,4 + 2,11,"€9,142.00","€100,562"
13.02.2024,Tuesday,"Tuesday, 13th February 2024","€10,000,000",07 20 22 45 48,10 12,4 + 1,316,€397.70,"€125,673"
13.02.2024,Tuesday,"Tuesday, 13th February 2024","€10,000,000",07 20 22 45 48,10 12,4 + 0,787,€127.70,"€100,500"
13.02.2024,Tuesday,"Tuesday, 13th February 2024","€10,000,000",07 20 22 45 48,10 12,3 + 2,650,€212.70,"€138,255"
13.02.2024,Tuesday,"Tuesday, 13th February 2024","€10,000,000",07 20 22 45 48,10 12,2 + 2,"9,232",€34.70,"€320,350"
13.02.2024,Tuesday,"Tuesday, 13th February 2024","€10,000,000",07 20 22 45 48,10 12,3 + 1,"14,687",€24.30,"€356,894"
13.02.2024,Tuesday,"Tuesday, 13th February 2024","€10,000,000",07 20 22 45 48,10 12,3 + 0,"39,374",€17.20,"€677,233"
13.02.2024,Tuesday,"Tuesday, 13th February 2024","€10,000,000",07 20 22 45 48,10 12,1 + 2,"49,755",€17.00,"€845,835"
13.02.2024,Tuesday,"Tuesday, 13th February 2024","€10,000,000",07 20 22 45 48,10 12,2 + 1,"215,359",€11.80,"€2,541,236"
16.02.2024,Friday,"Friday, 16th February 2024","€17,197,313",07 11 17 18 34,03 05,5 + 2,0,"€17,197,313","€17,197,313"
16.02.2024,Friday,"Friday, 16th February 2024","€17,197,313",07 11 17 18 34,03 05,5 + 1,1,"€1,719,358.10","€1,719,358"
16.02.2024,Friday,"Friday, 16th February 2024","€17,197,313",07 11 17 18 34,03 05,5 + 0,4,"€242,409.50","€969,638"
16.02.2024,Friday,"Friday, 16th February 2024","€17,197,313",07 11 17 18 34,03 05,4 + 2,45,"€3,554.20","€159,939"
16.02.2024,Friday,"Friday, 16th February 2024","€17,197,313",07 11 17 18 34,03 05,4 + 1,830,€240.80,"€199,864"
16.02.2024,Friday,"Friday, 16th February 2024","€17,197,313",07 11 17 18 34,03 05,4 + 0,"1,613",€95.00,"€153,235"
16.02.2024,Friday,"Friday, 16th February 2024","€17,197,313",07 11 17 18 34,03 05,3 + 2,"2,384",€95.00,"€226,480"
16.02.2024,Friday,"Friday, 16th February 2024","€17,197,313",07 11 17 18 34,03 05,2 + 2,"32,406",€15.70,"€508,774"
16.02.2024,Friday,"Friday, 16th February 2024","€17,197,313",07 11 17 18 34,03 05,3 + 1,"39,840",€14.70,"€585,648"
16.02.2024,Friday,"Friday, 16th February 2024","€17,197,313",07 11 17 18 34,03 05,3 + 0,"72,197",€14.70,"€1,061,296"
16.02.2024,Friday,"Friday, 16th February 2024","€17,197,313",07 11 17 18 34,03 05,1 + 2,"147,009",€9.10,"€1,337,782"
16.02.2024,Friday,"Friday, 16th February 2024","€17,197,313",07 11 17 18 34,03 05,2 + 1,"537,828",€7.50,"€4,033,710"
20.02.2024,Tuesday,"Tuesday, 20th February 2024","€22,104,326",01 03 11 15 30,04 10,5 + 2,0,"€22,104,326","€22,104,326"
20.02.2024,Tuesday,"Tuesday, 20th February 2024","€22,104,326",01 03 11 15 30,04 10,5 + 1,3,"€390,743.60","€1,172,231"
20.02.2024,Tuesday,"Tuesday, 20th February 2024","€22,104,326",01 03 11 15 30,04 10,5 + 0,7,"€94,440.50","€661,084"
20.02.2024,Tuesday,"Tuesday, 20th February 2024","€22,104,326",01 03 11 15 30,04 10,4 + 2,22,"€4,956.50","€109,043"
20.02.2024,Tuesday,"Tuesday, 20th February 2024","€22,104,326",01 03 11 15 30,04 10,4 + 1,511,€266.70,"€136,284"
20.02.2024,Tuesday,"Tuesday, 20th February 2024","€22,104,326",01 03 11 15 30,04 10,4 + 0,"1,287",€84.70,"€109,009"
20.02.2024,Tuesday,"Tuesday, 20th February 2024","€22,104,326",01 03 11 15 30,04 10,3 + 2,"1,023",€146.50,"€149,870"
20.02.2024,Tuesday,"Tuesday, 20th February 2024","€22,104,326",01 03 11 15 30,04 10,2 + 2,"13,523",€25.70,"€347,541"
20.02.2024,Tuesday,"Tuesday, 20th February 2024","€22,104,326",01 03 11 15 30,04 10,3 + 1,"20,514",€18.90,"€387,715"
20.02.2024,Tuesday,"Tuesday, 20th February 2024","€22,104,326",01 03 11 15 30,04 10,3 + 0,"50,049",€14.70,"€735,720"
20.02.2024,Tuesday,"Tuesday, 20th February 2024","€22,104,326",01 03 11 15 30,04 10,1 + 2,"69,908",€13.10,"€915,795"
20.02.2024,Tuesday,"Tuesday, 20th February 2024","€22,104,326",01 03 11 15 30,04 10,2 + 1,"280,000",€9.80,"€2,744,000"
23.02.2024,Friday,"Friday, 23rd February 2024",,10 19 22 37 41,02 06,5 + 2,2,€,€0
23.02.2024,Friday,"Friday, 23rd February 2024",,10 19 22 37 41,02 06,5 + 1,4,"€464,247.30","€1,856,989"
23.02.2024,Friday,"Friday, 23rd February 2024",,10 19 22 37 41,02 06,5 + 0,11,"€95,205.00","€1,047,255"
23.02.2024,Friday,"Friday, 23rd February 2024",,10 19 22 37 41,02 06,4 + 2,49,"€3,525.30","€172,740"
23.02.2024,Friday,"Friday, 23rd February 2024",,10 19 22 37 41,02 06,4 + 1,766,€281.80,"€215,859"
23.02.2024,Friday,"Friday, 23rd February 2024",,10 19 22 37 41,02 06,4 + 0,"1,620",€106.60,"€172,692"
23.02.2024,Friday,"Friday, 23rd February 2024",,10 19 22 37 41,02 06,3 + 2,"1,774",€133.80,"€237,361"
23.02.2024,Friday,"Friday, 23rd February 2024",,10 19 22 37 41,02 06,2 + 2,"25,437",€21.60,"€549,439"
23.02.2024,Friday,"Friday, 23rd February 2024",,10 19 22 37 41,02 06,3 + 1,"32,477",€18.90,"€613,815"
23.02.2024,Friday,"Friday, 23rd February 2024",,10 19 22 37 41,02 06,3 + 0,"68,901",€16.90,"€1,164,427"
23.02.2024,Friday,"Friday, 23rd February 2024",,10 19 22 37 41,02 06,1 + 2,"135,064",€10.70,"€1,445,185"
23.02.2024,Friday,"Friday, 23rd February 2024",,10 19 22 37 41,02 06,2 + 1,"454,071",€9.60,"€4,359,082"
27.02.2024,Tuesday,"Tuesday, 27th February 2024","€10,000,000",15 17 30 38 49,01 11,5 + 2,0,"€10,000,000","€10,000,000"
27.02.2024,Tuesday,"Tuesday, 27th February 2024","€10,000,000",15 17 30 38 49,01 11,5 + 1,1,"€1,032,302.50","€1,032,303"
27.02.2024,Tuesday,"Tuesday, 27th February 2024","€10,000,000",15 17 30 38 49,01 11,5 + 0,1,"€582,170.60","€582,171"
27.02.2024,Tuesday,"Tuesday, 27th February 2024","€10,000,000",15 17 30 38 49,01 11,4 + 2,11,"€8,729.80","€96,028"
27.02.2024,Tuesday,"Tuesday, 27th February 2024","€10,000,000",15 17 30 38 49,01 11,4 + 1,313,€383.40,"€120,004"
27.02.2024,Tuesday,"Tuesday, 27th February 2024","€10,000,000",15 17 30 38 49,01 11,4 + 0,834,€115.10,"€95,993"
27.02.2024,Tuesday,"Tuesday, 27th February 2024","€10,000,000",15 17 30 38 49,01 11,3 + 2,564,€234.10,"€132,032"
27.02.2024,Tuesday,"Tuesday, 27th February 2024","€10,000,000",15 17 30 38 49,01 11,2 + 2,"8,645",€35.40,"€306,033"
27.02.2024,Tuesday,"Tuesday, 27th February 2024","€10,000,000",15 17 30 38 49,01 11,3 + 1,"13,630",€25.00,"€340,750"
27.02.2024,Tuesday,"Tuesday, 27th February 2024","€10,000,000",15 17 30 38 49,01 11,3 + 0,"37,280",€17.40,"€648,672"
27.02.2024,Tuesday,"Tuesday, 27th February 2024","€10,000,000",15 17 30 38 49,01 11,1 + 2,"46,195",€17.40,"€803,793"
27.02.2024,Tuesday,"Tuesday, 27th February 2024","€10,000,000",15 17 30 38 49,01 11,2 + 1,"203,674",€11.90,"€2,423,721"
01.03.2024,Friday,"Friday, 1st March 2024","€17,279,932",13 26 30 34 41,03 07,5 + 2,0,"€17,279,932","€17,279,932"
01.03.2024,Friday,"Friday, 1st March 2024","€17,279,932",13 26 30 34 41,03 07,5 + 1,2,"€869,547.30","€1,739,095"
01.03.2024,Friday,"Friday, 1st March 2024","€17,279,932",13 26 30 34 41,03 07,5 + 0,7,"€140,109.70","€980,768"
01.03.2024,Friday,"Friday, 1st March 2024","€17,279,932",13 26 30 34 41,03 07,4 + 2,53,"€3,052.30","€161,772"
01.03.2024,Friday,"Friday, 1st March 2024","€17,279,932",13 26 30 34 41,03 07,4 + 1,701,€288.40,"€202,168"
01.03.2024,Friday,"Friday, 1st March 2024","€17,279,932",13 26 30 34 41,03 07,4 + 0,"1,368",€101.10,"€138,305"
01.03.2024,Friday,"Friday, 1st March 2024","€17,279,932",13 26 30 34 41,03 07,3 + 2,"2,429",€101.10,"€245,572"
01.03.2024,Friday,"Friday, 1st March 2024","€17,279,932",13 26 30 34 41,03 07,2 + 2,"34,726",€17.40,"€604,232"
01.03.2024,Friday,"Friday, 1st March 2024","€17,279,932",13 26 30 34 41,03 07,3 + 1,"30,985",€17.40,"€539,139"
01.03.2024,Friday,"Friday, 1st March 2024","€17,279,932",13 26 30 34 41,03 07,3 + 0,"59,109",€17.40,"€1,028,497"
01.03.2024,Friday,"Friday, 1st March 2024","€17,279,932",13 26 30 34 41,03 07,1 + 2,"187,144",€8.70,"€1,628,153"
01.03.2024,Friday,"Friday, 1st March 2024","€17,279,932",13 26 30 34 41,03 07,2 + 1,"435,651",€8.70,"€3,790,164"
05.03.2024,Tuesday,"Tuesday, 5th March 2024","€22,163,886",02 20 30 31 40,08 12,5 + 2,0,"€22,163,886","€22,163,886"
05.03.2024,Tuesday,"Tuesday, 5th March 2024","€22,163,886",02 20 30 31 40,08 12,5 + 1,1,"€1,166,722.30","€1,166,722"
05.03.2024,Tuesday,"Tuesday, 5th March 2024","€22,163,886",02 20 30 31 40,08 12,5 + 0,5,"€131,595.40","€657,977"
05.03.2024,Tuesday,"Tuesday, 5th March 2024","€22,163,886",02 20 30 31 40,08 12,4 + 2,15,"€7,235.40","€108,531"
05.03.2024,Tuesday,"Tuesday, 5th March 2024","€22,163,886",02 20 30 31 40,08 12,4 + 1,373,€363.70,"€135,660"
05.03.2024,Tuesday,"Tuesday, 5th March 2024","€22,163,886",02 20 30 31 40,08 12,4 + 0,832,€130.40,"€108,493"
05.03.2024,Tuesday,"Tuesday, 5th March 2024","€22,163,886",02 20 30 31 40,08 12,3 + 2,684,€218.10,"€149,180"
05.03.2024,Tuesday,"Tuesday, 5th March 2024","€22,163,886",02 20 30 31 40,08 12,2 + 2,"9,877",€35.00,"€345,695"
05.03.2024,Tuesday,"Tuesday, 5th March 2024","€22,163,886",02 20 30 31 40,08 12,3 + 1,"16,824",€22.90,"€385,270"
05.03.2024,Tuesday,"Tuesday, 5th March 2024","€22,163,886",02 20 30 31 40,08 12,3 + 0,"40,218",€18.20,"€731,968"
05.03.2024,Tuesday,"Tuesday, 5th March 2024","€22,163,886",02 20 30 31 40,08 12,1 + 2,"53,805",€17.00,"€914,685"
05.03.2024,Tuesday,"Tuesday, 5th March 2024","€22,163,886",02 20 30 31 40,08 12,2 + 1,"234,903",€11.70,"€2,748,365"
08.03.2024,Friday,"Friday, 8th March 2024",,02 11 17 23 49,04 12,5 + 2,1,€,€0
08.03.2024,Friday,"Friday, 8th March 2024",,02 11 17 23 49,04 12,5 + 1,5,"€374,824.30","€1,874,122"
08.03.2024,Friday,"Friday, 8th March 2024",,02 11 17 23 49,04 12,5 + 0,8,"€132,114.60","€1,056,917"
08.03.2024,Friday,"Friday, 8th March 2024",,02 11 17 23 49,04 12,4 + 2,19,"€9,175.60","€174,336"
08.03.2024,Friday,"Friday, 8th March 2024",,02 11 17 23 49,04 12,4 + 1,734,€296.80,"€217,851"
08.03.2024,Friday,"Friday, 8th March 2024",,02 11 17 23 49,04 12,4 + 0,"2,145",€81.20,"€174,174"
08.03.2024,Friday,"Friday, 8th March 2024",,02 11 17 23 49,04 12,3 + 2,"1,070",€224.00,"€239,680"
08.03.2024,Friday,"Friday, 8th March 2024",,02 11 17 23 49,04 12,2 + 2,"15,710",€35.30,"€554,563"
08.03.2024,Friday,"Friday, 8th March 2024",,02 11 17 23 49,04 12,3 + 1,"31,893",€19.40,"€618,724"
08.03.2024,Friday,"Friday, 8th March 2024",,02 11 17 23 49,04 12,3 + 0,"87,327",€15.70,"€1,371,034"
08.03.2024,Friday,"Friday, 8th March 2024",,02 11 17 23 49,04 12,1 + 2,"80,369",€15.70,"€1,261,793"
08.03.2024,Friday,"Friday, 8th March 2024",,02 11 17 23 49,04 12,2 + 1,"426,773",€10.30,"€4,395,762"
12.03.2024,Tuesday,"Tuesday, 12th March 2024","€10,000,000",02 08 11 16 20,04 10,5 + 2,0,"€10,000,000","€10,000,000"
12.03.2024,Tuesday,"Tuesday, 12th March 2024","€10,000,000",02 08 11 16 20,04 10,5 + 1,3,"€350,597.60","€1,051,793"
12.03.2024,Tuesday,"Tuesday, 12th March 2024","€10,000,000",02 08 11 16 20,04 10,5 + 0,5,"€118,632.40","€593,162"
12.03.2024,Tuesday,"Tuesday, 12th March 2024","€10,000,000",02 08 11 16 20,04 10,4 + 2,17,"€5,755.30","€97,840"
12.03.2024,Tuesday,"Tuesday, 12th March 2024","€10,000,000",02 08 11 16 20,04 10,4 + 1,625,€195.60,"€122,250"
12.03.2024,Tuesday,"Tuesday, 12th March 2024","€10,000,000",02 08 11 16 20,04 10,4 + 0,"1,572",€62.20,"€97,778"
12.03.2024,Tuesday,"Tuesday, 12th March 2024","€10,000,000",02 08 11 16 20,04 10,3 + 2,"1,111",€121.00,"€134,431"
12.03.2024,Tuesday,"Tuesday, 12th March 2024","€10,000,000",02 08 11 16 20,04 10,2 + 2,"13,658",€22.80,"€311,402"
12.03.2024,Tuesday,"Tuesday, 12th March 2024","€10,000,000",02 08 11 16 20,04 10,3 + 1,"22,271",€15.60,"€347,428"
12.03.2024,Tuesday,"Tuesday, 12th March 2024","€10,000,000",02 08 11 16 20,04 10,3 + 0,"53,925",€12.30,"€663,278"
12.03.2024,Tuesday,"Tuesday, 12th March 2024","€10,000,000",02 08 11 16 20,04 10,1 + 2,"66,017",€12.30,"€812,009"
12.03.2024,Tuesday,"Tuesday, 12th March 2024","€10,000,000",02 08 11 16 20,04 10,2 + 1,"272,729",€9.10,"€2,481,834"
15.03.2024,Friday,"Friday, 15th March 2024","€17,160,932",16 20 25 30 49,03 10,5 + 2,0,"€17,160,932","€17,160,932"
15.03.2024,Friday,"Friday, 15th March 2024","€17,160,932",16 20 25 30 49,03 10,5 + 1,1,"€1,710,667.00","€1,710,667"
15.03.2024,Friday,"Friday, 15th March 2024","€17,160,932",16 20 25 30 49,03 10,5 + 0,4,"€241,184.10","€964,736"
15.03.2024,Friday,"Friday, 15th March 2024","€17,160,932",16 20 25 30 49,03 10,4 + 2,40,"€3,978.20","€159,128"
15.03.2024,Friday,"Friday, 15th March 2024","€17,160,932",16 20 25 30 49,03 10,4 + 1,580,€342.90,"€198,882"
15.03.2024,Friday,"Friday, 15th March 2024","€17,160,932",16 20 25 30 49,03 10,4 + 0,"1,216",€130.80,"€159,053"
15.03.2024,Friday,"Friday, 15th March 2024","€17,160,932",16 20 25 30 49,03 10,3 + 2,"1,409",€155.20,"€218,677"
15.03.2024,Friday,"Friday, 15th March 2024","€17,160,932",16 20 25 30 49,03 10,2 + 2,"21,203",€23.90,"€506,752"
15.03.2024,Friday,"Friday, 15th March 2024","€17,160,932",16 20 25 30 49,03 10,3 + 1,"29,161",€19.40,"€565,723"
15.03.2024,Friday,"Friday, 15th March 2024","€17,160,932",16 20 25 30 49,03 10,3 + 0,"62,772",€17.10,"€1,073,401"
15.03.2024,Friday,"Friday, 15th March 2024","€17,160,932",16 20 25 30 49,03 10,1 + 2,"113,668",€11.80,"€1,341,282"
15.03.2024,Friday,"Friday, 15th March 2024","€17,160,932",16 20 25 30 49,03 10,2 + 1,"398,944",€10.10,"€4,029,334"
19.03.2024,Tuesday,"Tuesday, 19th March 2024","€21,997,025",01 20 28 32 49,03 10,5 + 2,0,"€21,997,025","€21,997,025"
19.03.2024,Tuesday,"Tuesday, 19th March 2024","€21,997,025",01 20 28 32 49,03 10,5 + 1,0,€0.00,€0
19.03.2024,Tuesday,"Tuesday, 19th March 2024","€21,997,025",01 20 28 32 49,03 10,5 + 0,3,"€217,176.40","€651,529"
19.03.2024,Tuesday,"Tuesday, 19th March 2024","€21,997,025",01 20 28 32 49,03 10,4 + 2,13,"€8,266.80","€107,468"
19.03.2024,Tuesday,"Tuesday, 19th March 2024","€21,997,025",01 20 28 32 49,03 10,4 + 1,354,€379.40,"€134,308"
19.03.2024,Tuesday,"Tuesday, 19th March 2024","€21,997,025",01 20 28 32 49,03 10,4 + 0,745,€144.20,"€107,429"
19.03.2024,Tuesday,"Tuesday, 19th March 2024","€21,997,025",01 20 28 32 49,03 10,3 + 2,872,€169.40,"€147,717"
19.03.2024,Tuesday,"Tuesday, 19th March 2024","€21,997,025",01 20 28 32 49,03 10,2 + 2,"15,116",€23.00,"€347,668"
19.03.2024,Tuesday,"Tuesday, 19th March 2024","€21,997,025",01 20 28 32 49,03 10,3 + 1,"16,289",€23.00,"€374,647"
19.03.2024,Tuesday,"Tuesday, 19th March 2024","€21,997,025",01 20 28 32 49,03 10,3 + 0,"36,250",€20.00,"€725,000"
19.03.2024,Tuesday,"Tuesday, 19th March 2024","€21,997,025",01 20 28 32 49,03 10,1 + 2,"77,670",€11.60,"€900,972"
19.03.2024,Tuesday,"Tuesday, 19th March 2024","€21,997,025",01 20 28 32 49,03 10,2 + 1,"261,685",€10.40,"€2,721,524"
22.03.2024,Friday,"Friday, 22nd March 2024","€30,107,554",05 17 36 37 50,03 07,5 + 2,0,"€30,107,554","€30,107,554"
22.03.2024,Friday,"Friday, 22nd March 2024","€30,107,554",05 17 36 37 50,03 07,5 + 1,3,"€986,995.20","€2,960,986"
22.03.2024,Friday,"Friday, 22nd March 2024","€30,107,554",05 17 36 37 50,03 07,5 + 0,5,"€203,665.70","€1,018,329"
22.03.2024,Friday,"Friday, 22nd March 2024","€30,107,554",05 17 36 37 50,03 07,4 + 2,43,"€3,906.30","€167,971"
22.03.2024,Friday,"Friday, 22nd March 2024","€30,107,554",05 17 36 37 50,03 07,4 + 1,636,€330.10,"€209,944"
22.03.2024,Friday,"Friday, 22nd March 2024","€30,107,554",05 17 36 37 50,03 07,4 + 0,"1,305",€108.10,"€141,071"
22.03.2024,Friday,"Friday, 22nd March 2024","€30,107,554",05 17 36 37 50,03 07,3 + 2,"2,385",€108.10,"€257,819"
22.03.2024,Friday,"Friday, 22nd March 2024","€30,107,554",05 17 36 37 50,03 07,2 + 2,"35,944",€17.90,"€643,398"
22.03.2024,Friday,"Friday, 22nd March 2024","€30,107,554",05 17 36 37 50,03 07,3 + 1,"29,999",€17.90,"€536,982"
22.03.2024,Friday,"Friday, 22nd March 2024","€30,107,554",05 17 36 37 50,03 07,3 + 0,"60,643",€17.90,"€1,085,510"
22.03.2024,Friday,"Friday, 22nd March 2024","€30,107,554",05 17 36 37 50,03 07,1 + 2,"192,984",€8.80,"€1,698,259"
22.03.2024,Friday,"Friday, 22nd March 2024","€30,107,554",05 17 36 37 50,03 07,2 + 1,"449,072",€8.80,"€3,951,834"
26.03.2024,Tuesday,"Tuesday, 26th March 2024","€37,410,337",12 15 17 30 32,01 06,5 + 2,0,"€37,410,337","€37,410,337"
26.03.2024,Tuesday,"Tuesday, 26th March 2024","€37,410,337",12 15 17 30 32,01 06,5 + 1,1,"€1,285,664.30","€1,285,664"
26.03.2024,Tuesday,"Tuesday, 26th March 2024","€37,410,337",12 15 17 30 32,01 06,5 + 0,7,"€103,579.20","€725,054"
26.03.2024,Tuesday,"Tuesday, 26th March 2024","€37,410,337",12 15 17 30 32,01 06,4 + 2,20,"€5,979.80","€119,596"
26.03.2024,Tuesday,"Tuesday, 26th March 2024","€37,410,337",12 15 17 30 32,01 06,4 + 1,481,€310.80,"€149,495"
26.03.2024,Tuesday,"Tuesday, 26th March 2024","€37,410,337",12 15 17 30 32,01 06,4 + 0,"1,088",€109.90,"€119,571"
26.03.2024,Tuesday,"Tuesday, 26th March 2024","€37,410,337",12 15 17 30 32,01 06,3 + 2,985,€166.90,"€164,397"
26.03.2024,Tuesday,"Tuesday, 26th March 2024","€37,410,337",12 15 17 30 32,01 06,2 + 2,"14,118",€27.00,"€381,186"
26.03.2024,Tuesday,"Tuesday, 26th March 2024","€37,410,337",12 15 17 30 32,01 06,3 + 1,"21,474",€19.80,"€425,185"
26.03.2024,Tuesday,"Tuesday, 26th March 2024","€37,410,337",12 15 17 30 32,01 06,3 + 0,"50,392",€16.00,"€806,272"
26.03.2024,Tuesday,"Tuesday, 26th March 2024","€37,410,337",12 15 17 30 32,01 06,1 + 2,"73,583",€13.70,"€1,008,087"
26.03.2024,Tuesday,"Tuesday, 26th March 2024","€37,410,337",12 15 17 30 32,01 06,2 + 1,"301,125",€10.00,"€3,011,250"
29.03.2024,Friday,"Friday, 29th March 2024","€47,038,509",07 11 30 31 39,05 10,5 + 2,0,"€47,038,509","€47,038,509"
29.03.2024,Friday,"Friday, 29th March 2024","€47,038,509",07 11 30 31 39,05 10,5 + 1,1,"€1,972,313.40","€1,972,313"
29.03.2024,Friday,"Friday, 29th March 2024","€47,038,509",07 11 30 31 39,05 10,5 + 0,7,"€158,899.00","€1,112,293"
29.03.2024,Friday,"Friday, 29th March 2024","€47,038,509",07 11 30 31 39,05 10,4 + 2,35,"€5,242.00","€183,470"
29.03.2024,Friday,"Friday, 29th March 2024","€47,038,509",07 11 30 31 39,05 10,4 + 1,747,€307.00,"€229,329"
29.03.2024,Friday,"Friday, 29th March 2024","€47,038,509",07 11 30 31 39,05 10,4 + 0,"1,583",€115.90,"€183,470"
29.03.2024,Friday,"Friday, 29th March 2024","€47,038,509",07 11 30 31 39,05 10,3 + 2,"1,716",€147.00,"€252,252"
29.03.2024,Friday,"Friday, 29th March 2024","€47,038,509",07 11 30 31 39,05 10,2 + 2,"24,953",€23.40,"€583,900"
29.03.2024,Friday,"Friday, 29th March 2024","€47,038,509",07 11 30 31 39,05 10,3 + 1,"33,849",€19.30,"€653,286"
29.03.2024,Friday,"Friday, 29th March 2024","€47,038,509",07 11 30 31 39,05 10,3 + 0,"75,321",€16.40,"€1,235,264"
29.03.2024,Friday,"Friday, 29th March 2024","€47,038,509",07 11 30 31 39,05 10,1 + 2,"130,501",€11.80,"€1,539,912"
29.03.2024,Friday,"Friday, 29th March 2024","€47,038,509",07 11 30 31 39,05 10,2 + 1,"487,595",€9.50,"€4,632,153"
02.04.2024,Tuesday,"Tuesday, 2nd April 2024","€54,772,788",14 17 29 32 45,01 02,5 + 2,0,"€54,772,788","€54,772,788"
02.04.2024,Tuesday,"Tuesday, 2nd April 2024","€54,772,788",14 17 29 32 45,01 02,5 + 1,5,"€269,191.40","€1,345,957"
02.04.2024,Tuesday,"Tuesday, 2nd April 2024","€54,772,788",14 17 29 32 45,01 02,5 + 0,11,"€69,005.20","€759,057"
02.04.2024,Tuesday,"Tuesday, 2nd April 2024","€54,772,788",14 17 29 32 45,01 02,4 + 2,13,"€9,631.10","€125,204"
02.04.2024,Tuesday,"Tuesday, 2nd April 2024","€54,772,788",14 17 29 32 45,01 02,4 + 1,655,€238.90,"€156,480"
02.04.2024,Tuesday,"Tuesday, 2nd April 2024","€54,772,788",14 17 29 32 45,01 02,4 + 0,"1,609",€77.80,"€125,180"
02.04.2024,Tuesday,"Tuesday, 2nd April 2024","€54,772,788",14 17 29 32 45,01 02,3 + 2,889,€193.60,"€172,110"
02.04.2024,Tuesday,"Tuesday, 2nd April 2024","€54,772,788",14 17 29 32 45,01 02,2 + 2,"13,068",€30.50,"€398,574"
02.04.2024,Tuesday,"Tuesday, 2nd April 2024","€54,772,788",14 17 29 32 45,01 02,3 + 1,"22,331",€19.90,"€444,387"
02.04.2024,Tuesday,"Tuesday, 2nd April 2024","€54,772,788",14 17 29 32 45,01 02,3 + 0,"54,996",€15.30,"€841,439"
02.04.2024,Tuesday,"Tuesday, 2nd April 2024","€54,772,788",14 17 29 32 45,01 02,1 + 2,"70,354",€15.00,"€1,055,310"
02.04.2024,Tuesday,"Tuesday, 2nd April 2024","€54,772,788",14 17 29 32 45,01 02,2 + 1,"311,671",€10.10,"€3,147,877"
05.04.2024,Friday,"Friday, 5th April 2024","€65,558,218",05 08 16 30 37,01 10,5 + 2,0,"€65,558,218","€65,558,218"
05.04.2024,Friday,"Friday, 5th April 2024","€65,558,218",05 08 16 30 37,01 10,5 + 1,4,"€557,840.10","€2,231,360"
05.04.2024,Friday,"Friday, 5th April 2024","€65,558,218",05 08 16 30 37,01 10,5 + 0,18,"€69,910.10","€1,258,382"
05.04.2024,Friday,"Friday, 5th April 2024","€65,558,218",05 08 16 30 37,01 10,4 + 2,30,"€6,918.90","€207,567"
05.04.2024,Friday,"Friday, 5th April 2024","€65,558,218",05 08 16 30 37,01 10,4 + 1,841,€308.50,"€259,449"
05.04.2024,Friday,"Friday, 5th April 2024","€65,558,218",05 08 16 30 37,01 10,4 + 0,"2,074",€100.00,"€207,400"
05.04.2024,Friday,"Friday, 5th April 2024","€65,558,218",05 08 16 30 37,01 10,3 + 2,"1,735",€164.40,"€285,234"
05.04.2024,Friday,"Friday, 5th April 2024","€65,558,218",05 08 16 30 37,01 10,2 + 2,"24,209",€27.30,"€660,906"
05.04.2024,Friday,"Friday, 5th April 2024","€65,558,218",05 08 16 30 37,01 10,3 + 1,"35,862",€20.60,"€738,757"
05.04.2024,Friday,"Friday, 5th April 2024","€65,558,218",05 08 16 30 37,01 10,3 + 0,"91,830",€15.20,"€1,395,816"
05.04.2024,Friday,"Friday, 5th April 2024","€65,558,218",05 08 16 30 37,01 10,1 + 2,"127,005",€13.70,"€1,739,969"
05.04.2024,Friday,"Friday, 5th April 2024","€65,558,218",05 08 16 30 37,01 10,2 + 1,"500,628",€10.50,"€5,256,594"
09.04.2024,Tuesday,"Tuesday, 9th April 2024","€75,201,361",01 07 21 27 43,01 03,5 + 2,0,"€75,201,361","€75,201,361"
09.04.2024,Tuesday,"Tuesday, 9th April 2024","€75,201,361",01 07 21 27 43,01 03,5 + 1,2,"€869,448.30","€1,738,897"
09.04.2024,Tuesday,"Tuesday, 9th April 2024","€75,201,361",01 07 21 27 43,01 03,5 + 0,4,"€245,164.20","€980,657"
09.04.2024,Tuesday,"Tuesday, 9th April 2024","€75,201,361",01 07 21 27 43,01 03,4 + 2,31,"€5,217.90","€161,755"
09.04.2024,Tuesday,"Tuesday, 9th April 2024","€75,201,361",01 07 21 27 43,01 03,4 + 1,757,€267.10,"€202,195"
09.04.2024,Tuesday,"Tuesday, 9th April 2024","€75,201,361",01 07 21 27 43,01 03,4 + 0,"1,699",€95.20,"€161,745"
09.04.2024,Tuesday,"Tuesday, 9th April 2024","€75,201,361",01 07 21 27 43,01 03,3 + 2,"1,571",€141.50,"€222,297"
09.04.2024,Tuesday,"Tuesday, 9th April 2024","€75,201,361",01 07 21 27 43,01 03,2 + 2,"20,986",€24.50,"€514,157"
09.04.2024,Tuesday,"Tuesday, 9th April 2024","€75,201,361",01 07 21 27 43,01 03,3 + 1,"33,174",€17.30,"€573,910"
09.04.2024,Tuesday,"Tuesday, 9th April 2024","€75,201,361",01 07 21 27 43,01 03,3 + 0,"68,632",€15.90,"€1,091,249"
09.04.2024,Tuesday,"Tuesday, 9th April 2024","€75,201,361",01 07 21 27 43,01 03,1 + 2,"102,611",€13.30,"€1,364,726"
09.04.2024,Tuesday,"Tuesday, 9th April 2024","€75,201,361",01 07 21 27 43,01 03,2 + 1,"449,047",€9.10,"€4,086,328"
12.04.2024,Friday,"Friday, 12th April 2024","€88,451,343",01 34 39 47 49,01 12,5 + 2,0,"€88,451,343","€88,451,343"
12.04.2024,Friday,"Friday, 12th April 2024","€88,451,343",01 34 39 47 49,01 12,5 + 1,0,€0.00,€0
12.04.2024,Friday,"Friday, 12th April 2024","€88,451,343",01 34 39 47 49,01 12,5 + 0,7,"€219,544.60","€1,536,812"
12.04.2024,Friday,"Friday, 12th April 2024","€88,451,343",01 34 39 47 49,01 12,4 + 2,28,"€9,053.30","€253,492"
12.04.2024,Friday,"Friday, 12th April 2024","€88,451,343",01 34 39 47 49,01 12,4 + 1,718,€441.30,"€316,853"
12.04.2024,Friday,"Friday, 12th April 2024","€88,451,343",01 34 39 47 49,01 12,4 + 0,"1,870",€135.50,"€253,385"
12.04.2024,Friday,"Friday, 12th April 2024","€88,451,343",01 34 39 47 49,01 12,3 + 2,"1,652",€210.90,"€348,407"
12.04.2024,Friday,"Friday, 12th April 2024","€88,451,343",01 34 39 47 49,01 12,2 + 2,"23,631",€34.10,"€805,817"
12.04.2024,Friday,"Friday, 12th April 2024","€88,451,343",01 34 39 47 49,01 12,3 + 1,"33,771",€26.70,"€901,686"
12.04.2024,Friday,"Friday, 12th April 2024","€88,451,343",01 34 39 47 49,01 12,3 + 0,"89,014",€19.20,"€1,709,069"
12.04.2024,Friday,"Friday, 12th April 2024","€88,451,343",01 34 39 47 49,01 12,1 + 2,"127,107",€16.80,"€2,135,398"
12.04.2024,Friday,"Friday, 12th April 2024","€88,451,343",01 34 39 47 49,01 12,2 + 1,"500,947",€12.80,"€6,412,122"
16.04.2024,Tuesday,"Tuesday, 16th April 2024","€101,382,346",35 36 37 41 48,01 12,5 + 2,0,"€101,382,346","€101,382,346"
16.04.2024,Tuesday,"Tuesday, 16th April 2024","€101,382,346",35 36 37 41 48,01 12,5 + 1,1,"€5,125,789.50","€5,125,790"
16.04.2024,Tuesday,"Tuesday, 16th April 2024","€101,382,346",35 36 37 41 48,01 12,5 + 0,8,"€169,236.70","€1,353,894"
16.04.2024,Tuesday,"Tuesday, 16th April 2024","€101,382,346",35 36 37 41 48,01 12,4 + 2,39,"€5,726.20","€223,322"
16.04.2024,Tuesday,"Tuesday, 16th April 2024","€101,382,346",35 36 37 41 48,01 12,4 + 1,581,€480.40,"€279,112"
16.04.2024,Tuesday,"Tuesday, 16th April 2024","€101,382,346",35 36 37 41 48,01 12,4 + 0,"1,547",€144.30,"€223,232"
16.04.2024,Tuesday,"Tuesday, 16th April 2024","€101,382,346",35 36 37 41 48,01 12,3 + 2,"1,475",€208.10,"€306,948"
16.04.2024,Tuesday,"Tuesday, 16th April 2024","€101,382,346",35 36 37 41 48,01 12,2 + 2,"21,401",€33.20,"€710,513"
16.04.2024,Tuesday,"Tuesday, 16th April 2024","€101,382,346",35 36 37 41 48,01 12,3 + 1,"28,932",€27.40,"€792,737"
16.04.2024,Tuesday,"Tuesday, 16th April 2024","€101,382,346",35 36 37 41 48,01 12,3 + 0,"76,211",€19.70,"€1,501,357"
16.04.2024,Tuesday,"Tuesday, 16th April 2024","€101,382,346",35 36 37 41 48,01 12,1 + 2,"118,042",€15.90,"€1,876,868"
16.04.2024,Tuesday,"Tuesday, 16th April 2024","€101,382,346",35 36 37 41 48,01 12,2 + 1,"438,891",€12.90,"€5,661,694"
19.04.2024,Friday,"Friday, 19th April 2024","€119,419,362",08 14 21 34 36,01 02,5 + 2,0,"€119,419,362","€119,419,362"
19.04.2024,Friday,"Friday, 19th April 2024","€119,419,362",08 14 21 34 36,01 02,5 + 1,5,"€740,631.40","€3,703,157"
19.04.2024,Friday,"Friday, 19th April 2024","€119,419,362",08 14 21 34 36,01 02,5 + 0,19,"€109,916.20","€2,088,408"
19.04.2024,Friday,"Friday, 19th April 2024","€119,419,362",08 14 21 34 36,01 02,4 + 2,55,"€6,263.20","€344,476"
19.04.2024,Friday,"Friday, 19th April 2024","€119,419,362",08 14 21 34 36,01 02,4 + 1,"1,542",€279.20,"€430,526"
19.04.2024,Friday,"Friday, 19th April 2024","€119,419,362",08 14 21 34 36,01 02,4 + 0,"3,708",€92.90,"€344,473"
19.04.2024,Friday,"Friday, 19th April 2024","€119,419,362",08 14 21 34 36,01 02,3 + 2,"2,623",€180.50,"€473,452"
19.04.2024,Friday,"Friday, 19th April 2024","€119,419,362",08 14 21 34 36,01 02,2 + 2,"37,911",€28.90,"€1,095,628"
19.04.2024,Friday,"Friday, 19th April 2024","€119,419,362",08 14 21 34 36,01 02,3 + 1,"61,980",€19.80,"€1,227,204"
19.04.2024,Friday,"Friday, 19th April 2024","€119,419,362",08 14 21 34 36,01 02,3 + 0,"145,545",€15.90,"€2,314,166"
19.04.2024,Friday,"Friday, 19th April 2024","€119,419,362",08 14 21 34 36,01 02,1 + 2,"201,208",€14.40,"€2,897,395"
19.04.2024,Friday,"Friday, 19th April 2024","€119,419,362",08 14 21 34 36,01 02,2 + 1,"867,363",€10.00,"€8,673,630"
23.04.2024,Tuesday,"Tuesday, 23rd April 2024","€60,000,000",02 03 06 15 35,01 03,5 + 2,2,"€60,000,000","€120,000,000"
23.04.2024,Tuesday,"Tuesday, 23rd April 2024","€60,000,000",02 03 06 15 35,01 03,5 + 1,6,"€3,443,196.40","€20,659,178"
23.04.2024,Tuesday,"Tuesday, 23rd April 2024","€60,000,000",02 03 06 15 35,01 03,5 + 0,3,"€626,148.40","€1,878,445"
23.04.2024,Tuesday,"Tuesday, 23rd April 2024","€60,000,000",02 03 06 15 35,01 03,4 + 2,48,"€6,455.10","€309,845"
23.04.2024,Tuesday,"Tuesday, 23rd April 2024","€60,000,000",02 03 06 15 35,01 03,4 + 1,"1,171",€330.70,"€387,250"
23.04.2024,Tuesday,"Tuesday, 23rd April 2024","€60,000,000",02 03 06 15 35,01 03,4 + 0,"2,589",€119.60,"€309,644"
23.04.2024,Tuesday,"Tuesday, 23rd April 2024","€60,000,000",02 03 06 15 35,01 03,3 + 2,"2,740",€155.40,"€425,796"
23.04.2024,Tuesday,"Tuesday, 23rd April 2024","€60,000,000",02 03 06 15 35,01 03,2 + 2,"39,087",€25.20,"€984,992"
23.04.2024,Tuesday,"Tuesday, 23rd April 2024","€60,000,000",02 03 06 15 35,01 03,3 + 1,"58,326",€18.90,"€1,102,361"
23.04.2024,Tuesday,"Tuesday, 23rd April 2024","€60,000,000",02 03 06 15 35,01 03,3 + 0,"122,370",€17.00,"€2,080,290"
23.04.2024,Tuesday,"Tuesday, 23rd April 2024","€60,000,000",02 03 06 15 35,01 03,1 + 2,"200,251",€13.00,"€2,603,263"
23.04.2024,Tuesday,"Tuesday, 23rd April 2024","€60,000,000",02 03 06 15 35,01 03,2 + 1,"830,086",€9.40,"€7,802,808"
26.04.2024,Friday,"Friday, 26th April 2024","€11,355,316",03 18 23 29 47,05 12,5 + 2,0,"€11,355,316","€11,355,316"
26.04.2024,Friday,"Friday, 26th April 2024","€11,355,316",03 18 23 29 47,05 12,5 + 1,3,"€619,767.80","€1,859,303"
26.04.2024,Friday,"Friday, 26th April 2024","€11,355,316",03 18 23 29 47,05 12,5 + 0,11,"€95,323.60","€1,048,560"
26.04.2024,Friday,"Friday, 26th April 2024","€11,355,316",03 18 23 29 47,05 12,4 + 2,27,"€6,405.80","€172,957"
26.04.2024,Friday,"Friday, 26th April 2024","€11,355,316",03 18 23 29 47,05 12,4 + 1,750,€288.20,"€216,150"
26.04.2024,Friday,"Friday, 26th April 2024","€11,355,316",03 18 23 29 47,05 12,4 + 0,"1,867",€92.60,"€172,884"
26.04.2024,Friday,"Friday, 26th April 2024","€11,355,316",03 18 23 29 47,05 12,3 + 2,"1,100",€216.10,"€237,710"
26.04.2024,Friday,"Friday, 26th April 2024","€11,355,316",03 18 23 29 47,05 12,2 + 2,"15,860",€34.70,"€550,342"
26.04.2024,Friday,"Friday, 26th April 2024","€11,355,316",03 18 23 29 47,05 12,3 + 1,"30,309",€20.30,"€615,273"
26.04.2024,Friday,"Friday, 26th April 2024","€11,355,316",03 18 23 29 47,05 12,3 + 0,"79,345",€16.30,"€1,293,324"
26.04.2024,Friday,"Friday, 26th April 2024","€11,355,316",03 18 23 29 47,05 12,1 + 2,"81,495",€16.30,"€1,328,369"
26.04.2024,Friday,"Friday, 26th April 2024","€11,355,316",03 18 23 29 47,05 12,2 + 1,"418,702",€10.40,"€4,354,501"
30.04.2024,Tuesday,"Tuesday, 30th April 2024","€18,701,053",04 20 33 37 45,08 09,5 + 2,0,"€18,701,053","€18,701,053"
30.04.2024,Tuesday,"Tuesday, 30th April 2024","€18,701,053",04 20 33 37 45,08 09,5 + 1,6,"€250,246.20","€1,501,477"
30.04.2024,Tuesday,"Tuesday, 30th April 2024","€18,701,053",04 20 33 37 45,08 09,5 + 0,2,"€250,246.20","€500,492"
30.04.2024,Tuesday,"Tuesday, 30th April 2024","€18,701,053",04 20 33 37 45,08 09,4 + 2,20,"€5,953.80","€119,076"
30.04.2024,Tuesday,"Tuesday, 30th April 2024","€18,701,053",04 20 33 37 45,08 09,4 + 1,508,€293.00,"€148,844"
30.04.2024,Tuesday,"Tuesday, 30th April 2024","€18,701,053",04 20 33 37 45,08 09,4 + 0,966,€123.20,"€119,011"
30.04.2024,Tuesday,"Tuesday, 30th April 2024","€18,701,053",04 20 33 37 45,08 09,3 + 2,900,€181.90,"€163,710"
30.04.2024,Tuesday,"Tuesday, 30th April 2024","€18,701,053",04 20 33 37 45,08 09,2 + 2,"13,908",€27.20,"€378,298"
30.04.2024,Tuesday,"Tuesday, 30th April 2024","€18,701,053",04 20 33 37 45,08 09,3 + 1,"21,083",€20.10,"€423,768"
30.04.2024,Tuesday,"Tuesday, 30th April 2024","€18,701,053",04 20 33 37 45,08 09,3 + 0,"42,727",€18.80,"€803,268"
30.04.2024,Tuesday,"Tuesday, 30th April 2024","€18,701,053",04 20 33 37 45,08 09,1 + 2,"74,850",€13.40,"€1,002,990"
30.04.2024,Tuesday,"Tuesday, 30th April 2024","€18,701,053",04 20 33 37 45,08 09,2 + 1,"311,648",€9.60,"€2,991,821"
03.05.2024,Friday,"Friday, 3rd May 2024","€27,587,198",09 17 36 40 45,05 07,5 + 2,0,"€27,587,198","€27,587,198"
03.05.2024,Friday,"Friday, 3rd May 2024","€27,587,198",09 17 36 40 45,05 07,5 + 1,6,"€299,120.70","€1,794,724"
03.05.2024,Friday,"Friday, 3rd May 2024","€27,587,198",09 17 36 40 45,05 07,5 + 0,8,"€126,517.60","€1,012,141"
03.05.2024,Friday,"Friday, 3rd May 2024","€27,587,198",09 17 36 40 45,05 07,4 + 2,42,"€3,975.00","€166,950"
03.05.2024,Friday,"Friday, 3rd May 2024","€27,587,198",09 17 36 40 45,05 07,4 + 1,599,€348.30,"€208,632"
03.05.2024,Friday,"Friday, 3rd May 2024","€27,587,198",09 17 36 40 45,05 07,4 + 0,"1,251",€130.90,"€163,756"
03.05.2024,Friday,"Friday, 3rd May 2024","€27,587,198",09 17 36 40 45,05 07,3 + 2,"1,778",€130.90,"€232,740"
03.05.2024,Friday,"Friday, 3rd May 2024","€27,587,198",09 17 36 40 45,05 07,2 + 2,"26,337",€20.20,"€532,007"
03.05.2024,Friday,"Friday, 3rd May 2024","€27,587,198",09 17 36 40 45,05 07,3 + 1,"29,487",€20.10,"€592,689"
03.05.2024,Friday,"Friday, 3rd May 2024","€27,587,198",09 17 36 40 45,05 07,3 + 0,"58,720",€19.10,"€1,121,552"
03.05.2024,Friday,"Friday, 3rd May 2024","€27,587,198",09 17 36 40 45,05 07,1 + 2,"145,069",€9.70,"€1,407,169"
03.05.2024,Friday,"Friday, 3rd May 2024","€27,587,198",09 17 36 40 45,05 07,2 + 1,"437,524",€9.60,"€4,200,230"
07.05.2024,Tuesday,"Tuesday, 7th May 2024","€35,125,655",03 11 32 33 35,03 11,5 + 2,0,"€35,125,655","€35,125,655"
07.05.2024,Tuesday,"Tuesday, 7th May 2024","€35,125,655",03 11 32 33 35,03 11,5 + 1,1,"€1,341,351.20","€1,341,351"
07.05.2024,Tuesday,"Tuesday, 7th May 2024","€35,125,655",03 11 32 33 35,03 11,5 + 0,3,"€252,153.20","€756,460"
07.05.2024,Tuesday,"Tuesday, 7th May 2024","€35,125,655",03 11 32 33 35,03 11,4 + 2,32,"€3,899.20","€124,774"
07.05.2024,Tuesday,"Tuesday, 7th May 2024","€35,125,655",03 11 32 33 35,03 11,4 + 1,431,€361.80,"€155,936"
07.05.2024,Tuesday,"Tuesday, 7th May 2024","€35,125,655",03 11 32 33 35,03 11,4 + 0,988,€125.40,"€123,895"
07.05.2024,Tuesday,"Tuesday, 7th May 2024","€35,125,655",03 11 32 33 35,03 11,3 + 2,"1,374",€125.40,"€172,300"
07.05.2024,Tuesday,"Tuesday, 7th May 2024","€35,125,655",03 11 32 33 35,03 11,2 + 2,"16,939",€23.40,"€396,373"
07.05.2024,Tuesday,"Tuesday, 7th May 2024","€35,125,655",03 11 32 33 35,03 11,3 + 1,"22,226",€19.90,"€442,297"
07.05.2024,Tuesday,"Tuesday, 7th May 2024","€35,125,655",03 11 32 33 35,03 11,3 + 0,"48,081",€17.50,"€841,418"
07.05.2024,Tuesday,"Tuesday, 7th May 2024","€35,125,655",03 11 32 33 35,03 11,1 + 2,"78,727",€13.30,"€1,047,069"
07.05.2024,Tuesday,"Tuesday, 7th May 2024","€35,125,655",03 11 32 33 35,03 11,2 + 1,"335,215",€9.40,"€3,151,021"
10.05.2024,Friday,"Friday, 10th May 2024","€44,807,203",28 31 39 45 49,08 11,5 + 2,0,"€44,807,203","€44,807,203"
10.05.2024,Friday,"Friday, 10th May 2024","€44,807,203",28 31 39 45 49,08 11,5 + 1,3,"€657,126.90","€1,971,381"
10.05.2024,Friday,"Friday, 10th May 2024","€44,807,203",28 31 39 45 49,08 11,5 + 0,8,"€138,970.80","€1,111,766"
10.05.2024,Friday,"Friday, 10th May 2024","€44,807,203",28 31 39 45 49,08 11,4 + 2,22,"€8,335.60","€183,383"
10.05.2024,Friday,"Friday, 10th May 2024","€44,807,203",28 31 39 45 49,08 11,4 + 1,552,€415.20,"€229,190"
10.05.2024,Friday,"Friday, 10th May 2024","€44,807,203",28 31 39 45 49,08 11,4 + 0,"1,336",€137.20,"€183,299"
10.05.2024,Friday,"Friday, 10th May 2024","€44,807,203",28 31 39 45 49,08 11,3 + 2,"1,141",€220.90,"€252,047"
10.05.2024,Friday,"Friday, 10th May 2024","€44,807,203",28 31 39 45 49,08 11,2 + 2,"16,527",€35.30,"€583,403"
10.05.2024,Friday,"Friday, 10th May 2024","€44,807,203",28 31 39 45 49,08 11,3 + 1,"26,015",€25.10,"€652,977"
10.05.2024,Friday,"Friday, 10th May 2024","€44,807,203",28 31 39 45 49,08 11,3 + 0,"63,206",€19.50,"€1,232,517"
10.05.2024,Friday,"Friday, 10th May 2024","€44,807,203",28 31 39 45 49,08 11,1 + 2,"87,926",€17.50,"€1,538,705"
10.05.2024,Friday,"Friday, 10th May 2024","€44,807,203",28 31 39 45 49,08 11,2 + 1,"396,403",€11.70,"€4,637,915"
14.05.2024,Tuesday,"Tuesday, 14th May 2024","€53,290,436",19 22 23 24 27,01 06,5 + 2,0,"€53,290,436","€53,290,436"
14.05.2024,Tuesday,"Tuesday, 14th May 2024","€53,290,436",19 22 23 24 27,01 06,5 + 1,3,"€508,759.70","€1,526,279"
14.05.2024,Tuesday,"Tuesday, 14th May 2024","€53,290,436",19 22 23 24 27,01 06,5 + 0,15,"€57,383.30","€860,750"
14.05.2024,Tuesday,"Tuesday, 14th May 2024","€53,290,436",19 22 23 24 27,01 06,4 + 2,23,"€6,173.00","€141,979"
14.05.2024,Tuesday,"Tuesday, 14th May 2024","€53,290,436",19 22 23 24 27,01 06,4 + 1,571,€310.80,"€177,467"
14.05.2024,Tuesday,"Tuesday, 14th May 2024","€53,290,436",19 22 23 24 27,01 06,4 + 0,"1,345",€105.50,"€141,898"
14.05.2024,Tuesday,"Tuesday, 14th May 2024","€53,290,436",19 22 23 24 27,01 06,3 + 2,"1,230",€158.70,"€195,201"
14.05.2024,Tuesday,"Tuesday, 14th May 2024","€53,290,436",19 22 23 24 27,01 06,2 + 2,"18,034",€25.00,"€450,850"
14.05.2024,Tuesday,"Tuesday, 14th May 2024","€53,290,436",19 22 23 24 27,01 06,3 + 1,"26,938",€18.70,"€503,741"
14.05.2024,Tuesday,"Tuesday, 14th May 2024","€53,290,436",19 22 23 24 27,01 06,3 + 0,"61,724",€15.50,"€956,722"
14.05.2024,Tuesday,"Tuesday, 14th May 2024","€53,290,436",19 22 23 24 27,01 06,1 + 2,"90,758",€13.10,"€1,188,930"
14.05.2024,Tuesday,"Tuesday, 14th May 2024","€53,290,436",19 22 23 24 27,01 06,2 + 1,"385,910",€9.30,"€3,588,963"
17.05.2024,Friday,"Friday, 17th May 2024","€64,411,199",01 02 29 36 48,01 11,5 + 2,0,"€64,411,199","€64,411,199"
17.05.2024,Friday,"Friday, 17th May 2024","€64,411,199",01 02 29 36 48,01 11,5 + 1,4,"€567,073.40","€2,268,294"
17.05.2024,Friday,"Friday, 17th May 2024","€64,411,199",01 02 29 36 48,01 11,5 + 0,7,"€182,744.50","€1,279,212"
17.05.2024,Friday,"Friday, 17th May 2024","€64,411,199",01 02 29 36 48,01 11,4 + 2,21,"€10,047.80","€211,004"
17.05.2024,Friday,"Friday, 17th May 2024","€64,411,199",01 02 29 36 48,01 11,4 + 1,572,€461.10,"€263,749"
17.05.2024,Friday,"Friday, 17th May 2024","€64,411,199",01 02 29 36 48,01 11,4 + 0,"1,532",€137.70,"€210,956"
17.05.2024,Friday,"Friday, 17th May 2024","€64,411,199",01 02 29 36 48,01 11,3 + 2,"1,350",€214.90,"€290,115"
17.05.2024,Friday,"Friday, 17th May 2024","€64,411,199",01 02 29 36 48,01 11,2 + 2,"18,731",€35.90,"€672,443"
17.05.2024,Friday,"Friday, 17th May 2024","€64,411,199",01 02 29 36 48,01 11,3 + 1,"29,215",€25.70,"€750,826"
17.05.2024,Friday,"Friday, 17th May 2024","€64,411,199",01 02 29 36 48,01 11,3 + 0,"75,534",€18.80,"€1,420,039"
17.05.2024,Friday,"Friday, 17th May 2024","€64,411,199",01 02 29 36 48,01 11,1 + 2,"102,705",€17.30,"€1,776,797"
17.05.2024,Friday,"Friday, 17th May 2024","€64,411,199",01 02 29 36 48,01 11,2 + 1,"437,100",€12.20,"€5,332,620"
21.05.2024,Tuesday,"Tuesday, 21st May 2024","€73,958,965",07 23 31 33 38,10 11,5 + 2,0,"€73,958,965","€73,958,965"
21.05.2024,Tuesday,"Tuesday, 21st May 2024","€73,958,965",07 23 31 33 38,10 11,5 + 1,0,€0.00,€0
21.05.2024,Tuesday,"Tuesday, 21st May 2024","€73,958,965",07 23 31 33 38,10 11,5 + 0,5,"€192,477.40","€962,387"
21.05.2024,Tuesday,"Tuesday, 21st May 2024","€73,958,965",07 23 31 33 38,10 11,4 + 2,29,"€5,473.90","€158,743"
21.05.2024,Tuesday,"Tuesday, 21st May 2024","€73,958,965",07 23 31 33 38,10 11,4 + 1,524,€378.60,"€198,386"
21.05.2024,Tuesday,"Tuesday, 21st May 2024","€73,958,965",07 23 31 33 38,10 11,4 + 0,"1,412",€112.40,"€158,709"
21.05.2024,Tuesday,"Tuesday, 21st May 2024","€73,958,965",07 23 31 33 38,10 11,3 + 2,"1,018",€214.40,"€218,259"
21.05.2024,Tuesday,"Tuesday, 21st May 2024","€73,958,965",07 23 31 33 38,10 11,2 + 2,"15,204",€33.20,"€504,773"
21.05.2024,Tuesday,"Tuesday, 21st May 2024","€73,958,965",07 23 31 33 38,10 11,3 + 1,"26,463",€21.30,"€563,662"
21.05.2024,Tuesday,"Tuesday, 21st May 2024","€73,958,965",07 23 31 33 38,10 11,3 + 0,"69,306",€16.20,"€1,122,757"
21.05.2024,Tuesday,"Tuesday, 21st May 2024","€73,958,965",07 23 31 33 38,10 11,1 + 2,"78,718",€16.20,"€1,275,232"
21.05.2024,Tuesday,"Tuesday, 21st May 2024","€73,958,965",07 23 31 33 38,10 11,2 + 1,"376,843",€10.60,"€3,994,536"
24.05.2024,Friday,"Friday, 24th May 2024","€86,687,026",02 03 04 21 45,06 12,5 + 2,0,"€86,687,026","€86,687,026"
24.05.2024,Friday,"Friday, 24th May 2024","€86,687,026",02 03 04 21 45,06 12,5 + 1,5,"€861,717.80","€4,308,589"
24.05.2024,Friday,"Friday, 24th May 2024","€86,687,026",02 03 04 21 45,06 12,5 + 0,15,"€97,830.40","€1,467,456"
24.05.2024,Friday,"Friday, 24th May 2024","€86,687,026",02 03 04 21 45,06 12,4 + 2,39,"€6,206.50","€242,054"
24.05.2024,Friday,"Friday, 24th May 2024","€86,687,026",02 03 04 21 45,06 12,4 + 1,734,€412.20,"€302,555"
24.05.2024,Friday,"Friday, 24th May 2024","€86,687,026",02 03 04 21 45,06 12,4 + 0,"1,872",€129.30,"€242,050"
24.05.2024,Friday,"Friday, 24th May 2024","€86,687,026",02 03 04 21 45,06 12,3 + 2,"1,579",€210.70,"€332,695"
24.05.2024,Friday,"Friday, 24th May 2024","€86,687,026",02 03 04 21 45,06 12,2 + 2,"23,232",€33.20,"€771,302"
24.05.2024,Friday,"Friday, 24th May 2024","€86,687,026",02 03 04 21 45,06 12,3 + 1,"38,661",€22.30,"€862,140"
24.05.2024,Friday,"Friday, 24th May 2024","€86,687,026",02 03 04 21 45,06 12,3 + 0,"100,285",€16.40,"€1,644,674"
24.05.2024,Friday,"Friday, 24th May 2024","€86,687,026",02 03 04 21 45,06 12,1 + 2,"123,028",€16.40,"€2,017,659"
24.05.2024,Friday,"Friday, 24th May 2024","€86,687,026",02 03 04 21 45,06 12,2 + 1,"548,461",€11.10,"€6,087,917"
28.05.2024,Tuesday,"Tuesday, 28th May 2024","€98,956,016",13 26 27 35 46,03 04,5 + 2,0,"€98,956,016","€98,956,016"
28.05.2024,Tuesday,"Tuesday, 28th May 2024","€98,956,016",13 26 27 35 46,03 04,5 + 1,5,"€452,799.80","€2,263,999"
28.05.2024,Tuesday,"Tuesday, 28th May 2024","€98,956,016",13 26 27 35 46,03 04,5 + 0,4,"€319,197.50","€1,276,790"
28.05.2024,Tuesday,"Tuesday, 28th May 2024","€98,956,016",13 26 27 35 46,03 04,4 + 2,30,"€7,020.10","€210,603"
28.05.2024,Tuesday,"Tuesday, 28th May 2024","€98,956,016",13 26 27 35 46,03 04,4 + 1,968,€271.90,"€263,199"
28.05.2024,Tuesday,"Tuesday, 28th May 2024","€98,956,016",13 26 27 35 46,03 04,4 + 0,"1,825",€115.30,"€210,423"
28.05.2024,Tuesday,"Tuesday, 28th May 2024","€98,956,016",13 26 27 35 46,03 04,3 + 2,"2,029",€142.70,"€289,538"
28.05.2024,Tuesday,"Tuesday, 28th May 2024","€98,956,016",13 26 27 35 46,03 04,2 + 2,"27,132",€24.70,"€670,160"
28.05.2024,Tuesday,"Tuesday, 28th May 2024","€98,956,016",13 26 27 35 46,03 04,3 + 1,"45,008",€16.80,"€756,134"
28.05.2024,Tuesday,"Tuesday, 28th May 2024","€98,956,016",13 26 27 35 46,03 04,3 + 0,"83,891",€16.80,"€1,409,369"
28.05.2024,Tuesday,"Tuesday, 28th May 2024","€98,956,016",13 26 27 35 46,03 04,1 + 2,"140,622",€12.60,"€1,771,837"
28.05.2024,Tuesday,"Tuesday, 28th May 2024","€98,956,016",13 26 27 35 46,03 04,2 + 1,"610,683",€8.70,"€5,312,942"
31.05.2024,Friday,"Friday, 31st May 2024","€115,731,907",04 23 34 39 45,06 07,5 + 2,0,"€115,731,907","€115,731,907"
31.05.2024,Friday,"Friday, 31st May 2024","€115,731,907",04 23 34 39 45,06 07,5 + 1,4,"€857,761.60","€3,431,046"
31.05.2024,Friday,"Friday, 31st May 2024","€115,731,907",04 23 34 39 45,06 07,5 + 0,12,"€161,245.80","€1,934,950"
31.05.2024,Friday,"Friday, 31st May 2024","€115,731,907",04 23 34 39 45,06 07,4 + 2,73,"€4,372.10","€319,163"
31.05.2024,Friday,"Friday, 31st May 2024","€115,731,907",04 23 34 39 45,06 07,4 + 1,"1,386",€287.80,"€398,891"
31.05.2024,Friday,"Friday, 31st May 2024","€115,731,907",04 23 34 39 45,06 07,4 + 0,"2,824",€113.00,"€319,112"
31.05.2024,Friday,"Friday, 31st May 2024","€115,731,907",04 23 34 39 45,06 07,3 + 2,"2,965",€148.00,"€438,820"
31.05.2024,Friday,"Friday, 31st May 2024","€115,731,907",04 23 34 39 45,06 07,2 + 2,"40,967",€24.80,"€1,015,982"
31.05.2024,Friday,"Friday, 31st May 2024","€115,731,907",04 23 34 39 45,06 07,3 + 1,"59,401",€19.10,"€1,134,559"
31.05.2024,Friday,"Friday, 31st May 2024","€115,731,907",04 23 34 39 45,06 07,3 + 0,"123,989",€17.30,"€2,145,010"
31.05.2024,Friday,"Friday, 31st May 2024","€115,731,907",04 23 34 39 45,06 07,1 + 2,"219,713",€12.20,"€2,680,499"
31.05.2024,Friday,"Friday, 31st May 2024","€115,731,907",04 23 34 39 45,06 07,2 + 1,"836,410",€9.60,"€8,029,536"
04.06.2024,Tuesday,"Tuesday, 4th June 2024",,01 03 24 43 49,02 04,5 + 2,1,€,€0
04.06.2024,Tuesday,"Tuesday, 4th June 2024",,01 03 24 43 49,02 04,5 + 1,2,"€7,886,590.60","€15,773,181"
04.06.2024,Tuesday,"Tuesday, 4th June 2024",,01 03 24 43 49,02 04,5 + 0,13,"€136,812.70","€1,778,565"
04.06.2024,Tuesday,"Tuesday, 4th June 2024",,01 03 24 43 49,02 04,4 + 2,45,"€6,519.30","€293,369"
04.06.2024,Tuesday,"Tuesday, 4th June 2024",,01 03 24 43 49,02 04,4 + 1,955,€383.90,"€366,625"
04.06.2024,Tuesday,"Tuesday, 4th June 2024",,01 03 24 43 49,02 04,4 + 0,"2,282",€128.50,"€293,237"
04.06.2024,Tuesday,"Tuesday, 4th June 2024",,01 03 24 43 49,02 04,3 + 2,"2,372",€170.00,"€403,240"
04.06.2024,Tuesday,"Tuesday, 4th June 2024",,01 03 24 43 49,02 04,2 + 2,"36,664",€25.50,"€934,932"
04.06.2024,Tuesday,"Tuesday, 4th June 2024",,01 03 24 43 49,02 04,3 + 1,"48,408",€21.50,"€1,040,772"
04.06.2024,Tuesday,"Tuesday, 4th June 2024",,01 03 24 43 49,02 04,3 + 0,"107,076",€18.40,"€1,970,198"
04.06.2024,Tuesday,"Tuesday, 4th June 2024",,01 03 24 43 49,02 04,1 + 2,"198,640",€12.40,"€2,463,136"
04.06.2024,Tuesday,"Tuesday, 4th June 2024",,01 03 24 43 49,02 04,2 + 1,"737,973",€10.00,"€7,379,730"
07.06.2024,Friday,"Friday, 7th June 2024","€11,127,482",08 15 29 37 45,05 10,5 + 2,0,"€11,127,482","€11,127,482"
07.06.2024,Friday,"Friday, 7th June 2024","€11,127,482",08 15 29 37 45,05 10,5 + 1,5,"€369,575.20","€1,847,876"
07.06.2024,Friday,"Friday, 7th June 2024","€11,127,482",08 15 29 37 45,05 10,5 + 0,8,"€130,264.50","€1,042,116"
07.06.2024,Friday,"Friday, 7th June 2024","€11,127,482",08 15 29 37 45,05 10,4 + 2,56,"€3,069.50","€171,892"
07.06.2024,Friday,"Friday, 7th June 2024","€11,127,482",08 15 29 37 45,05 10,4 + 1,928,€231.50,"€214,832"
07.06.2024,Friday,"Friday, 7th June 2024","€11,127,482",08 15 29 37 45,05 10,4 + 0,"2,058",€83.50,"€171,843"
07.06.2024,Friday,"Friday, 7th June 2024","€11,127,482",08 15 29 37 45,05 10,3 + 2,"1,720",€137.40,"€236,328"
07.06.2024,Friday,"Friday, 7th June 2024","€11,127,482",08 15 29 37 45,05 10,2 + 2,"24,192",€22.60,"€546,739"
07.06.2024,Friday,"Friday, 7th June 2024","€11,127,482",08 15 29 37 45,05 10,3 + 1,"32,266",€18.90,"€609,827"
07.06.2024,Friday,"Friday, 7th June 2024","€11,127,482",08 15 29 37 45,05 10,3 + 0,"71,290",€16.20,"€1,154,898"
07.06.2024,Friday,"Friday, 7th June 2024","€11,127,482",08 15 29 37 45,05 10,1 + 2,"122,133",€11.80,"€1,441,169"
07.06.2024,Friday,"Friday, 7th June 2024","€11,127,482",08 15 29 37 45,05 10,2 + 1,"436,052",€10.00,"€4,360,520"
11.06.2024,Tuesday,"Tuesday, 11th June 2024","€18,305,731",04 12 16 29 31,01 09,5 + 2,0,"€18,305,731","€18,305,731"
11.06.2024,Tuesday,"Tuesday, 11th June 2024","€18,305,731",04 12 16 29 31,01 09,5 + 1,0,€0.00,€0
11.06.2024,Tuesday,"Tuesday, 11th June 2024","€18,305,731",04 12 16 29 31,01 09,5 + 0,8,"€87,984.50","€703,876"
11.06.2024,Tuesday,"Tuesday, 11th June 2024","€18,305,731",04 12 16 29 31,01 09,4 + 2,36,"€3,225.00","€116,100"
11.06.2024,Tuesday,"Tuesday, 11th June 2024","€18,305,731",04 12 16 29 31,01 09,4 + 1,560,€259.10,"€145,096"
11.06.2024,Tuesday,"Tuesday, 11th June 2024","€18,305,731",04 12 16 29 31,01 09,4 + 0,"1,426",€81.40,"€116,076"
11.06.2024,Tuesday,"Tuesday, 11th June 2024","€18,305,731",04 12 16 29 31,01 09,3 + 2,"1,110",€143.80,"€159,618"
11.06.2024,Tuesday,"Tuesday, 11th June 2024","€18,305,731",04 12 16 29 31,01 09,2 + 2,"14,906",€24.80,"€369,669"
11.06.2024,Tuesday,"Tuesday, 11th June 2024","€18,305,731",04 12 16 29 31,01 09,3 + 1,"22,433",€18.40,"€412,767"
11.06.2024,Tuesday,"Tuesday, 11th June 2024","€18,305,731",04 12 16 29 31,01 09,3 + 0,"52,942",€14.80,"€783,542"
11.06.2024,Tuesday,"Tuesday, 11th June 2024","€18,305,731",04 12 16 29 31,01 09,1 + 2,"74,883",€13.00,"€973,479"
11.06.2024,Tuesday,"Tuesday, 11th June 2024","€18,305,731",04 12 16 29 31,01 09,2 + 1,"301,619",€9.70,"€2,925,704"
14.06.2024,Friday,"Friday, 14th June 2024","€27,478,790",10 21 27 42 46,02 06,5 + 2,0,"€27,478,790","€27,478,790"
14.06.2024,Friday,"Friday, 14th June 2024","€27,478,790",10 21 27 42 46,02 06,5 + 1,3,"€1,040,240.00","€3,120,720"
14.06.2024,Friday,"Friday, 14th June 2024","€27,478,790",10 21 27 42 46,02 06,5 + 0,8,"€132,008.00","€1,056,064"
14.06.2024,Friday,"Friday, 14th June 2024","€27,478,790",10 21 27 42 46,02 06,4 + 2,32,"€5,443.60","€174,195"
14.06.2024,Friday,"Friday, 14th June 2024","€27,478,790",10 21 27 42 46,02 06,4 + 1,678,€321.10,"€217,706"
14.06.2024,Friday,"Friday, 14th June 2024","€27,478,790",10 21 27 42 46,02 06,4 + 0,"1,286",€135.40,"€174,124"
14.06.2024,Friday,"Friday, 14th June 2024","€27,478,790",10 21 27 42 46,02 06,3 + 2,"1,632",€146.70,"€239,414"
14.06.2024,Friday,"Friday, 14th June 2024","€27,478,790",10 21 27 42 46,02 06,2 + 2,"23,574",€23.50,"€553,989"
14.06.2024,Friday,"Friday, 14th June 2024","€27,478,790",10 21 27 42 46,02 06,3 + 1,"29,364",€21.10,"€619,580"
14.06.2024,Friday,"Friday, 14th June 2024","€27,478,790",10 21 27 42 46,02 06,3 + 0,"62,769",€18.70,"€1,173,780"
14.06.2024,Friday,"Friday, 14th June 2024","€27,478,790",10 21 27 42 46,02 06,1 + 2,"128,671",€11.40,"€1,466,849"
14.06.2024,Friday,"Friday, 14th June 2024","€27,478,790",10 21 27 42 46,02 06,2 + 1,"440,502",€10.00,"€4,405,020"
18.06.2024,Tuesday,"Tuesday, 18th June 2024","€35,127,810",04 10 23 24 45,07 08,5 + 2,0,"€35,127,810","€35,127,810"
18.06.2024,Tuesday,"Tuesday, 18th June 2024","€35,127,810",04 10 23 24 45,07 08,5 + 1,2,"€676,851.00","€1,353,702"
18.06.2024,Tuesday,"Tuesday, 18th June 2024","€35,127,810",04 10 23 24 45,07 08,5 + 0,6,"€127,237.50","€763,425"
18.06.2024,Tuesday,"Tuesday, 18th June 2024","€35,127,810",04 10 23 24 45,07 08,4 + 2,23,"€5,475.00","€125,925"
18.06.2024,Tuesday,"Tuesday, 18th June 2024","€35,127,810",04 10 23 24 45,07 08,4 + 1,564,€279.00,"€157,356"
18.06.2024,Tuesday,"Tuesday, 18th June 2024","€35,127,810",04 10 23 24 45,07 08,4 + 0,"1,129",€111.50,"€125,884"
18.06.2024,Tuesday,"Tuesday, 18th June 2024","€35,127,810",04 10 23 24 45,07 08,3 + 2,"1,280",€135.20,"€173,056"
18.06.2024,Tuesday,"Tuesday, 18th June 2024","€35,127,810",04 10 23 24 45,07 08,2 + 2,"17,058",€23.50,"€400,863"
18.06.2024,Tuesday,"Tuesday, 18th June 2024","€35,127,810",04 10 23 24 45,07 08,3 + 1,"26,179",€17.10,"€447,661"
18.06.2024,Tuesday,"Tuesday, 18th June 2024","€35,127,810",04 10 23 24 45,07 08,3 + 0,"51,254",€16.50,"€845,691"
18.06.2024,Tuesday,"Tuesday, 18th June 2024","€35,127,810",04 10 23 24 45,07 08,1 + 2,"87,162",€12.10,"€1,054,660"
18.06.2024,Tuesday,"Tuesday, 18th June 2024","€35,127,810",04 10 23 24 45,07 08,2 + 1,"363,177",€8.70,"€3,159,640"
21.06.2024,Friday,"Friday, 21st June 2024","€44,882,239",02 22 24 30 40,05 06,5 + 2,0,"€44,882,239","€44,882,239"
21.06.2024,Friday,"Friday, 21st June 2024","€44,882,239",02 22 24 30 40,05 06,5 + 1,3,"€659,988.60","€1,979,966"
21.06.2024,Friday,"Friday, 21st June 2024","€44,882,239",02 22 24 30 40,05 06,5 + 0,7,"€159,515.50","€1,116,609"
21.06.2024,Friday,"Friday, 21st June 2024","€44,882,239",02 22 24 30 40,05 06,4 + 2,28,"€6,577.90","€184,181"
21.06.2024,Friday,"Friday, 21st June 2024","€44,882,239",02 22 24 30 40,05 06,4 + 1,619,€371.90,"€230,206"
21.06.2024,Friday,"Friday, 21st June 2024","€44,882,239",02 22 24 30 40,05 06,4 + 0,"1,298",€141.80,"€184,056"
21.06.2024,Friday,"Friday, 21st June 2024","€44,882,239",02 22 24 30 40,05 06,3 + 2,"1,465",€172.80,"€253,152"
21.06.2024,Friday,"Friday, 21st June 2024","€44,882,239",02 22 24 30 40,05 06,2 + 2,"22,776",€25.70,"€585,343"
21.06.2024,Friday,"Friday, 21st June 2024","€44,882,239",02 22 24 30 40,05 06,3 + 1,"30,931",€21.20,"€655,737"
21.06.2024,Friday,"Friday, 21st June 2024","€44,882,239",02 22 24 30 40,05 06,3 + 0,"65,156",€19.00,"€1,237,964"
21.06.2024,Friday,"Friday, 21st June 2024","€44,882,239",02 22 24 30 40,05 06,1 + 2,"124,460",€12.40,"€1,543,304"
21.06.2024,Friday,"Friday, 21st June 2024","€44,882,239",02 22 24 30 40,05 06,2 + 1,"472,464",€9.80,"€4,630,147"
25.06.2024,Tuesday,"Tuesday, 25th June 2024","€53,156,173",08 14 25 31 45,03 12,5 + 2,0,"€53,156,173","€53,156,173"
25.06.2024,Tuesday,"Tuesday, 25th June 2024","€53,156,173",08 14 25 31 45,03 12,5 + 1,3,"€488,923.50","€1,466,771"
25.06.2024,Tuesday,"Tuesday, 25th June 2024","€53,156,173",08 14 25 31 45,03 12,5 + 0,6,"€137,865.00","€827,190"
25.06.2024,Tuesday,"Tuesday, 25th June 2024","€53,156,173",08 14 25 31 45,03 12,4 + 2,23,"€5,932.30","€136,443"
25.06.2024,Tuesday,"Tuesday, 25th June 2024","€53,156,173",08 14 25 31 45,03 12,4 + 1,536,€318.10,"€170,502"
25.06.2024,Tuesday,"Tuesday, 25th June 2024","€53,156,173",08 14 25 31 45,03 12,4 + 0,"1,327",€102.80,"€136,416"
25.06.2024,Tuesday,"Tuesday, 25th June 2024","€53,156,173",08 14 25 31 45,03 12,3 + 2,"1,014",€185.00,"€187,590"
25.06.2024,Tuesday,"Tuesday, 25th June 2024","€53,156,173",08 14 25 31 45,03 12,2 + 2,"14,601",€29.70,"€433,650"
25.06.2024,Tuesday,"Tuesday, 25th June 2024","€53,156,173",08 14 25 31 45,03 12,3 + 1,"22,822",€21.20,"€483,826"
25.06.2024,Tuesday,"Tuesday, 25th June 2024","€53,156,173",08 14 25 31 45,03 12,3 + 0,"54,719",€16.80,"€919,279"
25.06.2024,Tuesday,"Tuesday, 25th June 2024","€53,156,173",08 14 25 31 45,03 12,1 + 2,"76,709",€15.00,"€1,150,635"
25.06.2024,Tuesday,"Tuesday, 25th June 2024","€53,156,173",08 14 25 31 45,03 12,2 + 1,"332,304",€10.40,"€3,455,962"
28.06.2024,Friday,"Friday, 28th June 2024","€63,944,126",01 08 30 43 45,10 12,5 + 2,0,"€63,944,126","€63,944,126"
28.06.2024,Friday,"Friday, 28th June 2024","€63,944,126",01 08 30 43 45,10 12,5 + 1,2,"€1,103,751.90","€2,207,504"
28.06.2024,Friday,"Friday, 28th June 2024","€63,944,126",01 08 30 43 45,10 12,5 + 0,9,"€138,325.50","€1,244,930"
28.06.2024,Friday,"Friday, 28th June 2024","€63,944,126",01 08 30 43 45,10 12,4 + 2,26,"€7,898.00","€205,348"
28.06.2024,Friday,"Friday, 28th June 2024","€63,944,126",01 08 30 43 45,10 12,4 + 1,625,€410.60,"€256,625"
28.06.2024,Friday,"Friday, 28th June 2024","€63,944,126",01 08 30 43 45,10 12,4 + 0,"1,533",€133.90,"€205,269"
28.06.2024,Friday,"Friday, 28th June 2024","€63,944,126",01 08 30 43 45,10 12,3 + 2,"1,168",€241.70,"€282,306"
28.06.2024,Friday,"Friday, 28th June 2024","€63,944,126",01 08 30 43 45,10 12,2 + 2,"17,769",€36.80,"€653,899"
28.06.2024,Friday,"Friday, 28th June 2024","€63,944,126",01 08 30 43 45,10 12,3 + 1,"27,089",€27.00,"€731,403"
28.06.2024,Friday,"Friday, 28th June 2024","€63,944,126",01 08 30 43 45,10 12,3 + 0,"72,610",€19.00,"€1,379,590"
28.06.2024,Friday,"Friday, 28th June 2024","€63,944,126",01 08 30 43 45,10 12,1 + 2,"97,018",€17.80,"€1,726,920"
28.06.2024,Friday,"Friday, 28th June 2024","€63,944,126",01 08 30 43 45,10 12,2 + 1,"417,420",€12.40,"€5,176,008"
02.07.2024,Tuesday,"Tuesday, 2nd July 2024","€73,733,398",10 29 30 32 40,06 12,5 + 2,0,"€73,733,398","€73,733,398"
02.07.2024,Tuesday,"Tuesday, 2nd July 2024","€73,733,398",10 29 30 32 40,06 12,5 + 1,3,"€591,738.70","€1,775,216"
02.07.2024,Tuesday,"Tuesday, 2nd July 2024","€73,733,398",10 29 30 32 40,06 12,5 + 0,5,"€200,227.80","€1,001,139"
02.07.2024,Tuesday,"Tuesday, 2nd July 2024","€73,733,398",10 29 30 32 40,06 12,4 + 2,26,"€6,351.30","€165,134"
02.07.2024,Tuesday,"Tuesday, 2nd July 2024","€73,733,398",10 29 30 32 40,06 12,4 + 1,496,€416.10,"€206,386"
02.07.2024,Tuesday,"Tuesday, 2nd July 2024","€73,733,398",10 29 30 32 40,06 12,4 + 0,"1,196",€138.00,"€165,048"
02.07.2024,Tuesday,"Tuesday, 2nd July 2024","€73,733,398",10 29 30 32 40,06 12,3 + 2,"1,250",€181.60,"€227,000"
02.07.2024,Tuesday,"Tuesday, 2nd July 2024","€73,733,398",10 29 30 32 40,06 12,2 + 2,"16,389",€32.10,"€526,087"
02.07.2024,Tuesday,"Tuesday, 2nd July 2024","€73,733,398",10 29 30 32 40,06 12,3 + 1,"25,462",€23.10,"€588,172"
02.07.2024,Tuesday,"Tuesday, 2nd July 2024","€73,733,398",10 29 30 32 40,06 12,3 + 0,"62,792",€17.70,"€1,111,418"
02.07.2024,Tuesday,"Tuesday, 2nd July 2024","€73,733,398",10 29 30 32 40,06 12,1 + 2,"87,478",€15.90,"€1,390,900"
02.07.2024,Tuesday,"Tuesday, 2nd July 2024","€73,733,398",10 29 30 32 40,06 12,2 + 1,"356,977",€11.70,"€4,176,631"
05.07.2024,Friday,"Friday, 5th July 2024","€86,351,675",04 11 16 25 32,01 11,5 + 2,0,"€86,351,675","€86,351,675"
05.07.2024,Friday,"Friday, 5th July 2024","€86,351,675",04 11 16 25 32,01 11,5 + 1,5,"€513,157.00","€2,565,785"
05.07.2024,Friday,"Friday, 5th July 2024","€86,351,675",04 11 16 25 32,01 11,5 + 0,11,"€131,543.90","€1,446,983"
05.07.2024,Friday,"Friday, 5th July 2024","€86,351,675",04 11 16 25 32,01 11,4 + 2,34,"€7,019.90","€238,677"
05.07.2024,Friday,"Friday, 5th July 2024","€86,351,675",04 11 16 25 32,01 11,4 + 1,934,€319.40,"€298,320"
05.07.2024,Friday,"Friday, 5th July 2024","€86,351,675",04 11 16 25 32,01 11,4 + 0,"2,831",€84.30,"€238,653"
05.07.2024,Friday,"Friday, 5th July 2024","€86,351,675",04 11 16 25 32,01 11,3 + 2,"1,630",€201.30,"€328,119"
05.07.2024,Friday,"Friday, 5th July 2024","€86,351,675",04 11 16 25 32,01 11,2 + 2,"23,370",€32.50,"€759,525"
05.07.2024,Friday,"Friday, 5th July 2024","€86,351,675",04 11 16 25 32,01 11,3 + 1,"39,367",€21.50,"€846,391"
05.07.2024,Friday,"Friday, 5th July 2024","€86,351,675",04 11 16 25 32,01 11,3 + 0,"112,116",€15.30,"€1,715,375"
05.07.2024,Friday,"Friday, 5th July 2024","€86,351,675",04 11 16 25 32,01 11,1 + 2,"123,427",€15.30,"€1,888,433"
05.07.2024,Friday,"Friday, 5th July 2024","€86,351,675",04 11 16 25 32,01 11,2 + 1,"546,717",€11.00,"€6,013,887"
09.07.2024,Tuesday,"Tuesday, 9th July 2024",,05 14 25 26 44,08 10,5 + 2,1,€,€0
09.07.2024,Tuesday,"Tuesday, 9th July 2024",,05 14 25 26 44,08 10,5 + 1,5,"€433,720.40","€2,168,602"
09.07.2024,Tuesday,"Tuesday, 9th July 2024",,05 14 25 26 44,08 10,5 + 0,3,"€407,663.60","€1,222,991"
09.07.2024,Tuesday,"Tuesday, 9th July 2024",,05 14 25 26 44,08 10,4 + 2,50,"€4,034.60","€201,730"
09.07.2024,Tuesday,"Tuesday, 9th July 2024",,05 14 25 26 44,08 10,4 + 1,841,€299.80,"€252,132"
09.07.2024,Tuesday,"Tuesday, 9th July 2024",,05 14 25 26 44,08 10,4 + 0,"1,888",€106.80,"€201,638"
09.07.2024,Tuesday,"Tuesday, 9th July 2024",,05 14 25 26 44,08 10,3 + 2,"1,691",€164.00,"€277,324"
09.07.2024,Tuesday,"Tuesday, 9th July 2024",,05 14 25 26 44,08 10,2 + 2,"23,755",€27.00,"€641,385"
09.07.2024,Tuesday,"Tuesday, 9th July 2024",,05 14 25 26 44,08 10,3 + 1,"37,355",€19.20,"€717,216"
09.07.2024,Tuesday,"Tuesday, 9th July 2024",,05 14 25 26 44,08 10,3 + 0,"82,786",€16.40,"€1,357,690"
09.07.2024,Tuesday,"Tuesday, 9th July 2024",,05 14 25 26 44,08 10,1 + 2,"120,556",€14.10,"€1,699,840"
09.07.2024,Tuesday,"Tuesday, 9th July 2024",,05 14 25 26 44,08 10,2 + 1,"532,528",€9.60,"€5,112,269"
12.07.2024,Friday,"Friday, 12th July 2024","€10,000,000",02 14 30 32 34,03 04,5 + 2,0,"€10,000,000","€10,000,000"
12.07.2024,Friday,"Friday, 12th July 2024","€10,000,000",02 14 30 32 34,03 04,5 + 1,3,"€583,213.40","€1,749,640"
12.07.2024,Friday,"Friday, 12th July 2024","€10,000,000",02 14 30 32 34,03 04,5 + 0,9,"€109,635.00","€986,715"
12.07.2024,Friday,"Friday, 12th July 2024","€10,000,000",02 14 30 32 34,03 04,4 + 2,31,"€5,250.20","€162,756"
12.07.2024,Friday,"Friday, 12th July 2024","€10,000,000",02 14 30 32 34,03 04,4 + 1,615,€330.80,"€203,442"
12.07.2024,Friday,"Friday, 12th July 2024","€10,000,000",02 14 30 32 34,03 04,4 + 0,"1,164",€139.80,"€162,727"
12.07.2024,Friday,"Friday, 12th July 2024","€10,000,000",02 14 30 32 34,03 04,3 + 2,"1,441",€155.30,"€223,787"
12.07.2024,Friday,"Friday, 12th July 2024","€10,000,000",02 14 30 32 34,03 04,2 + 2,"20,340",€25.50,"€518,670"
12.07.2024,Friday,"Friday, 12th July 2024","€10,000,000",02 14 30 32 34,03 04,3 + 1,"29,709",€19.50,"€579,326"
12.07.2024,Friday,"Friday, 12th July 2024","€10,000,000",02 14 30 32 34,03 04,3 + 0,"57,208",€19.20,"€1,098,394"
12.07.2024,Friday,"Friday, 12th July 2024","€10,000,000",02 14 30 32 34,03 04,1 + 2,"111,006",€12.30,"€1,365,374"
12.07.2024,Friday,"Friday, 12th July 2024","€10,000,000",02 14 30 32 34,03 04,2 + 1,"440,021",€9.30,"€4,092,195"
16.07.2024,Tuesday,"Tuesday, 16th July 2024","€16,615,364",08 22 27 36 43,05 08,5 + 2,0,"€16,615,364","€16,615,364"
16.07.2024,Tuesday,"Tuesday, 16th July 2024","€16,615,364",08 22 27 36 43,05 08,5 + 1,0,€0.00,€0
16.07.2024,Tuesday,"Tuesday, 16th July 2024","€16,615,364",08 22 27 36 43,05 08,5 + 0,3,"€230,290.40","€690,871"
16.07.2024,Tuesday,"Tuesday, 16th July 2024","€16,615,364",08 22 27 36 43,05 08,4 + 2,33,"€3,453.20","€113,956"
16.07.2024,Tuesday,"Tuesday, 16th July 2024","€16,615,364",08 22 27 36 43,05 08,4 + 1,558,€255.20,"€142,402"
16.07.2024,Tuesday,"Tuesday, 16th July 2024","€16,615,364",08 22 27 36 43,05 08,4 + 0,"1,099",€100.50,"€110,450"
16.07.2024,Tuesday,"Tuesday, 16th July 2024","€16,615,364",08 22 27 36 43,05 08,3 + 2,"1,593",€100.50,"€160,097"
16.07.2024,Tuesday,"Tuesday, 16th July 2024","€16,615,364",08 22 27 36 43,05 08,2 + 2,"20,823",€17.70,"€368,567"
16.07.2024,Tuesday,"Tuesday, 16th July 2024","€16,615,364",08 22 27 36 43,05 08,3 + 1,"22,618",€17.70,"€400,339"
16.07.2024,Tuesday,"Tuesday, 16th July 2024","€16,615,364",08 22 27 36 43,05 08,3 + 0,"45,865",€16.70,"€765,946"
16.07.2024,Tuesday,"Tuesday, 16th July 2024","€16,615,364",08 22 27 36 43,05 08,1 + 2,"105,914",€9.30,"€985,000"
16.07.2024,Tuesday,"Tuesday, 16th July 2024","€16,615,364",08 22 27 36 43,05 08,2 + 1,"308,382",€9.30,"€2,867,953"
19.07.2024,Friday,"Friday, 19th July 2024","€25,440,004",13 18 22 26 32,10 11,5 + 2,0,"€25,440,004","€25,440,004"
19.07.2024,Friday,"Friday, 19th July 2024","€25,440,004",13 18 22 26 32,10 11,5 + 1,5,"€605,188.30","€3,025,942"
19.07.2024,Friday,"Friday, 19th July 2024","€25,440,004",13 18 22 26 32,10 11,5 + 0,7,"€145,088.40","€1,015,619"
19.07.2024,Friday,"Friday, 19th July 2024","€25,440,004",13 18 22 26 32,10 11,4 + 2,19,"€8,817.00","€167,523"
19.07.2024,Friday,"Friday, 19th July 2024","€25,440,004",13 18 22 26 32,10 11,4 + 1,599,€349.50,"€209,351"
19.07.2024,Friday,"Friday, 19th July 2024","€25,440,004",13 18 22 26 32,10 11,4 + 0,"1,829",€91.50,"€167,354"
19.07.2024,Friday,"Friday, 19th July 2024","€25,440,004",13 18 22 26 32,10 11,3 + 2,"1,016",€226.70,"€230,327"
19.07.2024,Friday,"Friday, 19th July 2024","€25,440,004",13 18 22 26 32,10 11,2 + 2,"14,166",€37.60,"€532,642"
19.07.2024,Friday,"Friday, 19th July 2024","€25,440,004",13 18 22 26 32,10 11,3 + 1,"26,567",€22.40,"€595,101"
19.07.2024,Friday,"Friday, 19th July 2024","€25,440,004",13 18 22 26 32,10 11,3 + 0,"77,900",€16.60,"€1,293,140"
19.07.2024,Friday,"Friday, 19th July 2024","€25,440,004",13 18 22 26 32,10 11,1 + 2,"75,198",€16.60,"€1,248,287"
19.07.2024,Friday,"Friday, 19th July 2024","€25,440,004",13 18 22 26 32,10 11,2 + 1,"378,291",€11.20,"€4,236,859"
23.07.2024,Tuesday,"Tuesday, 23rd July 2024","€33,005,312",09 13 21 24 38,06 12,5 + 2,0,"€33,005,312","€33,005,312"
23.07.2024,Tuesday,"Tuesday, 23rd July 2024","€33,005,312",09 13 21 24 38,06 12,5 + 1,3,"€450,736.80","€1,352,210"
23.07.2024,Tuesday,"Tuesday, 23rd July 2024","€33,005,312",09 13 21 24 38,06 12,5 + 0,8,"€95,322.90","€762,583"
23.07.2024,Tuesday,"Tuesday, 23rd July 2024","€33,005,312",09 13 21 24 38,06 12,4 + 2,24,"€5,241.10","€125,786"
23.07.2024,Tuesday,"Tuesday, 23rd July 2024","€33,005,312",09 13 21 24 38,06 12,4 + 1,550,€285.80,"€157,190"
23.07.2024,Tuesday,"Tuesday, 23rd July 2024","€33,005,312",09 13 21 24 38,06 12,4 + 0,"1,507",€83.40,"€125,684"
23.07.2024,Tuesday,"Tuesday, 23rd July 2024","€33,005,312",09 13 21 24 38,06 12,3 + 2,962,€179.70,"€172,871"
23.07.2024,Tuesday,"Tuesday, 23rd July 2024","€33,005,312",09 13 21 24 38,06 12,2 + 2,"13,869",€28.90,"€400,814"
23.07.2024,Tuesday,"Tuesday, 23rd July 2024","€33,005,312",09 13 21 24 38,06 12,3 + 1,"22,859",€19.60,"€448,036"
23.07.2024,Tuesday,"Tuesday, 23rd July 2024","€33,005,312",09 13 21 24 38,06 12,3 + 0,"62,443",€14.30,"€892,935"
23.07.2024,Tuesday,"Tuesday, 23rd July 2024","€33,005,312",09 13 21 24 38,06 12,1 + 2,"70,540",€14.30,"€1,008,722"
23.07.2024,Tuesday,"Tuesday, 23rd July 2024","€33,005,312",09 13 21 24 38,06 12,2 + 1,"313,542",€10.10,"€3,166,774"
26.07.2024,Friday,"Friday, 26th July 2024",,07 11 22 26 46,05 11,5 + 2,2,€,€0
26.07.2024,Friday,"Friday, 26th July 2024",,07 11 22 26 46,05 11,5 + 1,7,"€280,974.60","€1,966,822"
26.07.2024,Friday,"Friday, 26th July 2024",,07 11 22 26 46,05 11,5 + 0,16,"€69,324.70","€1,109,195"
26.07.2024,Friday,"Friday, 26th July 2024",,07 11 22 26 46,05 11,4 + 2,35,"€5,227.40","€182,959"
26.07.2024,Friday,"Friday, 26th July 2024",,07 11 22 26 46,05 11,4 + 1,877,€260.70,"€228,634"
26.07.2024,Friday,"Friday, 26th July 2024",,07 11 22 26 46,05 11,4 + 0,"1,963",€93.20,"€182,952"
26.07.2024,Friday,"Friday, 26th July 2024",,07 11 22 26 46,05 11,3 + 2,"1,405",€179.00,"€251,495"
26.07.2024,Friday,"Friday, 26th July 2024",,07 11 22 26 46,05 11,2 + 2,"19,632",€29.70,"€583,070"
26.07.2024,Friday,"Friday, 26th July 2024",,07 11 22 26 46,05 11,3 + 1,"35,228",€18.50,"€651,718"
26.07.2024,Friday,"Friday, 26th July 2024",,07 11 22 26 46,05 11,3 + 0,"85,413",€15.20,"€1,298,278"
26.07.2024,Friday,"Friday, 26th July 2024",,07 11 22 26 46,05 11,1 + 2,"96,917",€15.20,"€1,473,138"
26.07.2024,Friday,"Friday, 26th July 2024",,07 11 22 26 46,05 11,2 + 1,"475,519",€9.70,"€4,612,534"
30.07.2024,Tuesday,"Tuesday, 30th July 2024","€10,000,000",02 16 30 31 49,02 05,5 + 2,0,"€10,000,000","€10,000,000"
30.07.2024,Tuesday,"Tuesday, 30th July 2024","€10,000,000",02 16 30 31 49,02 05,5 + 1,2,"€565,388.10","€1,130,776"
30.07.2024,Tuesday,"Tuesday, 30th July 2024","€10,000,000",02 16 30 31 49,02 05,5 + 0,3,"€212,568.40","€637,705"
30.07.2024,Tuesday,"Tuesday, 30th July 2024","€10,000,000",02 16 30 31 49,02 05,4 + 2,24,"€4,382.80","€105,187"
30.07.2024,Tuesday,"Tuesday, 30th July 2024","€10,000,000",02 16 30 31 49,02 05,4 + 1,404,€325.40,"€131,462"
30.07.2024,Tuesday,"Tuesday, 30th July 2024","€10,000,000",02 16 30 31 49,02 05,4 + 0,903,€116.40,"€105,109"
30.07.2024,Tuesday,"Tuesday, 30th July 2024","€10,000,000",02 16 30 31 49,02 05,3 + 2,969,€149.20,"€144,575"
30.07.2024,Tuesday,"Tuesday, 30th July 2024","€10,000,000",02 16 30 31 49,02 05,2 + 2,"13,770",€24.30,"€334,611"
30.07.2024,Tuesday,"Tuesday, 30th July 2024","€10,000,000",02 16 30 31 49,02 05,3 + 1,"17,670",€21.20,"€374,604"
30.07.2024,Tuesday,"Tuesday, 30th July 2024","€10,000,000",02 16 30 31 49,02 05,3 + 0,"37,572",€18.80,"€706,354"
30.07.2024,Tuesday,"Tuesday, 30th July 2024","€10,000,000",02 16 30 31 49,02 05,1 + 2,"76,335",€11.60,"€885,486"
30.07.2024,Tuesday,"Tuesday, 30th July 2024","€10,000,000",02 16 30 31 49,02 05,2 + 1,"265,831",€10.00,"€2,658,310"
02.08.2024,Friday,"Friday, 2nd August 2024","€17,318,623",14 20 26 30 31,01 02,5 + 2,0,"€17,318,623","€17,318,623"
02.08.2024,Friday,"Friday, 2nd August 2024","€17,318,623",14 20 26 30 31,01 02,5 + 1,6,"€291,389.60","€1,748,338"
02.08.2024,Friday,"Friday, 2nd August 2024","€17,318,623",14 20 26 30 31,01 02,5 + 0,4,"€246,495.20","€985,981"
02.08.2024,Friday,"Friday, 2nd August 2024","€17,318,623",14 20 26 30 31,01 02,4 + 2,25,"€6,505.40","€162,635"
02.08.2024,Friday,"Friday, 2nd August 2024","€17,318,623",14 20 26 30 31,01 02,4 + 1,613,€331.60,"€203,271"
02.08.2024,Friday,"Friday, 2nd August 2024","€17,318,623",14 20 26 30 31,01 02,4 + 0,"1,453",€111.90,"€162,591"
02.08.2024,Friday,"Friday, 2nd August 2024","€17,318,623",14 20 26 30 31,01 02,3 + 2,"1,328",€168.30,"€223,502"
02.08.2024,Friday,"Friday, 2nd August 2024","€17,318,623",14 20 26 30 31,01 02,2 + 2,"18,244",€28.40,"€518,130"
02.08.2024,Friday,"Friday, 2nd August 2024","€17,318,623",14 20 26 30 31,01 02,3 + 1,"27,588",€21.00,"€579,348"
02.08.2024,Friday,"Friday, 2nd August 2024","€17,318,623",14 20 26 30 31,01 02,3 + 0,"61,816",€17.70,"€1,094,143"
02.08.2024,Friday,"Friday, 2nd August 2024","€17,318,623",14 20 26 30 31,01 02,1 + 2,"95,128",€14.40,"€1,369,843"
02.08.2024,Friday,"Friday, 2nd August 2024","€17,318,623",14 20 26 30 31,01 02,2 + 1,"396,799",€10.40,"€4,126,710"
06.08.2024,Tuesday,"Tuesday, 6th August 2024","€22,581,451",04 09 22 32 35,09 10,5 + 2,0,"€22,581,451","€22,581,451"
06.08.2024,Tuesday,"Tuesday, 6th August 2024","€22,581,451",04 09 22 32 35,09 10,5 + 1,1,"€1,257,231.20","€1,257,231"
06.08.2024,Tuesday,"Tuesday, 6th August 2024","€22,581,451",04 09 22 32 35,09 10,5 + 0,2,"€354,509.90","€709,020"
06.08.2024,Tuesday,"Tuesday, 6th August 2024","€22,581,451",04 09 22 32 35,09 10,4 + 2,15,"€7,796.70","€116,951"
06.08.2024,Tuesday,"Tuesday, 6th August 2024","€22,581,451",04 09 22 32 35,09 10,4 + 1,456,€320.50,"€146,148"
06.08.2024,Tuesday,"Tuesday, 6th August 2024","€22,581,451",04 09 22 32 35,09 10,4 + 0,"1,037",€112.70,"€116,870"
06.08.2024,Tuesday,"Tuesday, 6th August 2024","€22,581,451",04 09 22 32 35,09 10,3 + 2,861,€186.70,"€160,749"
06.08.2024,Tuesday,"Tuesday, 6th August 2024","€22,581,451",04 09 22 32 35,09 10,2 + 2,"12,610",€29.50,"€371,995"
06.08.2024,Tuesday,"Tuesday, 6th August 2024","€22,581,451",04 09 22 32 35,09 10,3 + 1,"21,046",€19.70,"€414,606"
06.08.2024,Tuesday,"Tuesday, 6th August 2024","€22,581,451",04 09 22 32 35,09 10,3 + 0,"47,295",€16.60,"€785,097"
06.08.2024,Tuesday,"Tuesday, 6th August 2024","€22,581,451",04 09 22 32 35,09 10,1 + 2,"67,459",€14.60,"€984,901"
06.08.2024,Tuesday,"Tuesday, 6th August 2024","€22,581,451",04 09 22 32 35,09 10,2 + 1,"308,024",€9.60,"€2,957,030"
09.08.2024,Friday,"Friday, 9th August 2024","€31,669,941",15 18 25 29 35,01 05,5 + 2,0,"€31,669,941","€31,669,941"
09.08.2024,Friday,"Friday, 9th August 2024","€31,669,941",15 18 25 29 35,01 05,5 + 1,2,"€941,956.70","€1,883,913"
09.08.2024,Friday,"Friday, 9th August 2024","€31,669,941",15 18 25 29 35,01 05,5 + 0,13,"€81,726.10","€1,062,439"
09.08.2024,Friday,"Friday, 9th August 2024","€31,669,941",15 18 25 29 35,01 05,4 + 2,34,"€5,154.30","€175,246"
09.08.2024,Friday,"Friday, 9th August 2024","€31,669,941",15 18 25 29 35,01 05,4 + 1,731,€299.60,"€219,008"
09.08.2024,Friday,"Friday, 9th August 2024","€31,669,941",15 18 25 29 35,01 05,4 + 0,"1,503",€116.50,"€175,100"
09.08.2024,Friday,"Friday, 9th August 2024","€31,669,941",15 18 25 29 35,01 05,3 + 2,"1,577",€152.80,"€240,966"
09.08.2024,Friday,"Friday, 9th August 2024","€31,669,941",15 18 25 29 35,01 05,2 + 2,"21,621",€25.80,"€557,822"
09.08.2024,Friday,"Friday, 9th August 2024","€31,669,941",15 18 25 29 35,01 05,3 + 1,"33,513",€18.60,"€623,342"
09.08.2024,Friday,"Friday, 9th August 2024","€31,669,941",15 18 25 29 35,01 05,3 + 0,"68,985",€17.10,"€1,179,644"
09.08.2024,Friday,"Friday, 9th August 2024","€31,669,941",15 18 25 29 35,01 05,1 + 2,"112,631",€13.10,"€1,475,466"
09.08.2024,Friday,"Friday, 9th August 2024","€31,669,941",15 18 25 29 35,01 05,2 + 1,"453,264",€9.80,"€4,441,987"
13.08.2024,Tuesday,"Tuesday, 13th August 2024","€39,456,139",06 09 33 34 50,01 07,5 + 2,0,"€39,456,139","€39,456,139"
13.08.2024,Tuesday,"Tuesday, 13th August 2024","€39,456,139",06 09 33 34 50,01 07,5 + 1,1,"€1,385,868.00","€1,385,868"
13.08.2024,Tuesday,"Tuesday, 13th August 2024","€39,456,139",06 09 33 34 50,01 07,5 + 0,2,"€390,782.50","€781,565"
13.08.2024,Tuesday,"Tuesday, 13th August 2024","€39,456,139",06 09 33 34 50,01 07,4 + 2,30,"€4,297.20","€128,916"
13.08.2024,Tuesday,"Tuesday, 13th August 2024","€39,456,139",06 09 33 34 50,01 07,4 + 1,485,€332.20,"€161,117"
13.08.2024,Tuesday,"Tuesday, 13th August 2024","€39,456,139",06 09 33 34 50,01 07,4 + 0,"1,020",€126.30,"€128,826"
13.08.2024,Tuesday,"Tuesday, 13th August 2024","€39,456,139",06 09 33 34 50,01 07,3 + 2,"1,128",€157.10,"€177,209"
13.08.2024,Tuesday,"Tuesday, 13th August 2024","€39,456,139",06 09 33 34 50,01 07,2 + 2,"16,008",€25.60,"€409,805"
13.08.2024,Tuesday,"Tuesday, 13th August 2024","€39,456,139",06 09 33 34 50,01 07,3 + 1,"22,246",€20.60,"€458,268"
13.08.2024,Tuesday,"Tuesday, 13th August 2024","€39,456,139",06 09 33 34 50,01 07,3 + 0,"47,122",€18.40,"€867,045"
13.08.2024,Tuesday,"Tuesday, 13th August 2024","€39,456,139",06 09 33 34 50,01 07,1 + 2,"87,082",€12.40,"€1,079,817"
13.08.2024,Tuesday,"Tuesday, 13th August 2024","€39,456,139",06 09 33 34 50,01 07,2 + 1,"333,138",€9.80,"€3,264,752"
16.08.2024,Friday,"Friday, 16th August 2024","€49,311,057",04 11 16 46 50,01 03,5 + 2,0,"€49,311,057","€49,311,057"
16.08.2024,Friday,"Friday, 16th August 2024","€49,311,057",04 11 16 46 50,01 03,5 + 1,3,"€667,668.00","€2,003,004"
16.08.2024,Friday,"Friday, 16th August 2024","€49,311,057",04 11 16 46 50,01 03,5 + 0,7,"€161,371.60","€1,129,601"
16.08.2024,Friday,"Friday, 16th August 2024","€49,311,057",04 11 16 46 50,01 03,4 + 2,25,"€7,453.00","€186,325"
16.08.2024,Friday,"Friday, 16th August 2024","€49,311,057",04 11 16 46 50,01 03,4 + 1,599,€388.80,"€232,891"
16.08.2024,Friday,"Friday, 16th August 2024","€49,311,057",04 11 16 46 50,01 03,4 + 0,"1,290",€144.40,"€186,276"
16.08.2024,Friday,"Friday, 16th August 2024","€49,311,057",04 11 16 46 50,01 03,3 + 2,"1,433",€178.70,"€256,077"
16.08.2024,Friday,"Friday, 16th August 2024","€49,311,057",04 11 16 46 50,01 03,2 + 2,"22,013",€26.90,"€592,150"
16.08.2024,Friday,"Friday, 16th August 2024","€49,311,057",04 11 16 46 50,01 03,3 + 1,"31,168",€21.20,"€660,762"
16.08.2024,Friday,"Friday, 16th August 2024","€49,311,057",04 11 16 46 50,01 03,3 + 0,"65,478",€19.20,"€1,257,178"
16.08.2024,Friday,"Friday, 16th August 2024","€49,311,057",04 11 16 46 50,01 03,1 + 2,"119,982",€13.10,"€1,571,764"
16.08.2024,Friday,"Friday, 16th August 2024","€49,311,057",04 11 16 46 50,01 03,2 + 1,"472,851",€9.90,"€4,681,225"
20.08.2024,Tuesday,"Tuesday, 20th August 2024","€57,820,152",25 28 29 31 33,06 12,5 + 2,0,"€57,820,152","€57,820,152"
20.08.2024,Tuesday,"Tuesday, 20th August 2024","€57,820,152",25 28 29 31 33,06 12,5 + 1,2,"€759,698.80","€1,519,398"
20.08.2024,Tuesday,"Tuesday, 20th August 2024","€57,820,152",25 28 29 31 33,06 12,5 + 0,5,"€171,373.90","€856,870"
20.08.2024,Tuesday,"Tuesday, 20th August 2024","€57,820,152",25 28 29 31 33,06 12,4 + 2,19,"€7,438.90","€141,339"
20.08.2024,Tuesday,"Tuesday, 20th August 2024","€57,820,152",25 28 29 31 33,06 12,4 + 1,464,€380.70,"€176,645"
20.08.2024,Tuesday,"Tuesday, 20th August 2024","€57,820,152",25 28 29 31 33,06 12,4 + 0,"1,137",€124.30,"€141,329"
20.08.2024,Tuesday,"Tuesday, 20th August 2024","€57,820,152",25 28 29 31 33,06 12,3 + 2,968,€200.70,"€194,278"
20.08.2024,Tuesday,"Tuesday, 20th August 2024","€57,820,152",25 28 29 31 33,06 12,2 + 2,"14,703",€30.60,"€449,912"
20.08.2024,Tuesday,"Tuesday, 20th August 2024","€57,820,152",25 28 29 31 33,06 12,3 + 1,"21,147",€23.80,"€503,299"
20.08.2024,Tuesday,"Tuesday, 20th August 2024","€57,820,152",25 28 29 31 33,06 12,3 + 0,"52,211",€18.20,"€950,240"
20.08.2024,Tuesday,"Tuesday, 20th August 2024","€57,820,152",25 28 29 31 33,06 12,1 + 2,"80,222",€14.80,"€1,187,286"
20.08.2024,Tuesday,"Tuesday, 20th August 2024","€57,820,152",25 28 29 31 33,06 12,2 + 1,"318,804",€11.20,"€3,570,605"
23.08.2024,Friday,"Friday, 23rd August 2024","€68,811,629",13 21 22 26 48,02 07,5 + 2,0,"€68,811,629","€68,811,629"
23.08.2024,Friday,"Friday, 23rd August 2024","€68,811,629",13 21 22 26 48,02 07,5 + 1,5,"€447,941.90","€2,239,710"
23.08.2024,Friday,"Friday, 23rd August 2024","€68,811,629",13 21 22 26 48,02 07,5 + 0,5,"€252,618.40","€1,263,092"
23.08.2024,Friday,"Friday, 23rd August 2024","€68,811,629",13 21 22 26 48,02 07,4 + 2,35,"€5,952.70","€208,345"
23.08.2024,Friday,"Friday, 23rd August 2024","€68,811,629",13 21 22 26 48,02 07,4 + 1,754,€345.30,"€260,356"
23.08.2024,Friday,"Friday, 23rd August 2024","€68,811,629",13 21 22 26 48,02 07,4 + 0,"1,583",€128.50,"€203,416"
23.08.2024,Friday,"Friday, 23rd August 2024","€68,811,629",13 21 22 26 48,02 07,3 + 2,"2,265",€128.50,"€291,053"
23.08.2024,Friday,"Friday, 23rd August 2024","€68,811,629",13 21 22 26 48,02 07,2 + 2,"34,929",€19.00,"€663,651"
23.08.2024,Friday,"Friday, 23rd August 2024","€68,811,629",13 21 22 26 48,02 07,3 + 1,"39,416",€18.80,"€741,021"
23.08.2024,Friday,"Friday, 23rd August 2024","€68,811,629",13 21 22 26 48,02 07,3 + 0,"80,789",€17.40,"€1,405,729"
23.08.2024,Friday,"Friday, 23rd August 2024","€68,811,629",13 21 22 26 48,02 07,1 + 2,"179,412",€9.70,"€1,740,296"
23.08.2024,Friday,"Friday, 23rd August 2024","€68,811,629",13 21 22 26 48,02 07,2 + 1,"582,357",€9.00,"€5,241,213"
27.08.2024,Tuesday,"Tuesday, 27th August 2024","€78,665,922",15 24 29 33 39,02 09,5 + 2,0,"€78,665,922","€78,665,922"
27.08.2024,Tuesday,"Tuesday, 27th August 2024","€78,665,922",15 24 29 33 39,02 09,5 + 1,2,"€889,212.10","€1,778,424"
27.08.2024,Tuesday,"Tuesday, 27th August 2024","€78,665,922",15 24 29 33 39,02 09,5 + 0,9,"€111,438.70","€1,002,948"
27.08.2024,Tuesday,"Tuesday, 27th August 2024","€78,665,922",15 24 29 33 39,02 09,4 + 2,33,"€5,013.10","€165,432"
27.08.2024,Tuesday,"Tuesday, 27th August 2024","€78,665,922",15 24 29 33 39,02 09,4 + 1,624,€331.30,"€206,731"
27.08.2024,Tuesday,"Tuesday, 27th August 2024","€78,665,922",15 24 29 33 39,02 09,4 + 0,"1,413",€117.00,"€165,321"
27.08.2024,Tuesday,"Tuesday, 27th August 2024","€78,665,922",15 24 29 33 39,02 09,3 + 2,"1,602",€141.90,"€227,324"
27.08.2024,Tuesday,"Tuesday, 27th August 2024","€78,665,922",15 24 29 33 39,02 09,2 + 2,"23,890",€22.00,"€525,580"
27.08.2024,Tuesday,"Tuesday, 27th August 2024","€78,665,922",15 24 29 33 39,02 09,3 + 1,"30,004",€19.60,"€588,078"
27.08.2024,Tuesday,"Tuesday, 27th August 2024","€78,665,922",15 24 29 33 39,02 09,3 + 0,"64,544",€17.30,"€1,116,611"
27.08.2024,Tuesday,"Tuesday, 27th August 2024","€78,665,922",15 24 29 33 39,02 09,1 + 2,"126,134",€11.00,"€1,387,474"
27.08.2024,Tuesday,"Tuesday, 27th August 2024","€78,665,922",15 24 29 33 39,02 09,2 + 1,"429,414",€9.70,"€4,165,316"
30.08.2024,Friday,"Friday, 30th August 2024",,08 11 25 31 48,11 12,5 + 2,1,€,€0
30.08.2024,Friday,"Friday, 30th August 2024",,08 11 25 31 48,11 12,5 + 1,6,"€475,375.30","€2,852,252"
30.08.2024,Friday,"Friday, 30th August 2024",,08 11 25 31 48,11 12,5 + 0,22,"€73,115.30","€1,608,537"
30.08.2024,Friday,"Friday, 30th August 2024",,08 11 25 31 48,11 12,4 + 2,34,"€7,803.60","€265,322"
30.08.2024,Friday,"Friday, 30th August 2024",,08 11 25 31 48,11 12,4 + 1,"1,007",€329.30,"€331,605"
30.08.2024,Friday,"Friday, 30th August 2024",,08 11 25 31 48,11 12,4 + 0,"2,904",€91.30,"€265,135"
30.08.2024,Friday,"Friday, 30th August 2024",,08 11 25 31 48,11 12,3 + 2,"1,712",€213.00,"€364,656"
30.08.2024,Friday,"Friday, 30th August 2024",,08 11 25 31 48,11 12,2 + 2,"25,599",€33.00,"€844,767"
30.08.2024,Friday,"Friday, 30th August 2024",,08 11 25 31 48,11 12,3 + 1,"39,608",€23.80,"€942,670"
30.08.2024,Friday,"Friday, 30th August 2024",,08 11 25 31 48,11 12,3 + 0,"120,076",€15.90,"€1,909,208"
30.08.2024,Friday,"Friday, 30th August 2024",,08 11 25 31 48,11 12,1 + 2,"132,747",€15.90,"€2,110,677"
30.08.2024,Friday,"Friday, 30th August 2024",,08 11 25 31 48,11 12,2 + 1,"548,783",€12.20,"€6,695,153"
03.09.2024,Tuesday,"Tuesday, 3rd September 2024",,05 17 23 36 37,05 09,5 + 2,1,€,€0
03.09.2024,Tuesday,"Tuesday, 3rd September 2024",,05 17 23 36 37,05 09,5 + 1,3,"€408,597.50","€1,225,793"
03.09.2024,Tuesday,"Tuesday, 3rd September 2024",,05 17 23 36 37,05 09,5 + 0,10,"€69,129.00","€691,290"
03.09.2024,Tuesday,"Tuesday, 3rd September 2024",,05 17 23 36 37,05 09,4 + 2,53,"€2,151.40","€114,024"
03.09.2024,Tuesday,"Tuesday, 3rd September 2024",,05 17 23 36 37,05 09,4 + 1,751,€189.70,"€142,465"
03.09.2024,Tuesday,"Tuesday, 3rd September 2024",,05 17 23 36 37,05 09,4 + 0,"1,656",€68.80,"€113,933"
03.09.2024,Tuesday,"Tuesday, 3rd September 2024",,05 17 23 36 37,05 09,3 + 2,"1,660",€94.40,"€156,704"
03.09.2024,Tuesday,"Tuesday, 3rd September 2024",,05 17 23 36 37,05 09,2 + 2,"19,519",€18.60,"€363,053"
03.09.2024,Tuesday,"Tuesday, 3rd September 2024",,05 17 23 36 37,05 09,3 + 1,"26,432",€15.30,"€404,410"
03.09.2024,Tuesday,"Tuesday, 3rd September 2024",,05 17 23 36 37,05 09,3 + 0,"54,458",€14.10,"€767,858"
03.09.2024,Tuesday,"Tuesday, 3rd September 2024",,05 17 23 36 37,05 09,1 + 2,"92,591",€10.30,"€953,687"
03.09.2024,Tuesday,"Tuesday, 3rd September 2024",,05 17 23 36 37,05 09,2 + 1,"333,255",€8.60,"€2,865,993"
06.09.2024,Friday,"Friday, 6th September 2024","€10,000,000",07 11 27 42 45,03 10,5 + 2,0,"€10,000,000","€10,000,000"
06.09.2024,Friday,"Friday, 6th September 2024","€10,000,000",07 11 27 42 45,03 10,5 + 1,3,"€560,150.50","€1,680,452"
06.09.2024,Friday,"Friday, 6th September 2024","€10,000,000",07 11 27 42 45,03 10,5 + 0,4,"€236,924.10","€947,696"
06.09.2024,Friday,"Friday, 6th September 2024","€10,000,000",07 11 27 42 45,03 10,4 + 2,33,"€4,737.00","€156,321"
06.09.2024,Friday,"Friday, 6th September 2024","€10,000,000",07 11 27 42 45,03 10,4 + 1,720,€271.30,"€195,336"
06.09.2024,Friday,"Friday, 6th September 2024","€10,000,000",07 11 27 42 45,03 10,4 + 0,"1,577",€99.10,"€156,281"
06.09.2024,Friday,"Friday, 6th September 2024","€10,000,000",07 11 27 42 45,03 10,3 + 2,"1,750",€122.80,"€214,900"
06.09.2024,Friday,"Friday, 6th September 2024","€10,000,000",07 11 27 42 45,03 10,2 + 2,"24,317",€20.40,"€496,067"
06.09.2024,Friday,"Friday, 6th September 2024","€10,000,000",07 11 27 42 45,03 10,3 + 1,"32,014",€17.30,"€553,842"
06.09.2024,Friday,"Friday, 6th September 2024","€10,000,000",07 11 27 42 45,03 10,3 + 0,"68,254",€15.40,"€1,051,112"
06.09.2024,Friday,"Friday, 6th September 2024","€10,000,000",07 11 27 42 45,03 10,1 + 2,"117,413",€11.20,"€1,315,026"
06.09.2024,Friday,"Friday, 6th September 2024","€10,000,000",07 11 27 42 45,03 10,2 + 1,"447,320",€8.80,"€3,936,416"
10.09.2024,Tuesday,"Tuesday, 10th September 2024","€15,133,921",07 10 31 41 46,01 05,5 + 2,0,"€15,133,921","€15,133,921"
10.09.2024,Tuesday,"Tuesday, 10th September 2024","€15,133,921",07 10 31 41 46,01 05,5 + 1,1,"€1,226,436.60","€1,226,437"
10.09.2024,Tuesday,"Tuesday, 10th September 2024","€15,133,921",07 10 31 41 46,01 05,5 + 0,2,"€345,826.60","€691,653"
10.09.2024,Tuesday,"Tuesday, 10th September 2024","€15,133,921",07 10 31 41 46,01 05,4 + 2,14,"€8,149.00","€114,086"
10.09.2024,Tuesday,"Tuesday, 10th September 2024","€15,133,921",07 10 31 41 46,01 05,4 + 1,383,€372.30,"€142,591"
10.09.2024,Tuesday,"Tuesday, 10th September 2024","€15,133,921",07 10 31 41 46,01 05,4 + 0,799,€142.70,"€114,017"
10.09.2024,Tuesday,"Tuesday, 10th September 2024","€15,133,921",07 10 31 41 46,01 05,3 + 2,842,€186.30,"€156,865"
10.09.2024,Tuesday,"Tuesday, 10th September 2024","€15,133,921",07 10 31 41 46,01 05,2 + 2,"12,798",€28.40,"€363,463"
10.09.2024,Tuesday,"Tuesday, 10th September 2024","€15,133,921",07 10 31 41 46,01 05,3 + 1,"17,516",€23.20,"€406,371"
10.09.2024,Tuesday,"Tuesday, 10th September 2024","€15,133,921",07 10 31 41 46,01 05,3 + 0,"38,851",€19.80,"€769,250"
10.09.2024,Tuesday,"Tuesday, 10th September 2024","€15,133,921",07 10 31 41 46,01 05,1 + 2,"70,735",€13.60,"€961,996"
10.09.2024,Tuesday,"Tuesday, 10th September 2024","€15,133,921",07 10 31 41 46,01 05,2 + 1,"273,481",€10.50,"€2,871,551"
13.09.2024,Friday,"Friday, 13th September 2024","€23,332,302",02 03 17 40 44,04 08,5 + 2,0,"€23,332,302","€23,332,302"
13.09.2024,Friday,"Friday, 13th September 2024","€23,332,302",02 03 17 40 44,04 08,5 + 1,0,€0.00,€0
13.09.2024,Friday,"Friday, 13th September 2024","€23,332,302",02 03 17 40 44,04 08,5 + 0,6,"€184,084.00","€1,104,504"
13.09.2024,Friday,"Friday, 13th September 2024","€23,332,302",02 03 17 40 44,04 08,4 + 2,50,"€3,643.70","€182,185"
13.09.2024,Friday,"Friday, 13th September 2024","€23,332,302",02 03 17 40 44,04 08,4 + 1,658,€346.00,"€227,668"
13.09.2024,Friday,"Friday, 13th September 2024","€23,332,302",02 03 17 40 44,04 08,4 + 0,"1,332",€111.20,"€148,118"
13.09.2024,Friday,"Friday, 13th September 2024","€23,332,302",02 03 17 40 44,04 08,3 + 2,"2,557",€111.20,"€284,338"
13.09.2024,Friday,"Friday, 13th September 2024","€23,332,302",02 03 17 40 44,04 08,2 + 2,"36,929",€18.50,"€683,187"
13.09.2024,Friday,"Friday, 13th September 2024","€23,332,302",02 03 17 40 44,04 08,3 + 1,"31,078",€18.50,"€574,943"
13.09.2024,Friday,"Friday, 13th September 2024","€23,332,302",02 03 17 40 44,04 08,3 + 0,"64,664",€18.50,"€1,196,284"
13.09.2024,Friday,"Friday, 13th September 2024","€23,332,302",02 03 17 40 44,04 08,1 + 2,"184,035",€9.30,"€1,711,526"
13.09.2024,Friday,"Friday, 13th September 2024","€23,332,302",02 03 17 40 44,04 08,2 + 1,"474,282",€9.30,"€4,410,823"
17.09.2024,Tuesday,"Tuesday, 17th September 2024","€30,684,740",01 03 13 24 44,11 12,5 + 2,0,"€30,684,740","€30,684,740"
17.09.2024,Tuesday,"Tuesday, 17th September 2024","€30,684,740",01 03 13 24 44,11 12,5 + 1,0,€0.00,€0
17.09.2024,Tuesday,"Tuesday, 17th September 2024","€30,684,740",01 03 13 24 44,11 12,5 + 0,6,"€126,278.80","€757,673"
17.09.2024,Tuesday,"Tuesday, 17th September 2024","€30,684,740",01 03 13 24 44,11 12,4 + 2,24,"€5,207.30","€124,975"
17.09.2024,Tuesday,"Tuesday, 17th September 2024","€30,684,740",01 03 13 24 44,11 12,4 + 1,439,€355.80,"€156,196"
17.09.2024,Tuesday,"Tuesday, 17th September 2024","€30,684,740",01 03 13 24 44,11 12,4 + 0,"1,537",€81.30,"€124,958"
17.09.2024,Tuesday,"Tuesday, 17th September 2024","€30,684,740",01 03 13 24 44,11 12,3 + 2,899,€191.10,"€171,799"
17.09.2024,Tuesday,"Tuesday, 17th September 2024","€30,684,740",01 03 13 24 44,11 12,2 + 2,"12,520",€31.80,"€398,136"
17.09.2024,Tuesday,"Tuesday, 17th September 2024","€30,684,740",01 03 13 24 44,11 12,3 + 1,"19,147",€23.20,"€444,210"
17.09.2024,Tuesday,"Tuesday, 17th September 2024","€30,684,740",01 03 13 24 44,11 12,3 + 0,"62,174",€14.90,"€926,393"
17.09.2024,Tuesday,"Tuesday, 17th September 2024","€30,684,740",01 03 13 24 44,11 12,1 + 2,"64,497",€14.90,"€961,005"
17.09.2024,Tuesday,"Tuesday, 17th September 2024","€30,684,740",01 03 13 24 44,11 12,2 + 1,"269,554",€11.70,"€3,153,782"
20.09.2024,Friday,"Friday, 20th September 2024","€40,400,014",09 17 19 26 39,04 10,5 + 2,0,"€40,400,014","€40,400,014"
20.09.2024,Friday,"Friday, 20th September 2024","€40,400,014",09 17 19 26 39,04 10,5 + 1,4,"€1,319,985.90","€5,279,944"
20.09.2024,Friday,"Friday, 20th September 2024","€40,400,014",09 17 19 26 39,04 10,5 + 0,9,"€123,940.60","€1,115,465"
20.09.2024,Friday,"Friday, 20th September 2024","€40,400,014",09 17 19 26 39,04 10,4 + 2,51,"€3,607.70","€183,993"
20.09.2024,Friday,"Friday, 20th September 2024","€40,400,014",09 17 19 26 39,04 10,4 + 1,885,€259.80,"€229,923"
20.09.2024,Friday,"Friday, 20th September 2024","€40,400,014",09 17 19 26 39,04 10,4 + 0,"2,122",€86.70,"€183,977"
20.09.2024,Friday,"Friday, 20th September 2024","€40,400,014",09 17 19 26 39,04 10,3 + 2,"1,955",€129.40,"€252,977"
20.09.2024,Friday,"Friday, 20th September 2024","€40,400,014",09 17 19 26 39,04 10,2 + 2,"25,200",€23.20,"€584,640"
20.09.2024,Friday,"Friday, 20th September 2024","€40,400,014",09 17 19 26 39,04 10,3 + 1,"38,704",€16.90,"€654,098"
20.09.2024,Friday,"Friday, 20th September 2024","€40,400,014",09 17 19 26 39,04 10,3 + 0,"89,645",€13.80,"€1,237,101"
20.09.2024,Friday,"Friday, 20th September 2024","€40,400,014",09 17 19 26 39,04 10,1 + 2,"124,893",€12.40,"€1,548,673"
20.09.2024,Friday,"Friday, 20th September 2024","€40,400,014",09 17 19 26 39,04 10,2 + 1,"508,185",€9.10,"€4,624,484"
24.09.2024,Tuesday,"Tuesday, 24th September 2024","€48,585,398",03 13 34 41 43,01 05,5 + 2,0,"€48,585,398","€48,585,398"
24.09.2024,Tuesday,"Tuesday, 24th September 2024","€48,585,398",03 13 34 41 43,01 05,5 + 1,2,"€723,726.70","€1,447,453"
24.09.2024,Tuesday,"Tuesday, 24th September 2024","€48,585,398",03 13 34 41 43,01 05,5 + 0,12,"€68,024.70","€816,296"
24.09.2024,Tuesday,"Tuesday, 24th September 2024","€48,585,398",03 13 34 41 43,01 05,4 + 2,16,"€8,415.40","€134,646"
24.09.2024,Tuesday,"Tuesday, 24th September 2024","€48,585,398",03 13 34 41 43,01 05,4 + 1,460,€365.80,"€168,268"
24.09.2024,Tuesday,"Tuesday, 24th September 2024","€48,585,398",03 13 34 41 43,01 05,4 + 0,"1,275",€105.60,"€134,640"
24.09.2024,Tuesday,"Tuesday, 24th September 2024","€48,585,398",03 13 34 41 43,01 05,3 + 2,"1,114",€166.10,"€185,035"
24.09.2024,Tuesday,"Tuesday, 24th September 2024","€48,585,398",03 13 34 41 43,01 05,2 + 2,"15,390",€27.80,"€427,842"
24.09.2024,Tuesday,"Tuesday, 24th September 2024","€48,585,398",03 13 34 41 43,01 05,3 + 1,"23,359",€20.50,"€478,860"
24.09.2024,Tuesday,"Tuesday, 24th September 2024","€48,585,398",03 13 34 41 43,01 05,3 + 0,"54,502",€16.60,"€904,733"
24.09.2024,Tuesday,"Tuesday, 24th September 2024","€48,585,398",03 13 34 41 43,01 05,1 + 2,"83,557",€13.50,"€1,128,020"
24.09.2024,Tuesday,"Tuesday, 24th September 2024","€48,585,398",03 13 34 41 43,01 05,2 + 1,"330,172",€10.30,"€3,400,772"
27.09.2024,Friday,"Friday, 27th September 2024","€59,265,351",06 15 25 29 41,01 03,5 + 2,0,"€59,265,351","€59,265,351"
27.09.2024,Friday,"Friday, 27th September 2024","€59,265,351",06 15 25 29 41,01 03,5 + 1,3,"€727,398.50","€2,182,196"
27.09.2024,Friday,"Friday, 27th September 2024","€59,265,351",06 15 25 29 41,01 03,5 + 0,4,"€307,664.20","€1,230,657"
27.09.2024,Friday,"Friday, 27th September 2024","€59,265,351",06 15 25 29 41,01 03,4 + 2,37,"€5,486.30","€202,993"
27.09.2024,Friday,"Friday, 27th September 2024","€59,265,351",06 15 25 29 41,01 03,4 + 1,723,€350.90,"€253,701"
27.09.2024,Friday,"Friday, 27th September 2024","€59,265,351",06 15 25 29 41,01 03,4 + 0,"1,577",€128.70,"€202,960"
27.09.2024,Friday,"Friday, 27th September 2024","€59,265,351",06 15 25 29 41,01 03,3 + 2,"1,686",€165.50,"€279,033"
27.09.2024,Friday,"Friday, 27th September 2024","€59,265,351",06 15 25 29 41,01 03,2 + 2,"24,651",€26.20,"€645,856"
27.09.2024,Friday,"Friday, 27th September 2024","€59,265,351",06 15 25 29 41,01 03,3 + 1,"34,563",€20.90,"€722,367"
27.09.2024,Friday,"Friday, 27th September 2024","€59,265,351",06 15 25 29 41,01 03,3 + 0,"74,830",€18.30,"€1,369,389"
27.09.2024,Friday,"Friday, 27th September 2024","€59,265,351",06 15 25 29 41,01 03,1 + 2,"130,871",€13.00,"€1,701,323"
27.09.2024,Friday,"Friday, 27th September 2024","€59,265,351",06 15 25 29 41,01 03,2 + 1,"514,182",€10.00,"€5,141,820"
01.10.2024,Tuesday,"Tuesday, 1st October 2024","€68,719,892",17 37 42 45 50,06 07,5 + 2,0,"€68,719,892","€68,719,892"
01.10.2024,Tuesday,"Tuesday, 1st October 2024","€68,719,892",17 37 42 45 50,06 07,5 + 1,2,"€853,698.00","€1,707,396"
01.10.2024,Tuesday,"Tuesday, 1st October 2024","€68,719,892",17 37 42 45 50,06 07,5 + 0,7,"€137,556.00","€962,892"
01.10.2024,Tuesday,"Tuesday, 1st October 2024","€68,719,892",17 37 42 45 50,06 07,4 + 2,31,"€5,123.40","€158,825"
01.10.2024,Tuesday,"Tuesday, 1st October 2024","€68,719,892",17 37 42 45 50,06 07,4 + 1,501,€396.20,"€198,496"
01.10.2024,Tuesday,"Tuesday, 1st October 2024","€68,719,892",17 37 42 45 50,06 07,4 + 0,"1,130",€140.50,"€158,765"
01.10.2024,Tuesday,"Tuesday, 1st October 2024","€68,719,892",17 37 42 45 50,06 07,3 + 2,"1,367",€159.70,"€218,310"
01.10.2024,Tuesday,"Tuesday, 1st October 2024","€68,719,892",17 37 42 45 50,06 07,2 + 2,"20,227",€25.00,"€505,675"
01.10.2024,Tuesday,"Tuesday, 1st October 2024","€68,719,892",17 37 42 45 50,06 07,3 + 1,"25,745",€21.90,"€563,816"
01.10.2024,Tuesday,"Tuesday, 1st October 2024","€68,719,892",17 37 42 45 50,06 07,3 + 0,"53,488",€20.00,"€1,069,760"
01.10.2024,Tuesday,"Tuesday, 1st October 2024","€68,719,892",17 37 42 45 50,06 07,1 + 2,"113,872",€11.70,"€1,332,302"
01.10.2024,Tuesday,"Tuesday, 1st October 2024","€68,719,892",17 37 42 45 50,06 07,2 + 1,"390,846",€10.30,"€4,025,714"
04.10.2024,Friday,"Friday, 4th October 2024",,04 16 27 34 44,04 07,5 + 2,1,€,€0
04.10.2024,Friday,"Friday, 4th October 2024",,04 16 27 34 44,04 07,5 + 1,1,"€2,498,475.20","€2,498,475"
04.10.2024,Friday,"Friday, 4th October 2024",,04 16 27 34 44,04 07,5 + 0,8,"€176,127.90","€1,409,023"
04.10.2024,Friday,"Friday, 4th October 2024",,04 16 27 34 44,04 07,4 + 2,97,"€2,396.00","€232,412"
04.10.2024,Friday,"Friday, 4th October 2024",,04 16 27 34 44,04 07,4 + 1,"1,083",€268.20,"€290,461"
04.10.2024,Friday,"Friday, 4th October 2024",,04 16 27 34 44,04 07,4 + 0,"2,217",€92.50,"€205,073"
04.10.2024,Friday,"Friday, 4th October 2024",,04 16 27 34 44,04 07,3 + 2,"3,747",€92.50,"€346,598"
04.10.2024,Friday,"Friday, 4th October 2024",,04 16 27 34 44,04 07,2 + 2,"46,520",€16.30,"€758,276"
04.10.2024,Friday,"Friday, 4th October 2024",,04 16 27 34 44,04 07,3 + 1,"49,610",€16.30,"€808,643"
04.10.2024,Friday,"Friday, 4th October 2024",,04 16 27 34 44,04 07,3 + 0,"95,598",€16.30,"€1,558,247"
04.10.2024,Friday,"Friday, 4th October 2024",,04 16 27 34 44,04 07,1 + 2,"219,741",€8.90,"€1,955,695"
04.10.2024,Friday,"Friday, 4th October 2024",,04 16 27 34 44,04 07,2 + 1,"658,868",€8.90,"€5,863,925"
08.10.2024,Tuesday,"Tuesday, 8th October 2024","€10,000,000",13 29 42 44 48,02 08,5 + 2,0,"€10,000,000","€10,000,000"
08.10.2024,Tuesday,"Tuesday, 8th October 2024","€10,000,000",13 29 42 44 48,02 08,5 + 1,3,"€454,773.10","€1,364,319"
08.10.2024,Tuesday,"Tuesday, 8th October 2024","€10,000,000",13 29 42 44 48,02 08,5 + 0,1,"€454,773.10","€454,773"
08.10.2024,Tuesday,"Tuesday, 8th October 2024","€10,000,000",13 29 42 44 48,02 08,4 + 2,24,"€4,508.20","€108,197"
08.10.2024,Tuesday,"Tuesday, 8th October 2024","€10,000,000",13 29 42 44 48,02 08,4 + 1,433,€312.30,"€135,226"
08.10.2024,Tuesday,"Tuesday, 8th October 2024","€10,000,000",13 29 42 44 48,02 08,4 + 0,941,€114.90,"€108,121"
08.10.2024,Tuesday,"Tuesday, 8th October 2024","€10,000,000",13 29 42 44 48,02 08,3 + 2,"1,001",€148.60,"€148,749"
08.10.2024,Tuesday,"Tuesday, 8th October 2024","€10,000,000",13 29 42 44 48,02 08,2 + 2,"15,525",€22.20,"€344,655"
08.10.2024,Tuesday,"Tuesday, 8th October 2024","€10,000,000",13 29 42 44 48,02 08,3 + 1,"18,214",€21.10,"€384,315"
08.10.2024,Tuesday,"Tuesday, 8th October 2024","€10,000,000",13 29 42 44 48,02 08,3 + 0,"39,694",€18.30,"€726,400"
08.10.2024,Tuesday,"Tuesday, 8th October 2024","€10,000,000",13 29 42 44 48,02 08,1 + 2,"86,352",€10.50,"€906,696"
08.10.2024,Tuesday,"Tuesday, 8th October 2024","€10,000,000",13 29 42 44 48,02 08,2 + 1,"266,893",€10.20,"€2,722,309"
11.10.2024,Friday,"Friday, 11th October 2024","€17,311,184",08 11 23 44 45,10 12,5 + 2,0,"€17,311,184","€17,311,184"
11.10.2024,Friday,"Friday, 11th October 2024","€17,311,184",08 11 23 44 45,10 12,5 + 1,2,"€873,280.30","€1,746,561"
11.10.2024,Friday,"Friday, 11th October 2024","€17,311,184",08 11 23 44 45,10 12,5 + 0,6,"€164,163.10","€984,979"
11.10.2024,Friday,"Friday, 11th October 2024","€17,311,184",08 11 23 44 45,10 12,4 + 2,27,"€6,017.40","€162,470"
11.10.2024,Friday,"Friday, 11th October 2024","€17,311,184",08 11 23 44 45,10 12,4 + 1,591,€343.60,"€203,068"
11.10.2024,Friday,"Friday, 11th October 2024","€17,311,184",08 11 23 44 45,10 12,4 + 0,"1,855",€87.50,"€162,313"
11.10.2024,Friday,"Friday, 11th October 2024","€17,311,184",08 11 23 44 45,10 12,3 + 2,"1,226",€182.20,"€223,377"
11.10.2024,Friday,"Friday, 11th October 2024","€17,311,184",08 11 23 44 45,10 12,2 + 2,"15,844",€32.60,"€516,514"
11.10.2024,Friday,"Friday, 11th October 2024","€17,311,184",08 11 23 44 45,10 12,3 + 1,"25,694",€22.50,"€578,115"
11.10.2024,Friday,"Friday, 11th October 2024","€17,311,184",08 11 23 44 45,10 12,3 + 0,"77,739",€15.80,"€1,228,276"
11.10.2024,Friday,"Friday, 11th October 2024","€17,311,184",08 11 23 44 45,10 12,1 + 2,"78,188",€15.80,"€1,235,370"
11.10.2024,Friday,"Friday, 11th October 2024","€17,311,184",08 11 23 44 45,10 12,2 + 1,"363,807",€11.30,"€4,111,019"
15.10.2024,Tuesday,"Tuesday, 15th October 2024","€23,266,629",09 20 38 44 45,04 12,5 + 2,0,"€23,266,629","€23,266,629"
15.10.2024,Tuesday,"Tuesday, 15th October 2024","€23,266,629",09 20 38 44 45,04 12,5 + 1,0,€0.00,€0
15.10.2024,Tuesday,"Tuesday, 15th October 2024","€23,266,629",09 20 38 44 45,04 12,5 + 0,2,"€358,514.40","€717,029"
15.10.2024,Tuesday,"Tuesday, 15th October 2024","€23,266,629",09 20 38 44 45,04 12,4 + 2,18,"€6,570.70","€118,273"
15.10.2024,Tuesday,"Tuesday, 15th October 2024","€23,266,629",09 20 38 44 45,04 12,4 + 1,400,€369.60,"€147,840"
15.10.2024,Tuesday,"Tuesday, 15th October 2024","€23,266,629",09 20 38 44 45,04 12,4 + 0,808,€146.30,"€118,210"
15.10.2024,Tuesday,"Tuesday, 15th October 2024","€23,266,629",09 20 38 44 45,04 12,3 + 2,761,€213.60,"€162,550"
15.10.2024,Tuesday,"Tuesday, 15th October 2024","€23,266,629",09 20 38 44 45,04 12,2 + 2,"11,175",€33.70,"€376,598"
15.10.2024,Tuesday,"Tuesday, 15th October 2024","€23,266,629",09 20 38 44 45,04 12,3 + 1,"17,809",€23.60,"€420,292"
15.10.2024,Tuesday,"Tuesday, 15th October 2024","€23,266,629",09 20 38 44 45,04 12,3 + 0,"42,205",€18.90,"€797,675"
15.10.2024,Tuesday,"Tuesday, 15th October 2024","€23,266,629",09 20 38 44 45,04 12,1 + 2,"59,566",€16.70,"€994,752"
15.10.2024,Tuesday,"Tuesday, 15th October 2024","€23,266,629",09 20 38 44 45,04 12,2 + 1,"267,562",€11.20,"€2,996,694"
18.10.2024,Friday,"Friday, 18th October 2024","€32,626,687",02 04 23 30 40,04 10,5 + 2,0,"€32,626,687","€32,626,687"
18.10.2024,Friday,"Friday, 18th October 2024","€32,626,687",02 04 23 30 40,04 10,5 + 1,3,"€1,062,406.90","€3,187,221"
18.10.2024,Friday,"Friday, 18th October 2024","€32,626,687",02 04 23 30 40,04 10,5 + 0,2,"€540,207.60","€1,080,415"
18.10.2024,Friday,"Friday, 18th October 2024","€32,626,687",02 04 23 30 40,04 10,4 + 2,30,"€5,940.40","€178,212"
18.10.2024,Friday,"Friday, 18th October 2024","€32,626,687",02 04 23 30 40,04 10,4 + 1,629,€354.10,"€222,729"
18.10.2024,Friday,"Friday, 18th October 2024","€32,626,687",02 04 23 30 40,04 10,4 + 0,"1,408",€126.50,"€178,112"
18.10.2024,Friday,"Friday, 18th October 2024","€32,626,687",02 04 23 30 40,04 10,3 + 2,"1,551",€157.90,"€244,903"
18.10.2024,Friday,"Friday, 18th October 2024","€32,626,687",02 04 23 30 40,04 10,2 + 2,"23,071",€24.60,"€567,547"
18.10.2024,Friday,"Friday, 18th October 2024","€32,626,687",02 04 23 30 40,04 10,3 + 1,"30,046",€21.10,"€633,971"
18.10.2024,Friday,"Friday, 18th October 2024","€32,626,687",02 04 23 30 40,04 10,3 + 0,"65,087",€18.40,"€1,197,601"
18.10.2024,Friday,"Friday, 18th October 2024","€32,626,687",02 04 23 30 40,04 10,1 + 2,"120,199",€12.50,"€1,502,488"
18.10.2024,Friday,"Friday, 18th October 2024","€32,626,687",02 04 23 30 40,04 10,2 + 1,"450,036",€10.00,"€4,500,360"
22.10.2024,Tuesday,"Tuesday, 22nd October 2024","€40,515,742",04 32 36 38 47,03 09,5 + 2,0,"€40,515,742","€40,515,742"
22.10.2024,Tuesday,"Tuesday, 22nd October 2024","€40,515,742",04 32 36 38 47,03 09,5 + 1,1,"€1,398,492.10","€1,398,492"
22.10.2024,Tuesday,"Tuesday, 22nd October 2024","€40,515,742",04 32 36 38 47,03 09,5 + 0,1,"€788,684.50","€788,685"
22.10.2024,Tuesday,"Tuesday, 22nd October 2024","€40,515,742",04 32 36 38 47,03 09,4 + 2,35,"€3,716.90","€130,092"
22.10.2024,Tuesday,"Tuesday, 22nd October 2024","€40,515,742",04 32 36 38 47,03 09,4 + 1,467,€348.20,"€162,609"
22.10.2024,Tuesday,"Tuesday, 22nd October 2024","€40,515,742",04 32 36 38 47,03 09,4 + 0,864,€138.70,"€119,837"
22.10.2024,Tuesday,"Tuesday, 22nd October 2024","€40,515,742",04 32 36 38 47,03 09,3 + 2,"1,363",€138.70,"€189,048"
22.10.2024,Tuesday,"Tuesday, 22nd October 2024","€40,515,742",04 32 36 38 47,03 09,2 + 2,"20,540",€20.90,"€429,286"
22.10.2024,Tuesday,"Tuesday, 22nd October 2024","€40,515,742",04 32 36 38 47,03 09,3 + 1,"21,458",€20.90,"€448,472"
22.10.2024,Tuesday,"Tuesday, 22nd October 2024","€40,515,742",04 32 36 38 47,03 09,3 + 0,"43,819",€20.00,"€876,380"
22.10.2024,Tuesday,"Tuesday, 22nd October 2024","€40,515,742",04 32 36 38 47,03 09,1 + 2,"114,384",€9.90,"€1,132,402"
22.10.2024,Tuesday,"Tuesday, 22nd October 2024","€40,515,742",04 32 36 38 47,03 09,2 + 1,"326,077",€9.90,"€3,228,162"
25.10.2024,Friday,"Friday, 25th October 2024","€50,748,982",02 19 36 42 50,04 09,5 + 2,0,"€50,748,982","€50,748,982"
25.10.2024,Friday,"Friday, 25th October 2024","€50,748,982",02 19 36 42 50,04 09,5 + 1,3,"€695,112.50","€2,085,338"
25.10.2024,Friday,"Friday, 25th October 2024","€50,748,982",02 19 36 42 50,04 09,5 + 0,4,"€294,008.30","€1,176,033"
25.10.2024,Friday,"Friday, 25th October 2024","€50,748,982",02 19 36 42 50,04 09,4 + 2,39,"€4,973.90","€193,982"
25.10.2024,Friday,"Friday, 25th October 2024","€50,748,982",02 19 36 42 50,04 09,4 + 1,671,€361.30,"€242,432"
25.10.2024,Friday,"Friday, 25th October 2024","€50,748,982",02 19 36 42 50,04 09,4 + 0,"1,507",€128.70,"€193,951"
25.10.2024,Friday,"Friday, 25th October 2024","€50,748,982",02 19 36 42 50,04 09,3 + 2,"1,918",€139.00,"€266,602"
25.10.2024,Friday,"Friday, 25th October 2024","€50,748,982",02 19 36 42 50,04 09,2 + 2,"28,183",€22.00,"€620,026"
25.10.2024,Friday,"Friday, 25th October 2024","€50,748,982",02 19 36 42 50,04 09,3 + 1,"31,209",€22.00,"€686,598"
25.10.2024,Friday,"Friday, 25th October 2024","€50,748,982",02 19 36 42 50,04 09,3 + 0,"67,787",€19.30,"€1,308,289"
25.10.2024,Friday,"Friday, 25th October 2024","€50,748,982",02 19 36 42 50,04 09,1 + 2,"156,931",€10.50,"€1,647,776"
25.10.2024,Friday,"Friday, 25th October 2024","€50,748,982",02 19 36 42 50,04 09,2 + 1,"465,053",€10.50,"€4,883,057"
29.10.2024,Tuesday,"Tuesday, 29th October 2024","€59,411,578",03 17 26 30 49,01 10,5 + 2,0,"€59,411,578","€59,411,578"
29.10.2024,Tuesday,"Tuesday, 29th October 2024","€59,411,578",03 17 26 30 49,01 10,5 + 1,3,"€513,442.90","€1,540,329"
29.10.2024,Tuesday,"Tuesday, 29th October 2024","€59,411,578",03 17 26 30 49,01 10,5 + 0,7,"€124,096.20","€868,673"
29.10.2024,Tuesday,"Tuesday, 29th October 2024","€59,411,578",03 17 26 30 49,01 10,4 + 2,39,"€3,674.00","€143,286"
29.10.2024,Tuesday,"Tuesday, 29th October 2024","€59,411,578",03 17 26 30 49,01 10,4 + 1,649,€275.90,"€179,059"
29.10.2024,Tuesday,"Tuesday, 29th October 2024","€59,411,578",03 17 26 30 49,01 10,4 + 0,"1,402",€102.20,"€143,284"
29.10.2024,Tuesday,"Tuesday, 29th October 2024","€59,411,578",03 17 26 30 49,01 10,3 + 2,"1,393",€141.40,"€196,970"
29.10.2024,Tuesday,"Tuesday, 29th October 2024","€59,411,578",03 17 26 30 49,01 10,2 + 2,"17,453",€26.10,"€455,523"
29.10.2024,Tuesday,"Tuesday, 29th October 2024","€59,411,578",03 17 26 30 49,01 10,3 + 1,"25,069",€20.30,"€508,901"
29.10.2024,Tuesday,"Tuesday, 29th October 2024","€59,411,578",03 17 26 30 49,01 10,3 + 0,"61,730",€15.60,"€962,988"
29.10.2024,Tuesday,"Tuesday, 29th October 2024","€59,411,578",03 17 26 30 49,01 10,1 + 2,"87,969",€13.70,"€1,205,175"
29.10.2024,Tuesday,"Tuesday, 29th October 2024","€59,411,578",03 17 26 30 49,01 10,2 + 1,"349,774",€10.30,"€3,602,672"
01.11.2024,Friday,"Friday, 1st November 2024","€70,565,090",13 21 27 28 41,01 03,5 + 2,0,"€70,565,090","€70,565,090"
01.11.2024,Friday,"Friday, 1st November 2024","€70,565,090",13 21 27 28 41,01 03,5 + 1,2,"€1,134,418.80","€2,268,838"
01.11.2024,Friday,"Friday, 1st November 2024","€70,565,090",13 21 27 28 41,01 03,5 + 0,10,"€127,951.80","€1,279,518"
01.11.2024,Friday,"Friday, 1st November 2024","€70,565,090",13 21 27 28 41,01 03,4 + 2,60,"€3,517.50","€211,050"
01.11.2024,Friday,"Friday, 1st November 2024","€70,565,090",13 21 27 28 41,01 03,4 + 1,860,€306.70,"€263,762"
01.11.2024,Friday,"Friday, 1st November 2024","€70,565,090",13 21 27 28 41,01 03,4 + 0,"1,788",€118.00,"€210,984"
01.11.2024,Friday,"Friday, 1st November 2024","€70,565,090",13 21 27 28 41,01 03,3 + 2,"2,081",€139.40,"€290,091"
01.11.2024,Friday,"Friday, 1st November 2024","€70,565,090",13 21 27 28 41,01 03,2 + 2,"28,753",€23.30,"€669,945"
01.11.2024,Friday,"Friday, 1st November 2024","€70,565,090",13 21 27 28 41,01 03,3 + 1,"40,857",€18.40,"€751,769"
01.11.2024,Friday,"Friday, 1st November 2024","€70,565,090",13 21 27 28 41,01 03,3 + 0,"85,855",€16.50,"€1,416,608"
01.11.2024,Friday,"Friday, 1st November 2024","€70,565,090",13 21 27 28 41,01 03,1 + 2,"142,554",€12.40,"€1,767,670"
01.11.2024,Friday,"Friday, 1st November 2024","€70,565,090",13 21 27 28 41,01 03,2 + 1,"582,030",€9.20,"€5,354,676"
05.11.2024,Tuesday,"Tuesday, 5th November 2024","€80,716,930",22 29 36 38 43,01 06,5 + 2,0,"€80,716,930","€80,716,930"
05.11.2024,Tuesday,"Tuesday, 5th November 2024","€80,716,930",22 29 36 38 43,01 06,5 + 1,1,"€1,851,956.30","€1,851,956"
05.11.2024,Tuesday,"Tuesday, 5th November 2024","€80,716,930",22 29 36 38 43,01 06,5 + 0,6,"€174,069.50","€1,044,417"
05.11.2024,Tuesday,"Tuesday, 5th November 2024","€80,716,930",22 29 36 38 43,01 06,4 + 2,31,"€5,557.20","€172,273"
05.11.2024,Tuesday,"Tuesday, 5th November 2024","€80,716,930",22 29 36 38 43,01 06,4 + 1,682,€315.70,"€215,307"
05.11.2024,Tuesday,"Tuesday, 5th November 2024","€80,716,930",22 29 36 38 43,01 06,4 + 0,"1,776",€97.00,"€172,272"
05.11.2024,Tuesday,"Tuesday, 5th November 2024","€80,716,930",22 29 36 38 43,01 06,3 + 2,"1,334",€177.50,"€236,785"
05.11.2024,Tuesday,"Tuesday, 5th November 2024","€80,716,930",22 29 36 38 43,01 06,2 + 2,"18,732",€29.30,"€548,848"
05.11.2024,Tuesday,"Tuesday, 5th November 2024","€80,716,930",22 29 36 38 43,01 06,3 + 1,"28,797",€21.30,"€613,376"
05.11.2024,Tuesday,"Tuesday, 5th November 2024","€80,716,930",22 29 36 38 43,01 06,3 + 0,"70,120",€16.50,"€1,156,980"
05.11.2024,Tuesday,"Tuesday, 5th November 2024","€80,716,930",22 29 36 38 43,01 06,1 + 2,"102,624",€14.10,"€1,446,998"
05.11.2024,Tuesday,"Tuesday, 5th November 2024","€80,716,930",22 29 36 38 43,01 06,2 + 1,"402,551",€10.80,"€4,347,551"
08.11.2024,Friday,"Friday, 8th November 2024","€94,833,838",06 23 38 42 45,09 12,5 + 2,0,"€94,833,838","€94,833,838"
08.11.2024,Friday,"Friday, 8th November 2024","€94,833,838",06 23 38 42 45,09 12,5 + 1,8,"€362,563.70","€2,900,510"
08.11.2024,Friday,"Friday, 8th November 2024","€94,833,838",06 23 38 42 45,09 12,5 + 0,9,"€181,750.30","€1,635,753"
08.11.2024,Friday,"Friday, 8th November 2024","€94,833,838",06 23 38 42 45,09 12,4 + 2,30,"€8,993.80","€269,814"
08.11.2024,Friday,"Friday, 8th November 2024","€94,833,838",06 23 38 42 45,09 12,4 + 1,"1,127",€299.20,"€337,198"
08.11.2024,Friday,"Friday, 8th November 2024","€94,833,838",06 23 38 42 45,09 12,4 + 0,"2,761",€97.70,"€269,750"
08.11.2024,Friday,"Friday, 8th November 2024","€94,833,838",06 23 38 42 45,09 12,3 + 2,"1,745",€212.60,"€370,987"
08.11.2024,Friday,"Friday, 8th November 2024","€94,833,838",06 23 38 42 45,09 12,2 + 2,"25,331",€33.90,"€858,721"
08.11.2024,Friday,"Friday, 8th November 2024","€94,833,838",06 23 38 42 45,09 12,3 + 1,"44,669",€21.50,"€960,384"
08.11.2024,Friday,"Friday, 8th November 2024","€94,833,838",06 23 38 42 45,09 12,3 + 0,"110,839",€16.80,"€1,862,095"
08.11.2024,Friday,"Friday, 8th November 2024","€94,833,838",06 23 38 42 45,09 12,1 + 2,"132,356",€16.80,"€2,223,581"
08.11.2024,Friday,"Friday, 8th November 2024","€94,833,838",06 23 38 42 45,09 12,2 + 1,"623,998",€10.90,"€6,801,578"
12.11.2024,Tuesday,"Tuesday, 12th November 2024","€108,933,964",02 03 34 38 49,10 11,5 + 2,0,"€108,933,964","€108,933,964"
12.11.2024,Tuesday,"Tuesday, 12th November 2024","€108,933,964",02 03 34 38 49,10 11,5 + 1,3,"€876,348.10","€2,629,044"
12.11.2024,Tuesday,"Tuesday, 12th November 2024","€108,933,964",02 03 34 38 49,10 11,5 + 0,9,"€164,739.80","€1,482,658"
12.11.2024,Tuesday,"Tuesday, 12th November 2024","€108,933,964",02 03 34 38 49,10 11,4 + 2,40,"€6,114.00","€244,560"
12.11.2024,Tuesday,"Tuesday, 12th November 2024","€108,933,964",02 03 34 38 49,10 11,4 + 1,797,€383.50,"€305,650"
12.11.2024,Tuesday,"Tuesday, 12th November 2024","€108,933,964",02 03 34 38 49,10 11,4 + 0,"1,802",€135.70,"€244,531"
12.11.2024,Tuesday,"Tuesday, 12th November 2024","€108,933,964",02 03 34 38 49,10 11,3 + 2,"1,640",€205.00,"€336,200"
12.11.2024,Tuesday,"Tuesday, 12th November 2024","€108,933,964",02 03 34 38 49,10 11,2 + 2,"24,048",€32.40,"€779,155"
12.11.2024,Tuesday,"Tuesday, 12th November 2024","€108,933,964",02 03 34 38 49,10 11,3 + 1,"37,127",€23.40,"€868,772"
12.11.2024,Tuesday,"Tuesday, 12th November 2024","€108,933,964",02 03 34 38 49,10 11,3 + 0,"89,872",€18.30,"€1,644,658"
12.11.2024,Tuesday,"Tuesday, 12th November 2024","€108,933,964",02 03 34 38 49,10 11,1 + 2,"128,936",€16.00,"€2,062,976"
12.11.2024,Tuesday,"Tuesday, 12th November 2024","€108,933,964",02 03 34 38 49,10 11,2 + 1,"562,192",€11.00,"€6,184,112"
15.11.2024,Friday,"Friday, 15th November 2024","€120,000,000",27 31 35 46 50,03 10,5 + 2,0,"€120,000,000","€120,000,000"
15.11.2024,Friday,"Friday, 15th November 2024","€120,000,000",27 31 35 46 50,03 10,5 + 1,3,"€4,053,457.00","€12,160,371"
15.11.2024,Friday,"Friday, 15th November 2024","€120,000,000",27 31 35 46 50,03 10,5 + 0,18,"€123,507.80","€2,223,140"
15.11.2024,Friday,"Friday, 15th November 2024","€120,000,000",27 31 35 46 50,03 10,4 + 2,57,"€6,433.40","€366,704"
15.11.2024,Friday,"Friday, 15th November 2024","€120,000,000",27 31 35 46 50,03 10,4 + 1,"1,212",€378.20,"€458,378"
15.11.2024,Friday,"Friday, 15th November 2024","€120,000,000",27 31 35 46 50,03 10,4 + 0,"2,792",€131.30,"€366,590"
15.11.2024,Friday,"Friday, 15th November 2024","€120,000,000",27 31 35 46 50,03 10,3 + 2,"2,985",€168.90,"€504,167"
15.11.2024,Friday,"Friday, 15th November 2024","€120,000,000",27 31 35 46 50,03 10,2 + 2,"46,180",€25.30,"€1,168,354"
15.11.2024,Friday,"Friday, 15th November 2024","€120,000,000",27 31 35 46 50,03 10,3 + 1,"56,164",€23.20,"€1,303,005"
15.11.2024,Friday,"Friday, 15th November 2024","€120,000,000",27 31 35 46 50,03 10,3 + 0,"124,800",€19.80,"€2,471,040"
15.11.2024,Friday,"Friday, 15th November 2024","€120,000,000",27 31 35 46 50,03 10,1 + 2,"259,761",€11.90,"€3,091,156"
15.11.2024,Friday,"Friday, 15th November 2024","€120,000,000",27 31 35 46 50,03 10,2 + 1,"859,478",€10.80,"€9,282,362"
19.11.2024,Tuesday,"Tuesday, 19th November 2024","€120,000,000",04 07 19 26 27,04 05,5 + 2,0,"€120,000,000","€120,000,000"
19.11.2024,Tuesday,"Tuesday, 19th November 2024","€120,000,000",04 07 19 26 27,04 05,5 + 1,8,"€2,637,766.50","€21,102,132"
19.11.2024,Tuesday,"Tuesday, 19th November 2024","€120,000,000",04 07 19 26 27,04 05,5 + 0,16,"€115,152.00","€1,842,432"
19.11.2024,Tuesday,"Tuesday, 19th November 2024","€120,000,000",04 07 19 26 27,04 05,4 + 2,93,"€3,267.80","€303,905"
19.11.2024,Tuesday,"Tuesday, 19th November 2024","€120,000,000",04 07 19 26 27,04 05,4 + 1,"2,086",€182.10,"€379,861"
19.11.2024,Tuesday,"Tuesday, 19th November 2024","€120,000,000",04 07 19 26 27,04 05,4 + 0,"3,696",€82.20,"€303,811"
19.11.2024,Tuesday,"Tuesday, 19th November 2024","€120,000,000",04 07 19 26 27,04 05,3 + 2,"3,530",€118.30,"€417,599"
19.11.2024,Tuesday,"Tuesday, 19th November 2024","€120,000,000",04 07 19 26 27,04 05,2 + 2,"43,814",€22.10,"€968,289"
19.11.2024,Tuesday,"Tuesday, 19th November 2024","€120,000,000",04 07 19 26 27,04 05,3 + 1,"78,541",€13.80,"€1,083,866"
19.11.2024,Tuesday,"Tuesday, 19th November 2024","€120,000,000",04 07 19 26 27,04 05,3 + 0,"148,184",€13.80,"€2,044,939"
19.11.2024,Tuesday,"Tuesday, 19th November 2024","€120,000,000",04 07 19 26 27,04 05,1 + 2,"206,554",€12.40,"€2,561,270"
19.11.2024,Tuesday,"Tuesday, 19th November 2024","€120,000,000",04 07 19 26 27,04 05,2 + 1,"961,764",€8.00,"€7,694,112"
22.11.2024,Friday,"Friday, 22nd November 2024","€120,000,000",06 10 30 34 41,07 10,5 + 2,0,"€120,000,000","€120,000,000"
22.11.2024,Friday,"Friday, 22nd November 2024","€120,000,000",06 10 30 34 41,07 10,5 + 1,6,"€4,243,653.00","€25,461,918"
22.11.2024,Friday,"Friday, 22nd November 2024","€120,000,000",06 10 30 34 41,07 10,5 + 0,8,"€299,271.00","€2,394,168"
22.11.2024,Friday,"Friday, 22nd November 2024","€120,000,000",06 10 30 34 41,07 10,4 + 2,74,"€5,336.60","€394,908"
22.11.2024,Friday,"Friday, 22nd November 2024","€120,000,000",06 10 30 34 41,07 10,4 + 1,"1,526",€323.40,"€493,508"
22.11.2024,Friday,"Friday, 22nd November 2024","€120,000,000",06 10 30 34 41,07 10,4 + 0,"3,102",€127.30,"€394,885"
22.11.2024,Friday,"Friday, 22nd November 2024","€120,000,000",06 10 30 34 41,07 10,3 + 2,"3,102",€175.00,"€542,850"
22.11.2024,Friday,"Friday, 22nd November 2024","€120,000,000",06 10 30 34 41,07 10,2 + 2,"46,773",€26.90,"€1,258,194"
22.11.2024,Friday,"Friday, 22nd November 2024","€120,000,000",06 10 30 34 41,07 10,3 + 1,"65,987",€21.30,"€1,405,523"
22.11.2024,Friday,"Friday, 22nd November 2024","€120,000,000",06 10 30 34 41,07 10,3 + 0,"142,091",€18.70,"€2,657,102"
22.11.2024,Friday,"Friday, 22nd November 2024","€120,000,000",06 10 30 34 41,07 10,1 + 2,"252,609",€13.10,"€3,309,178"
22.11.2024,Friday,"Friday, 22nd November 2024","€120,000,000",06 10 30 34 41,07 10,2 + 1,"984,713",€10.10,"€9,945,601"
26.11.2024,Tuesday,"Tuesday, 26th November 2024","€120,000,000",20 21 28 32 37,01 05,5 + 2,0,"€120,000,000","€120,000,000"
26.11.2024,Tuesday,"Tuesday, 26th November 2024","€120,000,000",20 21 28 32 37,01 05,5 + 1,2,"€11,465,283.30","€22,930,567"
26.11.2024,Tuesday,"Tuesday, 26th November 2024","€120,000,000",20 21 28 32 37,01 05,5 + 0,7,"€285,510.80","€1,998,576"
26.11.2024,Tuesday,"Tuesday, 26th November 2024","€120,000,000",20 21 28 32 37,01 05,4 + 2,53,"€6,220.00","€329,660"
26.11.2024,Tuesday,"Tuesday, 26th November 2024","€120,000,000",20 21 28 32 37,01 05,4 + 1,"1,096",€375.90,"€411,986"
26.11.2024,Tuesday,"Tuesday, 26th November 2024","€120,000,000",20 21 28 32 37,01 05,4 + 0,"2,744",€120.10,"€329,554"
26.11.2024,Tuesday,"Tuesday, 26th November 2024","€120,000,000",20 21 28 32 37,01 05,3 + 2,"2,500",€181.30,"€453,250"
26.11.2024,Tuesday,"Tuesday, 26th November 2024","€120,000,000",20 21 28 32 37,01 05,2 + 2,"36,866",€28.50,"€1,050,681"
26.11.2024,Tuesday,"Tuesday, 26th November 2024","€120,000,000",20 21 28 32 37,01 05,3 + 1,"52,119",€22.50,"€1,172,678"
26.11.2024,Tuesday,"Tuesday, 26th November 2024","€120,000,000",20 21 28 32 37,01 05,3 + 0,"121,576",€18.30,"€2,224,841"
26.11.2024,Tuesday,"Tuesday, 26th November 2024","€120,000,000",20 21 28 32 37,01 05,1 + 2,"199,627",€13.90,"€2,774,815"
26.11.2024,Tuesday,"Tuesday, 26th November 2024","€120,000,000",20 21 28 32 37,01 05,2 + 1,"799,024",€10.40,"€8,309,850"
29.11.2024,Friday,"Friday, 29th November 2024","€120,000,000",10 19 24 25 40,05 09,5 + 2,0,"€120,000,000","€120,000,000"
29.11.2024,Friday,"Friday, 29th November 2024","€120,000,000",10 19 24 25 40,05 09,5 + 1,9,"€3,058,396.80","€27,525,571"
29.11.2024,Friday,"Friday, 29th November 2024","€120,000,000",10 19 24 25 40,05 09,5 + 0,12,"€215,244.70","€2,582,936"
29.11.2024,Friday,"Friday, 29th November 2024","€120,000,000",10 19 24 25 40,05 09,4 + 2,85,"€5,012.30","€426,046"
29.11.2024,Friday,"Friday, 29th November 2024","€120,000,000",10 19 24 25 40,05 09,4 + 1,"1,663",€320.20,"€532,493"
29.11.2024,Friday,"Friday, 29th November 2024","€120,000,000",10 19 24 25 40,05 09,4 + 0,"3,627",€117.40,"€425,810"
29.11.2024,Friday,"Friday, 29th November 2024","€120,000,000",10 19 24 25 40,05 09,3 + 2,"4,153",€141.00,"€585,573"
29.11.2024,Friday,"Friday, 29th November 2024","€120,000,000",10 19 24 25 40,05 09,2 + 2,"63,110",€21.50,"€1,356,865"
29.11.2024,Friday,"Friday, 29th November 2024","€120,000,000",10 19 24 25 40,05 09,3 + 1,"77,660",€19.50,"€1,514,370"
29.11.2024,Friday,"Friday, 29th November 2024","€120,000,000",10 19 24 25 40,05 09,3 + 0,"160,981",€17.80,"€2,865,462"
29.11.2024,Friday,"Friday, 29th November 2024","€120,000,000",10 19 24 25 40,05 09,1 + 2,"341,062",€10.50,"€3,581,151"
29.11.2024,Friday,"Friday, 29th November 2024","€120,000,000",10 19 24 25 40,05 09,2 + 1,"1,125,756",€9.60,"€10,807,258"
03.12.2024,Tuesday,"Tuesday, 3rd December 2024","€120,000,000",07 20 23 24 37,04 10,5 + 2,0,"€120,000,000","€120,000,000"
03.12.2024,Tuesday,"Tuesday, 3rd December 2024","€120,000,000",07 20 23 24 37,04 10,5 + 1,7,"€3,623,125.90","€25,361,881"
03.12.2024,Tuesday,"Tuesday, 3rd December 2024","€120,000,000",07 20 23 24 37,04 10,5 + 0,17,"€131,361.80","€2,233,151"
03.12.2024,Tuesday,"Tuesday, 3rd December 2024","€120,000,000",07 20 23 24 37,04 10,4 + 2,97,"€3,797.40","€368,348"
03.12.2024,Tuesday,"Tuesday, 3rd December 2024","€120,000,000",07 20 23 24 37,04 10,4 + 1,"1,727",€266.60,"€460,418"
03.12.2024,Tuesday,"Tuesday, 3rd December 2024","€120,000,000",07 20 23 24 37,04 10,4 + 0,"3,815",€96.50,"€368,148"
03.12.2024,Tuesday,"Tuesday, 3rd December 2024","€120,000,000",07 20 23 24 37,04 10,3 + 2,"3,862",€131.10,"€506,308"
03.12.2024,Tuesday,"Tuesday, 3rd December 2024","€120,000,000",07 20 23 24 37,04 10,2 + 2,"52,582",€22.30,"€1,172,579"
03.12.2024,Tuesday,"Tuesday, 3rd December 2024","€120,000,000",07 20 23 24 37,04 10,3 + 1,"73,029",€17.90,"€1,307,219"
03.12.2024,Tuesday,"Tuesday, 3rd December 2024","€120,000,000",07 20 23 24 37,04 10,3 + 0,"166,142",€14.90,"€2,475,516"
03.12.2024,Tuesday,"Tuesday, 3rd December 2024","€120,000,000",07 20 23 24 37,04 10,1 + 2,"267,876",€11.60,"€3,107,362"
03.12.2024,Tuesday,"Tuesday, 3rd December 2024","€120,000,000",07 20 23 24 37,04 10,2 + 1,"1,017,306",€9.10,"€9,257,485"
06.12.2024,Friday,"Friday, 6th December 2024","€60,000,000",08 14 45 47 50,02 12,5 + 2,2,"€60,000,000","€120,000,000"
06.12.2024,Friday,"Friday, 6th December 2024","€60,000,000",08 14 45 47 50,02 12,5 + 1,2,"€14,364,616.80","€28,729,234"
06.12.2024,Friday,"Friday, 6th December 2024","€60,000,000",08 14 45 47 50,02 12,5 + 0,12,"€221,813.00","€2,661,756"
06.12.2024,Friday,"Friday, 6th December 2024","€60,000,000",08 14 45 47 50,02 12,4 + 2,67,"€6,553.00","€439,051"
06.12.2024,Friday,"Friday, 6th December 2024","€60,000,000",08 14 45 47 50,02 12,4 + 1,"1,387",€395.60,"€548,697"
06.12.2024,Friday,"Friday, 6th December 2024","€60,000,000",08 14 45 47 50,02 12,4 + 0,"2,921",€150.30,"€439,026"
06.12.2024,Friday,"Friday, 6th December 2024","€60,000,000",08 14 45 47 50,02 12,3 + 2,"2,962",€203.80,"€603,656"
06.12.2024,Friday,"Friday, 6th December 2024","€60,000,000",08 14 45 47 50,02 12,2 + 2,"44,202",€31.60,"€1,396,783"
06.12.2024,Friday,"Friday, 6th December 2024","€60,000,000",08 14 45 47 50,02 12,3 + 1,"63,143",€24.70,"€1,559,632"
06.12.2024,Friday,"Friday, 6th December 2024","€60,000,000",08 14 45 47 50,02 12,3 + 0,"146,604",€20.20,"€2,961,401"
06.12.2024,Friday,"Friday, 6th December 2024","€60,000,000",08 14 45 47 50,02 12,1 + 2,"240,603",€15.30,"€3,681,226"
06.12.2024,Friday,"Friday, 6th December 2024","€60,000,000",08 14 45 47 50,02 12,2 + 1,"968,710",€11.50,"€11,140,165"
10.12.2024,Tuesday,"Tuesday, 10th December 2024","€11,022,513",17 23 30 41 43,04 11,5 + 2,0,"€11,022,513","€11,022,513"
10.12.2024,Tuesday,"Tuesday, 10th December 2024","€11,022,513",17 23 30 41 43,04 11,5 + 1,5,"€289,031.80","€1,445,159"
10.12.2024,Tuesday,"Tuesday, 10th December 2024","€11,022,513",17 23 30 41 43,04 11,5 + 0,8,"€101,875.30","€815,002"
10.12.2024,Tuesday,"Tuesday, 10th December 2024","€11,022,513",17 23 30 41 43,04 11,4 + 2,26,"€5,170.50","€134,433"
10.12.2024,Tuesday,"Tuesday, 10th December 2024","€11,022,513",17 23 30 41 43,04 11,4 + 1,532,€315.80,"€168,006"
10.12.2024,Tuesday,"Tuesday, 10th December 2024","€11,022,513",17 23 30 41 43,04 11,4 + 0,"1,058",€127.00,"€134,366"
10.12.2024,Tuesday,"Tuesday, 10th December 2024","€11,022,513",17 23 30 41 43,04 11,3 + 2,"1,003",€184.20,"€184,753"
10.12.2024,Tuesday,"Tuesday, 10th December 2024","€11,022,513",17 23 30 41 43,04 11,2 + 2,"14,582",€29.30,"€427,253"
10.12.2024,Tuesday,"Tuesday, 10th December 2024","€11,022,513",17 23 30 41 43,04 11,3 + 1,"21,617",€22.10,"€477,736"
10.12.2024,Tuesday,"Tuesday, 10th December 2024","€11,022,513",17 23 30 41 43,04 11,3 + 0,"51,415",€17.60,"€904,904"
10.12.2024,Tuesday,"Tuesday, 10th December 2024","€11,022,513",17 23 30 41 43,04 11,1 + 2,"77,412",€14.60,"€1,130,215"
10.12.2024,Tuesday,"Tuesday, 10th December 2024","€11,022,513",17 23 30 41 43,04 11,2 + 1,"318,952",€10.60,"€3,380,891"
13.12.2024,Friday,"Friday, 13th December 2024","€21,312,703",01 04 19 35 42,01 03,5 + 2,1,"€21,312,703","€21,312,703"
13.12.2024,Friday,"Friday, 13th December 2024","€21,312,703",01 04 19 35 42,01 03,5 + 1,4,"€521,866.60","€2,087,466"
13.12.2024,Friday,"Friday, 13th December 2024","€21,312,703",01 04 19 35 42,01 03,5 + 0,9,"€130,803.70","€1,177,233"
13.12.2024,Friday,"Friday, 13th December 2024","€21,312,703",01 04 19 35 42,01 03,4 + 2,31,"€6,263.90","€194,181"
13.12.2024,Friday,"Friday, 13th December 2024","€21,312,703",01 04 19 35 42,01 03,4 + 1,736,€329.70,"€242,659"
13.12.2024,Friday,"Friday, 13th December 2024","€21,312,703",01 04 19 35 42,01 03,4 + 0,"1,512",€128.40,"€194,141"
13.12.2024,Friday,"Friday, 13th December 2024","€21,312,703",01 04 19 35 42,01 03,3 + 2,"1,522",€175.40,"€266,959"
13.12.2024,Friday,"Friday, 13th December 2024","€21,312,703",01 04 19 35 42,01 03,2 + 2,"24,748",€25.00,"€618,700"
13.12.2024,Friday,"Friday, 13th December 2024","€21,312,703",01 04 19 35 42,01 03,3 + 1,"34,182",€20.20,"€690,476"
13.12.2024,Friday,"Friday, 13th December 2024","€21,312,703",01 04 19 35 42,01 03,3 + 0,"70,851",€18.40,"€1,303,658"
13.12.2024,Friday,"Friday, 13th December 2024","€21,312,703",01 04 19 35 42,01 03,1 + 2,"132,233",€12.30,"€1,626,466"
13.12.2024,Friday,"Friday, 13th December 2024","€21,312,703",01 04 19 35 42,01 03,2 + 1,"503,099",€9.70,"€4,880,060"
17.12.2024,Tuesday,"Tuesday, 17th December 2024","€10,000,000",11 14 18 35 42,04 11,5 + 2,0,"€10,000,000","€10,000,000"
17.12.2024,Tuesday,"Tuesday, 17th December 2024","€10,000,000",11 14 18 35 42,04 11,5 + 1,6,"€213,487.00","€1,280,922"
17.12.2024,Tuesday,"Tuesday, 17th December 2024","€10,000,000",11 14 18 35 42,04 11,5 + 0,7,"€103,197.20","€722,380"
17.12.2024,Tuesday,"Tuesday, 17th December 2024","€10,000,000",11 14 18 35 42,04 11,4 + 2,18,"€6,619.70","€119,155"
17.12.2024,Tuesday,"Tuesday, 17th December 2024","€10,000,000",11 14 18 35 42,04 11,4 + 1,489,€304.50,"€148,901"
17.12.2024,Tuesday,"Tuesday, 17th December 2024","€10,000,000",11 14 18 35 42,04 11,4 + 0,"1,138",€104.70,"€119,149"
17.12.2024,Tuesday,"Tuesday, 17th December 2024","€10,000,000",11 14 18 35 42,04 11,3 + 2,987,€165.90,"€163,743"
17.12.2024,Tuesday,"Tuesday, 17th December 2024","€10,000,000",11 14 18 35 42,04 11,2 + 2,"13,212",€28.70,"€379,184"
17.12.2024,Tuesday,"Tuesday, 17th December 2024","€10,000,000",11 14 18 35 42,04 11,3 + 1,"20,165",€21.00,"€423,465"
17.12.2024,Tuesday,"Tuesday, 17th December 2024","€10,000,000",11 14 18 35 42,04 11,3 + 0,"49,292",€16.30,"€803,460"
17.12.2024,Tuesday,"Tuesday, 17th December 2024","€10,000,000",11 14 18 35 42,04 11,1 + 2,"69,768",€14.40,"€1,004,659"
17.12.2024,Tuesday,"Tuesday, 17th December 2024","€10,000,000",11 14 18 35 42,04 11,2 + 1,"289,138",€10.40,"€3,007,035"
20.12.2024,Friday,"Friday, 20th December 2024","€18,066,282",01 03 10 32 44,01 08,5 + 2,0,"€18,066,282","€18,066,282"
20.12.2024,Friday,"Friday, 20th December 2024","€18,066,282",01 03 10 32 44,01 08,5 + 1,3,"€642,315.00","€1,926,945"
20.12.2024,Friday,"Friday, 20th December 2024","€18,066,282",01 03 10 32 44,01 08,5 + 0,4,"€271,676.80","€1,086,707"
20.12.2024,Friday,"Friday, 20th December 2024","€18,066,282",01 03 10 32 44,01 08,4 + 2,41,"€4,371.90","€179,248"
20.12.2024,Friday,"Friday, 20th December 2024","€18,066,282",01 03 10 32 44,01 08,4 + 1,662,€338.40,"€224,021"
20.12.2024,Friday,"Friday, 20th December 2024","€18,066,282",01 03 10 32 44,01 08,4 + 0,"1,314",€136.40,"€179,230"
20.12.2024,Friday,"Friday, 20th December 2024","€18,066,282",01 03 10 32 44,01 08,3 + 2,"1,563",€157.60,"€246,329"
20.12.2024,Friday,"Friday, 20th December 2024","€18,066,282",01 03 10 32 44,01 08,2 + 2,"22,978",€24.80,"€569,854"
20.12.2024,Friday,"Friday, 20th December 2024","€18,066,282",01 03 10 32 44,01 08,3 + 1,"31,514",€20.20,"€636,583"
20.12.2024,Friday,"Friday, 20th December 2024","€18,066,282",01 03 10 32 44,01 08,3 + 0,"66,467",€18.20,"€1,209,699"
20.12.2024,Friday,"Friday, 20th December 2024","€18,066,282",01 03 10 32 44,01 08,1 + 2,"119,736",€12.60,"€1,508,674"
20.12.2024,Friday,"Friday, 20th December 2024","€18,066,282",01 03 10 32 44,01 08,2 + 1,"462,014",€9.80,"€4,527,737"
24.12.2024,Tuesday,"Tuesday, 24th December 2024","€26,010,797",09 15 28 36 39,06 07,5 + 2,0,"€26,010,797","€26,010,797"
24.12.2024,Tuesday,"Tuesday, 24th December 2024","€26,010,797",09 15 28 36 39,06 07,5 + 1,7,"€236,310.90","€1,654,176"
24.12.2024,Tuesday,"Tuesday, 24th December 2024","€26,010,797",09 15 28 36 39,06 07,5 + 0,13,"€71,759.90","€932,879"
24.12.2024,Tuesday,"Tuesday, 24th December 2024","€26,010,797",09 15 28 36 39,06 07,4 + 2,33,"€4,662.90","€153,876"
24.12.2024,Tuesday,"Tuesday, 24th December 2024","€26,010,797",09 15 28 36 39,06 07,4 + 1,795,€241.90,"€192,311"
24.12.2024,Tuesday,"Tuesday, 24th December 2024","€26,010,797",09 15 28 36 39,06 07,4 + 0,"1,624",€94.70,"€153,793"
24.12.2024,Tuesday,"Tuesday, 24th December 2024","€26,010,797",09 15 28 36 39,06 07,3 + 2,"1,771",€119.40,"€211,457"
24.12.2024,Tuesday,"Tuesday, 24th December 2024","€26,010,797",09 15 28 36 39,06 07,2 + 2,"22,743",€21.50,"€488,975"
24.12.2024,Tuesday,"Tuesday, 24th December 2024","€26,010,797",09 15 28 36 39,06 07,3 + 1,"31,101",€17.60,"€547,378"
24.12.2024,Tuesday,"Tuesday, 24th December 2024","€26,010,797",09 15 28 36 39,06 07,3 + 0,"61,322",€16.90,"€1,036,342"
24.12.2024,Tuesday,"Tuesday, 24th December 2024","€26,010,797",09 15 28 36 39,06 07,1 + 2,"111,087",€11.60,"€1,288,609"
24.12.2024,Tuesday,"Tuesday, 24th December 2024","€26,010,797",09 15 28 36 39,06 07,2 + 1,"422,596",€9.20,"€3,887,883"
27.12.2024,Friday,"Friday, 27th December 2024","€35,782,397",01 09 25 27 37,06 08,5 + 2,0,"€35,782,397","€35,782,397"
27.12.2024,Friday,"Friday, 27th December 2024","€35,782,397",01 09 25 27 37,06 08,5 + 1,5,"€382,658.10","€1,913,291"
27.12.2024,Friday,"Friday, 27th December 2024","€35,782,397",01 09 25 27 37,06 08,5 + 0,8,"€134,875.80","€1,079,006"
27.12.2024,Friday,"Friday, 27th December 2024","€35,782,397",01 09 25 27 37,06 08,4 + 2,32,"€5,561.80","€177,978"
27.12.2024,Friday,"Friday, 27th December 2024","€35,782,397",01 09 25 27 37,06 08,4 + 1,710,€313.30,"€222,443"
27.12.2024,Friday,"Friday, 27th December 2024","€35,782,397",01 09 25 27 37,06 08,4 + 0,"1,470",€121.00,"€177,870"
27.12.2024,Friday,"Friday, 27th December 2024","€35,782,397",01 09 25 27 37,06 08,3 + 2,"1,629",€150.20,"€244,676"
27.12.2024,Friday,"Friday, 27th December 2024","€35,782,397",01 09 25 27 37,06 08,2 + 2,"25,022",€22.60,"€565,497"
27.12.2024,Friday,"Friday, 27th December 2024","€35,782,397",01 09 25 27 37,06 08,3 + 1,"32,426",€19.50,"€632,307"
27.12.2024,Friday,"Friday, 27th December 2024","€35,782,397",01 09 25 27 37,06 08,3 + 0,"71,576",€16.70,"€1,195,319"
27.12.2024,Friday,"Friday, 27th December 2024","€35,782,397",01 09 25 27 37,06 08,1 + 2,"131,041",€11.40,"€1,493,867"
27.12.2024,Friday,"Friday, 27th December 2024","€35,782,397",01 09 25 27 37,06 08,2 + 1,"477,419",€9.40,"€4,487,739"
31.12.2024,Tuesday,"Tuesday, 31st December 2024","€46,546,794",02 21 26 34 49,07 12,5 + 2,0,"€46,546,794","€46,546,794"
31.12.2024,Tuesday,"Tuesday, 31st December 2024","€46,546,794",02 21 26 34 49,07 12,5 + 1,1,"€2,082,142.90","€2,082,143"
31.12.2024,Tuesday,"Tuesday, 31st December 2024","€46,546,794",02 21 26 34 49,07 12,5 + 0,7,"€167,747.30","€1,174,231"
31.12.2024,Tuesday,"Tuesday, 31st December 2024","€46,546,794",02 21 26 34 49,07 12,4 + 2,27,"€7,173.60","€193,687"
31.12.2024,Tuesday,"Tuesday, 31st December 2024","€46,546,794",02 21 26 34 49,07 12,4 + 1,694,€348.80,"€242,067"
31.12.2024,Tuesday,"Tuesday, 31st December 2024","€46,546,794",02 21 26 34 49,07 12,4 + 0,"1,702",€113.80,"€193,688"
31.12.2024,Tuesday,"Tuesday, 31st December 2024","€46,546,794",02 21 26 34 49,07 12,3 + 2,"1,401",€190.00,"€266,190"
31.12.2024,Tuesday,"Tuesday, 31st December 2024","€46,546,794",02 21 26 34 49,07 12,2 + 2,"20,357",€30.30,"€616,817"
31.12.2024,Tuesday,"Tuesday, 31st December 2024","€46,546,794",02 21 26 34 49,07 12,3 + 1,"32,025",€21.50,"€688,538"
31.12.2024,Tuesday,"Tuesday, 31st December 2024","€46,546,794",02 21 26 34 49,07 12,3 + 0,"76,517",€17.00,"€1,300,789"
31.12.2024,Tuesday,"Tuesday, 31st December 2024","€46,546,794",02 21 26 34 49,07 12,1 + 2,"107,455",€15.20,"€1,633,316"
31.12.2024,Tuesday,"Tuesday, 31st December 2024","€46,546,794",02 21 26 34 49,07 12,2 + 1,"466,669",€10.50,"€4,900,025"
