short_date,weekday,draw_date,jackpot,main_numbers,euro_numbers,Match,# of winners,prize / winner,prize fund
07.01.2022,Friday,"Friday, 7th January 2022","€24,000,000",08 17 21 23 47,02 06,5 + 2,0,"€24,000,000","€24,000,000"
07.01.2022,Friday,"Friday, 7th January 2022","€24,000,000",08 17 21 23 47,02 06,5 + 1,5,"€390,310.90","€1,951,555"
07.01.2022,Friday,"Friday, 7th January 2022","€24,000,000",08 17 21 23 47,02 06,5 + 0,7,"€98,397.70","€688,784"
07.01.2022,Friday,"Friday, 7th January 2022","€24,000,000",08 17 21 23 47,02 06,4 + 2,76,"€3,020.90","€229,588"
07.01.2022,Friday,"Friday, 7th January 2022","€24,000,000",08 17 21 23 47,02 06,4 + 1,886,€233.20,"€206,615"
07.01.2022,Friday,"Friday, 7th January 2022","€24,000,000",08 17 21 23 47,02 06,4 + 0,"1,713",€93.80,"€160,679"
07.01.2022,Friday,"Friday, 7th January 2022","€24,000,000",08 17 21 23 47,02 06,3 + 2,"2,661",€51.70,"€137,574"
07.01.2022,Friday,"Friday, 7th January 2022","€24,000,000",08 17 21 23 47,02 06,2 + 2,"37,840",€18.80,"€711,392"
07.01.2022,Friday,"Friday, 7th January 2022","€24,000,000",08 17 21 23 47,02 06,3 + 1,"41,383",€16.60,"€686,958"
07.01.2022,Friday,"Friday, 7th January 2022","€24,000,000",08 17 21 23 47,02 06,3 + 0,"75,709",€13.00,"€984,217"
07.01.2022,Friday,"Friday, 7th January 2022","€24,000,000",08 17 21 23 47,02 06,1 + 2,"190,762",€9.30,"€1,774,087"
07.01.2022,Friday,"Friday, 7th January 2022","€24,000,000",08 17 21 23 47,02 06,2 + 1,"576,488",€7.60,"€4,381,309"
14.01.2022,Friday,"Friday, 14th January 2022","€34,000,000",09 15 27 41 44,02 04,5 + 2,0,"€34,000,000","€34,000,000"
14.01.2022,Friday,"Friday, 14th January 2022","€34,000,000",09 15 27 41 44,02 04,5 + 1,2,"€1,057,442.10","€2,114,884"
14.01.2022,Friday,"Friday, 14th January 2022","€34,000,000",09 15 27 41 44,02 04,5 + 0,5,"€149,285.90","€746,430"
14.01.2022,Friday,"Friday, 14th January 2022","€34,000,000",09 15 27 41 44,02 04,4 + 2,54,"€4,607.50","€248,805"
14.01.2022,Friday,"Friday, 14th January 2022","€34,000,000",09 15 27 41 44,02 04,4 + 1,"1,013",€221.00,"€223,873"
14.01.2022,Friday,"Friday, 14th January 2022","€34,000,000",09 15 27 41 44,02 04,4 + 0,"1,683",€103.40,"€174,022"
14.01.2022,Friday,"Friday, 14th January 2022","€34,000,000",09 15 27 41 44,02 04,3 + 2,"2,411",€61.90,"€149,241"
14.01.2022,Friday,"Friday, 14th January 2022","€34,000,000",09 15 27 41 44,02 04,2 + 2,"35,248",€21.80,"€768,406"
14.01.2022,Friday,"Friday, 14th January 2022","€34,000,000",09 15 27 41 44,02 04,3 + 1,"43,289",€17.20,"€744,571"
14.01.2022,Friday,"Friday, 14th January 2022","€34,000,000",09 15 27 41 44,02 04,3 + 0,"71,003",€15.00,"€1,065,045"
14.01.2022,Friday,"Friday, 14th January 2022","€34,000,000",09 15 27 41 44,02 04,1 + 2,"190,939",€10.10,"€1,928,484"
14.01.2022,Friday,"Friday, 14th January 2022","€34,000,000",09 15 27 41 44,02 04,2 + 1,"615,063",€7.70,"€4,735,985"
21.01.2022,Friday,"Friday, 21st January 2022","€24,000,400",02 05 09 29 32,02 04,5 + 2,2,"€24,000,400","€48,000,800"
21.01.2022,Friday,"Friday, 21st January 2022","€24,000,400",02 05 09 29 32,02 04,5 + 1,7,"€334,853.10","€2,343,972"
21.01.2022,Friday,"Friday, 21st January 2022","€24,000,400",02 05 09 29 32,02 04,5 + 0,7,"€118,183.40","€827,284"
21.01.2022,Friday,"Friday, 21st January 2022","€24,000,400",02 05 09 29 32,02 04,4 + 2,67,"€4,115.80","€275,759"
21.01.2022,Friday,"Friday, 21st January 2022","€24,000,400",02 05 09 29 32,02 04,4 + 1,"1,184",€209.60,"€248,166"
21.01.2022,Friday,"Friday, 21st January 2022","€24,000,400",02 05 09 29 32,02 04,4 + 0,"1,902",€101.40,"€192,863"
21.01.2022,Friday,"Friday, 21st January 2022","€24,000,400",02 05 09 29 32,02 04,3 + 2,"3,012",€54.90,"€165,359"
21.01.2022,Friday,"Friday, 21st January 2022","€24,000,400",02 05 09 29 32,02 04,2 + 2,"43,006",€19.80,"€851,519"
21.01.2022,Friday,"Friday, 21st January 2022","€24,000,400",02 05 09 29 32,02 04,3 + 1,"53,133",€15.50,"€823,562"
21.01.2022,Friday,"Friday, 21st January 2022","€24,000,400",02 05 09 29 32,02 04,3 + 0,"83,985",€14.10,"€1,184,189"
21.01.2022,Friday,"Friday, 21st January 2022","€24,000,400",02 05 09 29 32,02 04,1 + 2,"216,754",€9.90,"€2,145,865"
21.01.2022,Friday,"Friday, 21st January 2022","€24,000,400",02 05 09 29 32,02 04,2 + 1,"716,724",€7.30,"€5,232,085"
28.01.2022,Friday,"Friday, 28th January 2022","€11,134,617",05 21 23 29 35,07 09,5 + 2,1,"€11,134,617","€11,134,617"
28.01.2022,Friday,"Friday, 28th January 2022","€11,134,617",05 21 23 29 35,07 09,5 + 1,2,"€918,059.80","€1,836,120"
28.01.2022,Friday,"Friday, 28th January 2022","€11,134,617",05 21 23 29 35,07 09,5 + 0,8,"€81,005.20","€648,042"
28.01.2022,Friday,"Friday, 28th January 2022","€11,134,617",05 21 23 29 35,07 09,4 + 2,51,"€4,235.50","€216,011"
28.01.2022,Friday,"Friday, 28th January 2022","€11,134,617",05 21 23 29 35,07 09,4 + 1,868,€223.90,"€194,345"
28.01.2022,Friday,"Friday, 28th January 2022","€11,134,617",05 21 23 29 35,07 09,4 + 0,"1,497",€101.00,"€151,197"
28.01.2022,Friday,"Friday, 28th January 2022","€11,134,617",05 21 23 29 35,07 09,3 + 2,"2,324",€55.70,"€129,447"
28.01.2022,Friday,"Friday, 28th January 2022","€11,134,617",05 21 23 29 35,07 09,2 + 2,"33,447",€20.00,"€668,940"
28.01.2022,Friday,"Friday, 28th January 2022","€11,134,617",05 21 23 29 35,07 09,3 + 1,"40,979",€15.80,"€647,468"
28.01.2022,Friday,"Friday, 28th January 2022","€11,134,617",05 21 23 29 35,07 09,3 + 0,"65,634",€14.10,"€925,439"
28.01.2022,Friday,"Friday, 28th January 2022","€11,134,617",05 21 23 29 35,07 09,1 + 2,"167,584",€10.00,"€1,675,840"
28.01.2022,Friday,"Friday, 28th January 2022","€11,134,617",05 21 23 29 35,07 09,2 + 1,"571,314",€7.20,"€4,113,461"
04.02.2022,Friday,"Friday, 4th February 2022","€10,000,000",12 18 27 33 41,09 10,5 + 2,0,"€10,000,000","€10,000,000"
04.02.2022,Friday,"Friday, 4th February 2022","€10,000,000",12 18 27 33 41,09 10,5 + 1,9,"€202,867.00","€1,825,803"
04.02.2022,Friday,"Friday, 4th February 2022","€10,000,000",12 18 27 33 41,09 10,5 + 0,10,"€64,440.10","€644,401"
04.02.2022,Friday,"Friday, 4th February 2022","€10,000,000",12 18 27 33 41,09 10,4 + 2,35,"€6,137.10","€214,799"
04.02.2022,Friday,"Friday, 4th February 2022","€10,000,000",12 18 27 33 41,09 10,4 + 1,858,€225.30,"€193,307"
04.02.2022,Friday,"Friday, 4th February 2022","€10,000,000",12 18 27 33 41,09 10,4 + 0,"1,909",€78.70,"€150,238"
04.02.2022,Friday,"Friday, 4th February 2022","€10,000,000",12 18 27 33 41,09 10,3 + 2,"1,666",€77.30,"€128,782"
04.02.2022,Friday,"Friday, 4th February 2022","€10,000,000",12 18 27 33 41,09 10,2 + 2,"23,924",€27.80,"€665,087"
04.02.2022,Friday,"Friday, 4th February 2022","€10,000,000",12 18 27 33 41,09 10,3 + 1,"35,008",€18.40,"€644,147"
04.02.2022,Friday,"Friday, 4th February 2022","€10,000,000",12 18 27 33 41,09 10,3 + 0,"76,310",€12.80,"€976,768"
04.02.2022,Friday,"Friday, 4th February 2022","€10,000,000",12 18 27 33 41,09 10,1 + 2,"126,548",€12.80,"€1,619,814"
04.02.2022,Friday,"Friday, 4th February 2022","€10,000,000",12 18 27 33 41,09 10,2 + 1,"484,142",€8.40,"€4,066,793"
11.02.2022,Friday,"Friday, 11th February 2022","€20,000,000",05 10 26 37 42,03 10,5 + 2,0,"€20,000,000","€20,000,000"
11.02.2022,Friday,"Friday, 11th February 2022","€20,000,000",05 10 26 37 42,03 10,5 + 1,3,"€649,514.40","€1,948,543"
11.02.2022,Friday,"Friday, 11th February 2022","€20,000,000",05 10 26 37 42,03 10,5 + 0,6,"€114,620.20","€687,721"
11.02.2022,Friday,"Friday, 11th February 2022","€20,000,000",05 10 26 37 42,03 10,4 + 2,45,"€5,094.20","€229,239"
11.02.2022,Friday,"Friday, 11th February 2022","€20,000,000",05 10 26 37 42,03 10,4 + 1,792,€260.50,"€206,316"
11.02.2022,Friday,"Friday, 11th February 2022","€20,000,000",05 10 26 37 42,03 10,4 + 0,"1,443",€111.20,"€160,462"
11.02.2022,Friday,"Friday, 11th February 2022","€20,000,000",05 10 26 37 42,03 10,3 + 2,"1,877",€73.20,"€137,396"
11.02.2022,Friday,"Friday, 11th February 2022","€20,000,000",05 10 26 37 42,03 10,2 + 2,"28,481",€24.90,"€709,177"
11.02.2022,Friday,"Friday, 11th February 2022","€20,000,000",05 10 26 37 42,03 10,3 + 1,"36,146",€19.00,"€686,774"
11.02.2022,Friday,"Friday, 11th February 2022","€20,000,000",05 10 26 37 42,03 10,3 + 0,"63,901",€15.40,"€984,075"
11.02.2022,Friday,"Friday, 11th February 2022","€20,000,000",05 10 26 37 42,03 10,1 + 2,"150,277",€11.80,"€1,773,269"
11.02.2022,Friday,"Friday, 11th February 2022","€20,000,000",05 10 26 37 42,03 10,2 + 1,"538,054",€8.10,"€4,358,237"
18.02.2022,Friday,"Friday, 18th February 2022","€32,000,000",05 10 25 29 32,04 07,5 + 2,0,"€32,000,000","€32,000,000"
18.02.2022,Friday,"Friday, 18th February 2022","€32,000,000",05 10 25 29 32,04 07,5 + 1,3,"€695,392.80","€2,086,178"
18.02.2022,Friday,"Friday, 18th February 2022","€32,000,000",05 10 25 29 32,04 07,5 + 0,7,"€105,185.40","€736,298"
18.02.2022,Friday,"Friday, 18th February 2022","€32,000,000",05 10 25 29 32,04 07,4 + 2,82,"€2,993.00","€245,426"
18.02.2022,Friday,"Friday, 18th February 2022","€32,000,000",05 10 25 29 32,04 07,4 + 1,"1,039",€212.50,"€220,788"
18.02.2022,Friday,"Friday, 18th February 2022","€32,000,000",05 10 25 29 32,04 07,4 + 0,"1,754",€97.90,"€171,717"
18.02.2022,Friday,"Friday, 18th February 2022","€32,000,000",05 10 25 29 32,04 07,3 + 2,"3,582",€41.10,"€147,220"
18.02.2022,Friday,"Friday, 18th February 2022","€32,000,000",05 10 25 29 32,04 07,2 + 2,"51,432",€15.40,"€792,053"
18.02.2022,Friday,"Friday, 18th February 2022","€32,000,000",05 10 25 29 32,04 07,3 + 1,"45,443",€15.40,"€699,822"
18.02.2022,Friday,"Friday, 18th February 2022","€32,000,000",05 10 25 29 32,04 07,3 + 0,"74,974",€14.00,"€1,049,636"
18.02.2022,Friday,"Friday, 18th February 2022","€32,000,000",05 10 25 29 32,04 07,1 + 2,"266,824",€7.40,"€1,974,498"
18.02.2022,Friday,"Friday, 18th February 2022","€32,000,000",05 10 25 29 32,04 07,2 + 1,"620,238",€7.40,"€4,589,761"
25.02.2022,Friday,"Friday, 25th February 2022","€44,000,000",04 19 34 41 43,01 05,5 + 2,0,"€44,000,000","€44,000,000"
25.02.2022,Friday,"Friday, 25th February 2022","€44,000,000",04 19 34 41 43,01 05,5 + 1,7,"€315,645.30","€2,209,517"
25.02.2022,Friday,"Friday, 25th February 2022","€44,000,000",04 19 34 41 43,01 05,5 + 0,4,"€194,957.40","€779,830"
25.02.2022,Friday,"Friday, 25th February 2022","€44,000,000",04 19 34 41 43,01 05,4 + 2,40,"€6,498.50","€259,940"
25.02.2022,Friday,"Friday, 25th February 2022","€44,000,000",04 19 34 41 43,01 05,4 + 1,"1,158",€202.00,"€233,916"
25.02.2022,Friday,"Friday, 25th February 2022","€44,000,000",04 19 34 41 43,01 05,4 + 0,"2,013",€90.30,"€181,774"
25.02.2022,Friday,"Friday, 25th February 2022","€44,000,000",04 19 34 41 43,01 05,3 + 2,"2,327",€67.00,"€155,909"
25.02.2022,Friday,"Friday, 25th February 2022","€44,000,000",04 19 34 41 43,01 05,2 + 2,"35,645",€22.60,"€805,577"
25.02.2022,Friday,"Friday, 25th February 2022","€44,000,000",04 19 34 41 43,01 05,3 + 1,"39,948",€19.50,"€778,986"
25.02.2022,Friday,"Friday, 25th February 2022","€44,000,000",04 19 34 41 43,01 05,3 + 0,"73,973",€15.10,"€1,116,992"
25.02.2022,Friday,"Friday, 25th February 2022","€44,000,000",04 19 34 41 43,01 05,1 + 2,"192,409",€10.50,"€2,020,295"
25.02.2022,Friday,"Friday, 25th February 2022","€44,000,000",04 19 34 41 43,01 05,2 + 1,"576,689",€8.60,"€4,959,525"
04.03.2022,Friday,"Friday, 4th March 2022","€57,000,000",01 17 20 36 49,06 09,5 + 2,0,"€57,000,000","€57,000,000"
04.03.2022,Friday,"Friday, 4th March 2022","€57,000,000",01 17 20 36 49,06 09,5 + 1,1,"€2,389,564.90","€2,389,565"
04.03.2022,Friday,"Friday, 4th March 2022","€57,000,000",01 17 20 36 49,06 09,5 + 0,10,"€84,337.50","€843,375"
04.03.2022,Friday,"Friday, 4th March 2022","€57,000,000",01 17 20 36 49,06 09,4 + 2,55,"€5,111.30","€281,122"
04.03.2022,Friday,"Friday, 4th March 2022","€57,000,000",01 17 20 36 49,06 09,4 + 1,990,€255.50,"€252,945"
04.03.2022,Friday,"Friday, 4th March 2022","€57,000,000",01 17 20 36 49,06 09,4 + 0,"1,671",€117.70,"€196,677"
04.03.2022,Friday,"Friday, 4th March 2022","€57,000,000",01 17 20 36 49,06 09,3 + 2,"2,729",€61.80,"€168,652"
04.03.2022,Friday,"Friday, 4th March 2022","€57,000,000",01 17 20 36 49,06 09,2 + 2,"38,942",€22.30,"€868,407"
04.03.2022,Friday,"Friday, 4th March 2022","€57,000,000",01 17 20 36 49,06 09,3 + 1,"42,276",€19.90,"€841,292"
04.03.2022,Friday,"Friday, 4th March 2022","€57,000,000",01 17 20 36 49,06 09,3 + 0,"75,582",€15.90,"€1,201,754"
04.03.2022,Friday,"Friday, 4th March 2022","€57,000,000",01 17 20 36 49,06 09,1 + 2,"208,922",€10.40,"€2,172,789"
04.03.2022,Friday,"Friday, 4th March 2022","€57,000,000",01 17 20 36 49,06 09,2 + 1,"626,807",€8.50,"€5,327,860"
11.03.2022,Friday,"Friday, 11th March 2022","€72,000,000",05 31 39 46 49,08 09,5 + 2,0,"€72,000,000","€72,000,000"
11.03.2022,Friday,"Friday, 11th March 2022","€72,000,000",05 31 39 46 49,08 09,5 + 1,6,"€457,490.60","€2,744,944"
11.03.2022,Friday,"Friday, 11th March 2022","€72,000,000",05 31 39 46 49,08 09,5 + 0,8,"€121,100.40","€968,803"
11.03.2022,Friday,"Friday, 11th March 2022","€72,000,000",05 31 39 46 49,08 09,4 + 2,48,"€6,727.80","€322,934"
11.03.2022,Friday,"Friday, 11th March 2022","€72,000,000",05 31 39 46 49,08 09,4 + 1,988,€294.10,"€290,571"
11.03.2022,Friday,"Friday, 11th March 2022","€72,000,000",05 31 39 46 49,08 09,4 + 0,"1,668",€135.50,"€226,014"
11.03.2022,Friday,"Friday, 11th March 2022","€72,000,000",05 31 39 46 49,08 09,3 + 2,"2,487",€77.90,"€193,737"
11.03.2022,Friday,"Friday, 11th March 2022","€72,000,000",05 31 39 46 49,08 09,2 + 2,"38,480",€26.00,"€1,000,480"
11.03.2022,Friday,"Friday, 11th March 2022","€72,000,000",05 31 39 46 49,08 09,3 + 1,"46,303",€20.90,"€967,733"
11.03.2022,Friday,"Friday, 11th March 2022","€72,000,000",05 31 39 46 49,08 09,3 + 0,"78,136",€17.70,"€1,383,007"
11.03.2022,Friday,"Friday, 11th March 2022","€72,000,000",05 31 39 46 49,08 09,1 + 2,"205,235",€12.20,"€2,503,867"
11.03.2022,Friday,"Friday, 11th March 2022","€72,000,000",05 31 39 46 49,08 09,2 + 1,"721,828",€8.50,"€6,135,538"
18.03.2022,Friday,"Friday, 18th March 2022","€45,000,000",01 08 33 38 43,02 06,5 + 2,2,"€45,000,000","€90,000,000"
18.03.2022,Friday,"Friday, 18th March 2022","€45,000,000",01 08 33 38 43,02 06,5 + 1,2,"€2,007,890.70","€4,015,781"
18.03.2022,Friday,"Friday, 18th March 2022","€45,000,000",01 08 33 38 43,02 06,5 + 0,7,"€159,470.80","€1,116,296"
18.03.2022,Friday,"Friday, 18th March 2022","€45,000,000",01 08 33 38 43,02 06,4 + 2,91,"€4,088.90","€372,090"
18.03.2022,Friday,"Friday, 18th March 2022","€45,000,000",01 08 33 38 43,02 06,4 + 1,"1,116",€300.00,"€334,800"
18.03.2022,Friday,"Friday, 18th March 2022","€45,000,000",01 08 33 38 43,02 06,4 + 0,"1,918",€135.80,"€260,464"
18.03.2022,Friday,"Friday, 18th March 2022","€45,000,000",01 08 33 38 43,02 06,3 + 2,"3,465",€64.40,"€223,146"
18.03.2022,Friday,"Friday, 18th March 2022","€45,000,000",01 08 33 38 43,02 06,2 + 2,"55,583",€20.70,"€1,150,568"
18.03.2022,Friday,"Friday, 18th March 2022","€45,000,000",01 08 33 38 43,02 06,3 + 1,"53,701",€20.70,"€1,111,611"
18.03.2022,Friday,"Friday, 18th March 2022","€45,000,000",01 08 33 38 43,02 06,3 + 0,"96,631",€16.50,"€1,594,412"
18.03.2022,Friday,"Friday, 18th March 2022","€45,000,000",01 08 33 38 43,02 06,1 + 2,"304,501",€9.50,"€2,892,760"
18.03.2022,Friday,"Friday, 18th March 2022","€45,000,000",01 08 33 38 43,02 06,2 + 1,"841,356",€8.40,"€7,067,390"
25.03.2022,Friday,"Friday, 25th March 2022","€10,000,000",11 20 31 35 46,06 10,5 + 2,0,"€10,000,000","€10,000,000"
25.03.2022,Friday,"Friday, 25th March 2022","€10,000,000",11 20 31 35 46,06 10,5 + 1,2,"€890,916.00","€1,781,832"
25.03.2022,Friday,"Friday, 25th March 2022","€10,000,000",11 20 31 35 46,06 10,5 + 0,5,"€200,974.00","€1,004,870"
25.03.2022,Friday,"Friday, 25th March 2022","€10,000,000",11 20 31 35 46,06 10,4 + 2,27,"€6,138.90","€165,750"
25.03.2022,Friday,"Friday, 25th March 2022","€10,000,000",11 20 31 35 46,06 10,4 + 1,617,€335.80,"€207,189"
25.03.2022,Friday,"Friday, 25th March 2022","€10,000,000",11 20 31 35 46,06 10,4 + 0,"1,424",€116.30,"€165,611"
25.03.2022,Friday,"Friday, 25th March 2022","€10,000,000",11 20 31 35 46,06 10,3 + 2,"1,346",€169.30,"€227,878"
25.03.2022,Friday,"Friday, 25th March 2022","€10,000,000",11 20 31 35 46,06 10,2 + 2,"19,374",€27.20,"€526,973"
25.03.2022,Friday,"Friday, 25th March 2022","€10,000,000",11 20 31 35 46,06 10,3 + 1,"26,678",€22.10,"€589,584"
25.03.2022,Friday,"Friday, 25th March 2022","€10,000,000",11 20 31 35 46,06 10,3 + 0,"60,406",€18.50,"€1,117,511"
25.03.2022,Friday,"Friday, 25th March 2022","€10,000,000",11 20 31 35 46,06 10,1 + 2,"103,553",€13.50,"€1,397,966"
25.03.2022,Friday,"Friday, 25th March 2022","€10,000,000",11 20 31 35 46,06 10,2 + 1,"393,484",€10.60,"€4,170,930"
29.03.2022,Tuesday,"Tuesday, 29th March 2022","€16,617,232",10 15 18 24 39,02 11,5 + 2,0,"€16,617,232","€16,617,232"
29.03.2022,Tuesday,"Tuesday, 29th March 2022","€16,617,232",10 15 18 24 39,02 11,5 + 1,1,"€651,307.60","€651,308"
29.03.2022,Tuesday,"Tuesday, 29th March 2022","€16,617,232",10 15 18 24 39,02 11,5 + 0,6,"€61,217.80","€367,307"
29.03.2022,Tuesday,"Tuesday, 29th March 2022","€16,617,232",10 15 18 24 39,02 11,4 + 2,7,"€8,655.20","€60,586"
29.03.2022,Tuesday,"Tuesday, 29th March 2022","€16,617,232",10 15 18 24 39,02 11,4 + 1,191,€396.50,"€75,732"
29.03.2022,Tuesday,"Tuesday, 29th March 2022","€16,617,232",10 15 18 24 39,02 11,4 + 0,514,€117.80,"€60,549"
29.03.2022,Tuesday,"Tuesday, 29th March 2022","€16,617,232",10 15 18 24 39,02 11,3 + 2,411,€202.60,"€83,269"
29.03.2022,Tuesday,"Tuesday, 29th March 2022","€16,617,232",10 15 18 24 39,02 11,2 + 2,"5,889",€32.70,"€192,570"
29.03.2022,Tuesday,"Tuesday, 29th March 2022","€16,617,232",10 15 18 24 39,02 11,3 + 1,"9,943",€21.70,"€215,763"
29.03.2022,Tuesday,"Tuesday, 29th March 2022","€16,617,232",10 15 18 24 39,02 11,3 + 0,"25,856",€16.40,"€424,038"
29.03.2022,Tuesday,"Tuesday, 29th March 2022","€16,617,232",10 15 18 24 39,02 11,1 + 2,"30,148",€16.40,"€494,427"
29.03.2022,Tuesday,"Tuesday, 29th March 2022","€16,617,232",10 15 18 24 39,02 11,2 + 1,"140,573",€10.90,"€1,532,246"
01.04.2022,Friday,"Friday, 1st April 2022",,07 08 35 37 49,05 08,5 + 2,1,€,€0
01.04.2022,Friday,"Friday, 1st April 2022",,07 08 35 37 49,05 08,5 + 1,4,"€446,950.50","€1,787,802"
01.04.2022,Friday,"Friday, 1st April 2022",,07 08 35 37 49,05 08,5 + 0,5,"€201,647.40","€1,008,237"
01.04.2022,Friday,"Friday, 1st April 2022",,07 08 35 37 49,05 08,4 + 2,65,"€2,558.50","€166,303"
01.04.2022,Friday,"Friday, 1st April 2022",,07 08 35 37 49,05 08,4 + 1,673,€308.80,"€207,822"
01.04.2022,Friday,"Friday, 1st April 2022",,07 08 35 37 49,05 08,4 + 0,"1,219",€57.40,"€69,971"
01.04.2022,Friday,"Friday, 1st April 2022",,07 08 35 37 49,05 08,3 + 2,"5,652",€57.40,"€324,425"
01.04.2022,Friday,"Friday, 1st April 2022",,07 08 35 37 49,05 08,2 + 2,"38,091",€17.00,"€647,547"
01.04.2022,Friday,"Friday, 1st April 2022",,07 08 35 37 49,05 08,3 + 1,"32,792",€17.00,"€557,464"
01.04.2022,Friday,"Friday, 1st April 2022",,07 08 35 37 49,05 08,3 + 0,"60,622",€17.00,"€1,030,574"
01.04.2022,Friday,"Friday, 1st April 2022",,07 08 35 37 49,05 08,1 + 2,"180,107",€8.50,"€1,530,910"
01.04.2022,Friday,"Friday, 1st April 2022",,07 08 35 37 49,05 08,2 + 1,"479,489",€8.50,"€4,075,657"
05.04.2022,Tuesday,"Tuesday, 5th April 2022","€10,000,000",09 10 28 38 48,08 12,5 + 2,0,"€10,000,000","€10,000,000"
05.04.2022,Tuesday,"Tuesday, 5th April 2022","€10,000,000",09 10 28 38 48,08 12,5 + 1,1,"€644,761.10","€644,761"
05.04.2022,Tuesday,"Tuesday, 5th April 2022","€10,000,000",09 10 28 38 48,08 12,5 + 0,3,"€121,205.10","€363,615"
05.04.2022,Tuesday,"Tuesday, 5th April 2022","€10,000,000",09 10 28 38 48,08 12,4 + 2,9,"€6,664.10","€59,977"
05.04.2022,Tuesday,"Tuesday, 5th April 2022","€10,000,000",09 10 28 38 48,08 12,4 + 1,215,€348.70,"€74,971"
05.04.2022,Tuesday,"Tuesday, 5th April 2022","€10,000,000",09 10 28 38 48,08 12,4 + 0,493,€121.60,"€59,949"
05.04.2022,Tuesday,"Tuesday, 5th April 2022","€10,000,000",09 10 28 38 48,08 12,3 + 2,366,€225.30,"€82,460"
05.04.2022,Tuesday,"Tuesday, 5th April 2022","€10,000,000",09 10 28 38 48,08 12,2 + 2,"5,175",€36.90,"€190,958"
05.04.2022,Tuesday,"Tuesday, 5th April 2022","€10,000,000",09 10 28 38 48,08 12,3 + 1,"9,631",€22.10,"€212,845"
05.04.2022,Tuesday,"Tuesday, 5th April 2022","€10,000,000",09 10 28 38 48,08 12,3 + 0,"23,287",€18.00,"€419,166"
05.04.2022,Tuesday,"Tuesday, 5th April 2022","€10,000,000",09 10 28 38 48,08 12,1 + 2,"27,073",€18.00,"€487,314"
05.04.2022,Tuesday,"Tuesday, 5th April 2022","€10,000,000",09 10 28 38 48,08 12,2 + 1,"137,844",€11.00,"€1,516,284"
08.04.2022,Friday,"Friday, 8th April 2022","€17,077,692",02 26 41 45 48,05 12,5 + 2,0,"€17,077,692","€17,077,692"
08.04.2022,Friday,"Friday, 8th April 2022","€17,077,692",02 26 41 45 48,05 12,5 + 1,5,"€338,156.30","€1,690,782"
08.04.2022,Friday,"Friday, 8th April 2022","€17,077,692",02 26 41 45 48,05 12,5 + 0,7,"€136,217.40","€953,522"
08.04.2022,Friday,"Friday, 8th April 2022","€17,077,692",02 26 41 45 48,05 12,4 + 2,17,"€9,251.80","€157,281"
08.04.2022,Friday,"Friday, 8th April 2022","€17,077,692",02 26 41 45 48,05 12,4 + 1,409,€480.60,"€196,565"
08.04.2022,Friday,"Friday, 8th April 2022","€17,077,692",02 26 41 45 48,05 12,4 + 0,"1,084",€145.00,"€157,180"
08.04.2022,Friday,"Friday, 8th April 2022","€17,077,692",02 26 41 45 48,05 12,3 + 2,640,€337.90,"€216,256"
08.04.2022,Friday,"Friday, 8th April 2022","€17,077,692",02 26 41 45 48,05 12,2 + 2,"9,498",€52.70,"€500,545"
08.04.2022,Friday,"Friday, 8th April 2022","€17,077,692",02 26 41 45 48,05 12,3 + 1,"19,709",€28.40,"€559,736"
08.04.2022,Friday,"Friday, 8th April 2022","€17,077,692",02 26 41 45 48,05 12,3 + 0,"54,238",€22.40,"€1,214,931"
08.04.2022,Friday,"Friday, 8th April 2022","€17,077,692",02 26 41 45 48,05 12,1 + 2,"52,275",€22.40,"€1,170,960"
08.04.2022,Friday,"Friday, 8th April 2022","€17,077,692",02 26 41 45 48,05 12,2 + 1,"297,885",€13.30,"€3,961,871"
12.04.2022,Tuesday,"Tuesday, 12th April 2022","€20,065,560",19 20 24 36 41,04 05,5 + 2,0,"€20,065,560","€20,065,560"
12.04.2022,Tuesday,"Tuesday, 12th April 2022","€20,065,560",19 20 24 36 41,04 05,5 + 1,1,"€713,768.60","€713,769"
12.04.2022,Tuesday,"Tuesday, 12th April 2022","€20,065,560",19 20 24 36 41,04 05,5 + 0,1,"€402,532.30","€402,532"
12.04.2022,Tuesday,"Tuesday, 12th April 2022","€20,065,560",19 20 24 36 41,04 05,4 + 2,12,"€5,533.00","€66,396"
12.04.2022,Tuesday,"Tuesday, 12th April 2022","€20,065,560",19 20 24 36 41,04 05,4 + 1,230,€360.80,"€82,984"
12.04.2022,Tuesday,"Tuesday, 12th April 2022","€20,065,560",19 20 24 36 41,04 05,4 + 0,509,€130.40,"€66,374"
12.04.2022,Tuesday,"Tuesday, 12th April 2022","€20,065,560",19 20 24 36 41,04 05,3 + 2,568,€160.70,"€91,278"
12.04.2022,Tuesday,"Tuesday, 12th April 2022","€20,065,560",19 20 24 36 41,04 05,2 + 2,"8,580",€24.60,"€211,068"
12.04.2022,Tuesday,"Tuesday, 12th April 2022","€20,065,560",19 20 24 36 41,04 05,3 + 1,"11,719",€20.10,"€235,552"
12.04.2022,Tuesday,"Tuesday, 12th April 2022","€20,065,560",19 20 24 36 41,04 05,3 + 0,"22,660",€19.70,"€446,402"
12.04.2022,Tuesday,"Tuesday, 12th April 2022","€20,065,560",19 20 24 36 41,04 05,1 + 2,"46,409",€12.00,"€556,908"
12.04.2022,Tuesday,"Tuesday, 12th April 2022","€20,065,560",19 20 24 36 41,04 05,2 + 1,"178,795",€9.40,"€1,680,673"
15.04.2022,Friday,"Friday, 15th April 2022","€27,011,867",02 05 10 20 24,04 07,5 + 2,0,"€27,011,867","€27,011,867"
15.04.2022,Friday,"Friday, 15th April 2022","€27,011,867",02 05 10 20 24,04 07,5 + 1,7,"€237,056.40","€1,659,395"
15.04.2022,Friday,"Friday, 15th April 2022","€27,011,867",02 05 10 20 24,04 07,5 + 0,10,"€93,582.10","€935,821"
15.04.2022,Friday,"Friday, 15th April 2022","€27,011,867",02 05 10 20 24,04 07,4 + 2,74,"€2,085.90","€154,357"
15.04.2022,Friday,"Friday, 15th April 2022","€27,011,867",02 05 10 20 24,04 07,4 + 1,"1,025",€188.20,"€192,905"
15.04.2022,Friday,"Friday, 15th April 2022","€27,011,867",02 05 10 20 24,04 07,4 + 0,"2,048",€75.30,"€154,214"
15.04.2022,Friday,"Friday, 15th April 2022","€27,011,867",02 05 10 20 24,04 07,3 + 2,"2,630",€80.70,"€212,241"
15.04.2022,Friday,"Friday, 15th April 2022","€27,011,867",02 05 10 20 24,04 07,2 + 2,"34,026",€14.60,"€496,780"
15.04.2022,Friday,"Friday, 15th April 2022","€27,011,867",02 05 10 20 24,04 07,3 + 1,"37,048",€14.60,"€540,901"
15.04.2022,Friday,"Friday, 15th April 2022","€27,011,867",02 05 10 20 24,04 07,3 + 0,"71,859",€14.40,"€1,034,770"
15.04.2022,Friday,"Friday, 15th April 2022","€27,011,867",02 05 10 20 24,04 07,1 + 2,"171,029",€8.10,"€1,385,335"
15.04.2022,Friday,"Friday, 15th April 2022","€27,011,867",02 05 10 20 24,04 07,2 + 1,"466,677",€8.10,"€3,780,084"
19.04.2022,Tuesday,"Tuesday, 19th April 2022","€29,863,488",03 07 15 17 35,03 04,5 + 2,0,"€29,863,488","€29,863,488"
19.04.2022,Tuesday,"Tuesday, 19th April 2022","€29,863,488",03 07 15 17 35,03 04,5 + 1,0,€0.00,€0
19.04.2022,Tuesday,"Tuesday, 19th April 2022","€29,863,488",03 07 15 17 35,03 04,5 + 0,5,"€76,835.30","€384,177"
19.04.2022,Tuesday,"Tuesday, 19th April 2022","€29,863,488",03 07 15 17 35,03 04,4 + 2,27,"€2,347.00","€63,369"
19.04.2022,Tuesday,"Tuesday, 19th April 2022","€29,863,488",03 07 15 17 35,03 04,4 + 1,418,€189.50,"€79,211"
19.04.2022,Tuesday,"Tuesday, 19th April 2022","€29,863,488",03 07 15 17 35,03 04,4 + 0,684,€92.60,"€63,338"
19.04.2022,Tuesday,"Tuesday, 19th April 2022","€29,863,488",03 07 15 17 35,03 04,3 + 2,874,€99.60,"€87,050"
19.04.2022,Tuesday,"Tuesday, 19th April 2022","€29,863,488",03 07 15 17 35,03 04,2 + 2,"10,223",€19.70,"€201,393"
19.04.2022,Tuesday,"Tuesday, 19th April 2022","€29,863,488",03 07 15 17 35,03 04,3 + 1,"17,125",€14.10,"€241,463"
19.04.2022,Tuesday,"Tuesday, 19th April 2022","€29,863,488",03 07 15 17 35,03 04,3 + 0,"29,021",€14.10,"€409,196"
19.04.2022,Tuesday,"Tuesday, 19th April 2022","€29,863,488",03 07 15 17 35,03 04,1 + 2,"46,548",€11.40,"€530,647"
19.04.2022,Tuesday,"Tuesday, 19th April 2022","€29,863,488",03 07 15 17 35,03 04,2 + 1,"214,313",€7.50,"€1,607,348"
22.04.2022,Friday,"Friday, 22nd April 2022","€37,478,497",02 18 28 42 50,02 11,5 + 2,0,"€37,478,497","€37,478,497"
22.04.2022,Friday,"Friday, 22nd April 2022","€37,478,497",02 18 28 42 50,02 11,5 + 1,4,"€603,179.40","€2,412,718"
22.04.2022,Friday,"Friday, 22nd April 2022","€37,478,497",02 18 28 42 50,02 11,5 + 0,5,"€195,296.70","€976,484"
22.04.2022,Friday,"Friday, 22nd April 2022","€37,478,497",02 18 28 42 50,02 11,4 + 2,22,"€7,321.30","€161,069"
22.04.2022,Friday,"Friday, 22nd April 2022","€37,478,497",02 18 28 42 50,02 11,4 + 1,491,€410.00,"€201,310"
22.04.2022,Friday,"Friday, 22nd April 2022","€37,478,497",02 18 28 42 50,02 11,4 + 0,"1,371",€117.40,"€160,955"
22.04.2022,Friday,"Friday, 22nd April 2022","€37,478,497",02 18 28 42 50,02 11,3 + 2,867,€255.40,"€221,432"
22.04.2022,Friday,"Friday, 22nd April 2022","€37,478,497",02 18 28 42 50,02 11,2 + 2,"11,882",€43.20,"€513,302"
22.04.2022,Friday,"Friday, 22nd April 2022","€37,478,497",02 18 28 42 50,02 11,3 + 1,"23,142",€24.70,"€571,607"
22.04.2022,Friday,"Friday, 22nd April 2022","€37,478,497",02 18 28 42 50,02 11,3 + 0,"60,381",€19.70,"€1,189,506"
22.04.2022,Friday,"Friday, 22nd April 2022","€37,478,497",02 18 28 42 50,02 11,1 + 2,"63,631",€19.70,"€1,253,531"
22.04.2022,Friday,"Friday, 22nd April 2022","€37,478,497",02 18 28 42 50,02 11,2 + 1,"344,622",€11.80,"€4,066,540"
26.04.2022,Tuesday,"Tuesday, 26th April 2022","€42,778,536",10 27 32 41 49,01 09,5 + 2,0,"€42,778,536","€42,778,536"
26.04.2022,Tuesday,"Tuesday, 26th April 2022","€42,778,536",10 27 32 41 49,01 09,5 + 1,3,"€275,654.70","€826,964"
26.04.2022,Tuesday,"Tuesday, 26th April 2022","€42,778,536",10 27 32 41 49,01 09,5 + 0,2,"€233,184.60","€466,369"
26.04.2022,Tuesday,"Tuesday, 26th April 2022","€42,778,536",10 27 32 41 49,01 09,4 + 2,24,"€3,205.20","€76,925"
26.04.2022,Tuesday,"Tuesday, 26th April 2022","€42,778,536",10 27 32 41 49,01 09,4 + 1,282,€340.90,"€96,134"
26.04.2022,Tuesday,"Tuesday, 26th April 2022","€42,778,536",10 27 32 41 49,01 09,4 + 0,622,€123.60,"€76,879"
26.04.2022,Tuesday,"Tuesday, 26th April 2022","€42,778,536",10 27 32 41 49,01 09,3 + 2,665,€159.00,"€105,735"
26.04.2022,Tuesday,"Tuesday, 26th April 2022","€42,778,536",10 27 32 41 49,01 09,2 + 2,"9,612",€25.50,"€245,106"
26.04.2022,Tuesday,"Tuesday, 26th April 2022","€42,778,536",10 27 32 41 49,01 09,3 + 1,"12,504",€21.90,"€273,838"
26.04.2022,Tuesday,"Tuesday, 26th April 2022","€42,778,536",10 27 32 41 49,01 09,3 + 0,"27,902",€18.60,"€518,977"
26.04.2022,Tuesday,"Tuesday, 26th April 2022","€42,778,536",10 27 32 41 49,01 09,1 + 2,"53,714",€12.00,"€644,568"
26.04.2022,Tuesday,"Tuesday, 26th April 2022","€42,778,536",10 27 32 41 49,01 09,2 + 1,"184,106",€10.60,"€1,951,524"
29.04.2022,Friday,"Friday, 29th April 2022","€51,623,978",05 06 17 18 34,01 11,5 + 2,0,"€51,623,978","€51,623,978"
29.04.2022,Friday,"Friday, 29th April 2022","€51,623,978",05 06 17 18 34,01 11,5 + 1,0,€0.00,€0
29.04.2022,Friday,"Friday, 29th April 2022","€51,623,978",05 06 17 18 34,01 11,5 + 0,8,"€134,289.50","€1,074,316"
29.04.2022,Friday,"Friday, 29th April 2022","€51,623,978",05 06 17 18 34,01 11,4 + 2,21,"€8,438.40","€177,206"
29.04.2022,Friday,"Friday, 29th April 2022","€51,623,978",05 06 17 18 34,01 11,4 + 1,518,€427.60,"€221,497"
29.04.2022,Friday,"Friday, 29th April 2022","€51,623,978",05 06 17 18 34,01 11,4 + 0,"1,705",€103.90,"€177,150"
29.04.2022,Friday,"Friday, 29th April 2022","€51,623,978",05 06 17 18 34,01 11,3 + 2,858,€283.90,"€243,586"
29.04.2022,Friday,"Friday, 29th April 2022","€51,623,978",05 06 17 18 34,01 11,2 + 2,"12,403",€45.50,"€564,337"
29.04.2022,Friday,"Friday, 29th April 2022","€51,623,978",05 06 17 18 34,01 11,3 + 1,"25,998",€24.20,"€629,152"
29.04.2022,Friday,"Friday, 29th April 2022","€51,623,978",05 06 17 18 34,01 11,3 + 0,"83,846",€18.00,"€1,509,228"
29.04.2022,Friday,"Friday, 29th April 2022","€51,623,978",05 06 17 18 34,01 11,1 + 2,"65,413",€18.00,"€1,177,434"
29.04.2022,Friday,"Friday, 29th April 2022","€51,623,978",05 06 17 18 34,01 11,2 + 1,"374,546",€12.00,"€4,494,552"
03.05.2022,Tuesday,"Tuesday, 3rd May 2022","€57,447,974",06 13 22 24 30,05 10,5 + 2,0,"€57,447,974","€57,447,974"
03.05.2022,Tuesday,"Tuesday, 3rd May 2022","€57,447,974",06 13 22 24 30,05 10,5 + 1,0,€0.00,€0
03.05.2022,Tuesday,"Tuesday, 3rd May 2022","€57,447,974",06 13 22 24 30,05 10,5 + 0,8,"€64,344.60","€514,757"
03.05.2022,Tuesday,"Tuesday, 3rd May 2022","€57,447,974",06 13 22 24 30,05 10,4 + 2,20,"€4,245.40","€84,908"
03.05.2022,Tuesday,"Tuesday, 3rd May 2022","€57,447,974",06 13 22 24 30,05 10,4 + 1,460,€230.70,"€106,122"
03.05.2022,Tuesday,"Tuesday, 3rd May 2022","€57,447,974",06 13 22 24 30,05 10,4 + 0,931,€91.20,"€84,907"
03.05.2022,Tuesday,"Tuesday, 3rd May 2022","€57,447,974",06 13 22 24 30,05 10,3 + 2,894,€130.50,"€116,667"
03.05.2022,Tuesday,"Tuesday, 3rd May 2022","€57,447,974",06 13 22 24 30,05 10,2 + 2,"12,151",€22.20,"€269,752"
03.05.2022,Tuesday,"Tuesday, 3rd May 2022","€57,447,974",06 13 22 24 30,05 10,3 + 1,"18,198",€16.60,"€302,087"
03.05.2022,Tuesday,"Tuesday, 3rd May 2022","€57,447,974",06 13 22 24 30,05 10,3 + 0,"39,714",€14.40,"€571,882"
03.05.2022,Tuesday,"Tuesday, 3rd May 2022","€57,447,974",06 13 22 24 30,05 10,1 + 2,"61,837",€11.50,"€711,126"
03.05.2022,Tuesday,"Tuesday, 3rd May 2022","€57,447,974",06 13 22 24 30,05 10,2 + 1,"230,599",€9.30,"€2,144,571"
06.05.2022,Friday,"Friday, 6th May 2022","€67,043,056",05 06 39 49 50,10 12,5 + 2,0,"€67,043,056","€67,043,056"
06.05.2022,Friday,"Friday, 6th May 2022","€67,043,056",05 06 39 49 50,10 12,5 + 1,2,"€2,438,713.90","€4,877,428"
06.05.2022,Friday,"Friday, 6th May 2022","€67,043,056",05 06 39 49 50,10 12,5 + 0,6,"€193,594.70","€1,161,568"
06.05.2022,Friday,"Friday, 6th May 2022","€67,043,056",05 06 39 49 50,10 12,4 + 2,23,"€8,330.30","€191,597"
06.05.2022,Friday,"Friday, 6th May 2022","€67,043,056",05 06 39 49 50,10 12,4 + 1,571,€419.40,"€239,477"
06.05.2022,Friday,"Friday, 6th May 2022","€67,043,056",05 06 39 49 50,10 12,4 + 0,"1,440",€133.00,"€191,520"
06.05.2022,Friday,"Friday, 6th May 2022","€67,043,056",05 06 39 49 50,10 12,3 + 2,"1,020",€258.20,"€263,364"
06.05.2022,Friday,"Friday, 6th May 2022","€67,043,056",05 06 39 49 50,10 12,2 + 2,"13,785",€44.30,"€610,676"
06.05.2022,Friday,"Friday, 6th May 2022","€67,043,056",05 06 39 49 50,10 12,3 + 1,"24,142",€28.20,"€680,804"
06.05.2022,Friday,"Friday, 6th May 2022","€67,043,056",05 06 39 49 50,10 12,3 + 0,"68,284",€20.60,"€1,406,650"
06.05.2022,Friday,"Friday, 6th May 2022","€67,043,056",05 06 39 49 50,10 12,1 + 2,"72,531",€20.60,"€1,494,139"
06.05.2022,Friday,"Friday, 6th May 2022","€67,043,056",05 06 39 49 50,10 12,2 + 1,"366,299",€13.20,"€4,835,147"
10.05.2022,Tuesday,"Tuesday, 10th May 2022","€73,797,253",03 07 34 43 50,05 10,5 + 2,0,"€73,797,253","€73,797,253"
10.05.2022,Tuesday,"Tuesday, 10th May 2022","€73,797,253",03 07 34 43 50,05 10,5 + 1,1,"€1,089,550.70","€1,089,551"
10.05.2022,Tuesday,"Tuesday, 10th May 2022","€73,797,253",03 07 34 43 50,05 10,5 + 0,1,"€614,455.90","€614,456"
10.05.2022,Tuesday,"Tuesday, 10th May 2022","€73,797,253",03 07 34 43 50,05 10,4 + 2,25,"€4,054.10","€101,353"
10.05.2022,Tuesday,"Tuesday, 10th May 2022","€73,797,253",03 07 34 43 50,05 10,4 + 1,354,€357.80,"€126,661"
10.05.2022,Tuesday,"Tuesday, 10th May 2022","€73,797,253",03 07 34 43 50,05 10,4 + 0,911,€111.20,"€101,303"
10.05.2022,Tuesday,"Tuesday, 10th May 2022","€73,797,253",03 07 34 43 50,05 10,3 + 2,939,€148.40,"€139,348"
10.05.2022,Tuesday,"Tuesday, 10th May 2022","€73,797,253",03 07 34 43 50,05 10,2 + 2,"13,504",€23.90,"€322,746"
10.05.2022,Tuesday,"Tuesday, 10th May 2022","€73,797,253",03 07 34 43 50,05 10,3 + 1,"17,075",€21.10,"€360,283"
10.05.2022,Tuesday,"Tuesday, 10th May 2022","€73,797,253",03 07 34 43 50,05 10,3 + 0,"39,641",€17.20,"€681,825"
10.05.2022,Tuesday,"Tuesday, 10th May 2022","€73,797,253",03 07 34 43 50,05 10,1 + 2,"72,739",€11.70,"€851,046"
10.05.2022,Tuesday,"Tuesday, 10th May 2022","€73,797,253",03 07 34 43 50,05 10,2 + 1,"252,477",€10.10,"€2,550,018"
13.05.2022,Friday,"Friday, 13th May 2022","€85,388,140",07 13 30 43 47,07 11,5 + 2,0,"€85,388,140","€85,388,140"
13.05.2022,Friday,"Friday, 13th May 2022","€85,388,140",07 13 30 43 47,07 11,5 + 1,3,"€829,835.50","€2,489,507"
13.05.2022,Friday,"Friday, 13th May 2022","€85,388,140",07 13 30 43 47,07 11,5 + 0,18,"€77,998.10","€1,403,966"
13.05.2022,Friday,"Friday, 13th May 2022","€85,388,140",07 13 30 43 47,07 11,4 + 2,30,"€7,719.40","€231,582"
13.05.2022,Friday,"Friday, 13th May 2022","€85,388,140",07 13 30 43 47,07 11,4 + 1,"1,094",€264.60,"€289,472"
13.05.2022,Friday,"Friday, 13th May 2022","€85,388,140",07 13 30 43 47,07 11,4 + 0,"2,399",€96.50,"€231,504"
13.05.2022,Friday,"Friday, 13th May 2022","€85,388,140",07 13 30 43 47,07 11,3 + 2,"1,546",€205.90,"€318,321"
13.05.2022,Friday,"Friday, 13th May 2022","€85,388,140",07 13 30 43 47,07 11,2 + 2,"20,836",€35.40,"€737,594"
13.05.2022,Friday,"Friday, 13th May 2022","€85,388,140",07 13 30 43 47,07 11,3 + 1,"43,472",€18.90,"€821,621"
13.05.2022,Friday,"Friday, 13th May 2022","€85,388,140",07 13 30 43 47,07 11,3 + 0,"99,440",€17.40,"€1,730,256"
13.05.2022,Friday,"Friday, 13th May 2022","€85,388,140",07 13 30 43 47,07 11,1 + 2,"102,626",€17.40,"€1,785,692"
13.05.2022,Friday,"Friday, 13th May 2022","€85,388,140",07 13 30 43 47,07 11,2 + 1,"588,656",€9.90,"€5,827,694"
17.05.2022,Tuesday,"Tuesday, 17th May 2022","€94,469,254",02 13 41 45 50,02 03,5 + 2,0,"€94,469,254","€94,469,254"
17.05.2022,Tuesday,"Tuesday, 17th May 2022","€94,469,254",02 13 41 45 50,02 03,5 + 1,1,"€1,534,087.90","€1,534,088"
17.05.2022,Tuesday,"Tuesday, 17th May 2022","€94,469,254",02 13 41 45 50,02 03,5 + 0,3,"€288,384.70","€865,154"
17.05.2022,Tuesday,"Tuesday, 17th May 2022","€94,469,254",02 13 41 45 50,02 03,4 + 2,27,"€5,285.40","€142,706"
17.05.2022,Tuesday,"Tuesday, 17th May 2022","€94,469,254",02 13 41 45 50,02 03,4 + 1,460,€387.70,"€178,342"
17.05.2022,Tuesday,"Tuesday, 17th May 2022","€94,469,254",02 13 41 45 50,02 03,4 + 0,"1,000",€142.70,"€142,700"
17.05.2022,Tuesday,"Tuesday, 17th May 2022","€94,469,254",02 13 41 45 50,02 03,3 + 2,"1,046",€187.50,"€196,125"
17.05.2022,Tuesday,"Tuesday, 17th May 2022","€94,469,254",02 13 41 45 50,02 03,2 + 2,"16,414",€27.70,"€454,668"
17.05.2022,Tuesday,"Tuesday, 17th May 2022","€94,469,254",02 13 41 45 50,02 03,3 + 1,"22,970",€22.10,"€507,637"
17.05.2022,Tuesday,"Tuesday, 17th May 2022","€94,469,254",02 13 41 45 50,02 03,3 + 0,"47,527",€20.20,"€960,045"
17.05.2022,Tuesday,"Tuesday, 17th May 2022","€94,469,254",02 13 41 45 50,02 03,1 + 2,"91,592",€13.10,"€1,199,855"
17.05.2022,Tuesday,"Tuesday, 17th May 2022","€94,469,254",02 13 41 45 50,02 03,2 + 1,"360,049",€10.00,"€3,600,490"
20.05.2022,Friday,"Friday, 20th May 2022",,04 22 28 32 47,01 02,5 + 2,1,€,€0
20.05.2022,Friday,"Friday, 20th May 2022",,04 22 28 32 47,01 02,5 + 1,5,"€674,126.50","€3,370,633"
20.05.2022,Friday,"Friday, 20th May 2022",,04 22 28 32 47,01 02,5 + 0,14,"€135,777.10","€1,900,879"
20.05.2022,Friday,"Friday, 20th May 2022",,04 22 28 32 47,01 02,4 + 2,49,"€6,398.90","€313,546"
20.05.2022,Friday,"Friday, 20th May 2022",,04 22 28 32 47,01 02,4 + 1,"1,154",€339.60,"€391,898"
20.05.2022,Friday,"Friday, 20th May 2022",,04 22 28 32 47,01 02,4 + 0,"2,559",€122.50,"€313,478"
20.05.2022,Friday,"Friday, 20th May 2022",,04 22 28 32 47,01 02,3 + 2,"2,374",€181.60,"€431,118"
20.05.2022,Friday,"Friday, 20th May 2022",,04 22 28 32 47,01 02,2 + 2,"35,172",€28.40,"€998,885"
20.05.2022,Friday,"Friday, 20th May 2022",,04 22 28 32 47,01 02,3 + 1,"54,543",€20.40,"€1,112,677"
20.05.2022,Friday,"Friday, 20th May 2022",,04 22 28 32 47,01 02,3 + 0,"122,149",€17.30,"€2,113,178"
20.05.2022,Friday,"Friday, 20th May 2022",,04 22 28 32 47,01 02,1 + 2,"194,047",€13.60,"€2,639,039"
20.05.2022,Friday,"Friday, 20th May 2022",,04 22 28 32 47,01 02,2 + 1,"793,332",€10.00,"€7,933,320"
24.05.2022,Tuesday,"Tuesday, 24th May 2022","€10,000,000",25 26 40 45 47,04 05,5 + 2,0,"€10,000,000","€10,000,000"
24.05.2022,Tuesday,"Tuesday, 24th May 2022","€10,000,000",25 26 40 45 47,04 05,5 + 1,0,€0.00,€0
24.05.2022,Tuesday,"Tuesday, 24th May 2022","€10,000,000",25 26 40 45 47,04 05,5 + 0,5,"€92,204.80","€461,024"
24.05.2022,Tuesday,"Tuesday, 24th May 2022","€10,000,000",25 26 40 45 47,04 05,4 + 2,10,"€7,604.50","€76,045"
24.05.2022,Tuesday,"Tuesday, 24th May 2022","€10,000,000",25 26 40 45 47,04 05,4 + 1,252,€377.20,"€95,054"
24.05.2022,Tuesday,"Tuesday, 24th May 2022","€10,000,000",25 26 40 45 47,04 05,4 + 0,503,€151.10,"€76,003"
24.05.2022,Tuesday,"Tuesday, 24th May 2022","€10,000,000",25 26 40 45 47,04 05,3 + 2,564,€185.30,"€104,509"
24.05.2022,Tuesday,"Tuesday, 24th May 2022","€10,000,000",25 26 40 45 47,04 05,2 + 2,"9,189",€26.30,"€241,671"
24.05.2022,Tuesday,"Tuesday, 24th May 2022","€10,000,000",25 26 40 45 47,04 05,3 + 1,"11,688",€23.10,"€269,993"
24.05.2022,Tuesday,"Tuesday, 24th May 2022","€10,000,000",25 26 40 45 47,04 05,3 + 0,"23,946",€21.40,"€512,444"
24.05.2022,Tuesday,"Tuesday, 24th May 2022","€10,000,000",25 26 40 45 47,04 05,1 + 2,"51,246",€12.50,"€640,575"
24.05.2022,Tuesday,"Tuesday, 24th May 2022","€10,000,000",25 26 40 45 47,04 05,2 + 1,"186,339",€10.30,"€1,919,292"
27.05.2022,Friday,"Friday, 27th May 2022",,08 26 29 41 48,03 05,5 + 2,1,€,€0
27.05.2022,Friday,"Friday, 27th May 2022",,08 26 29 41 48,03 05,5 + 1,6,"€407,463.30","€2,444,780"
27.05.2022,Friday,"Friday, 27th May 2022",,08 26 29 41 48,03 05,5 + 0,5,"€183,543.50","€917,718"
27.05.2022,Friday,"Friday, 27th May 2022",,08 26 29 41 48,03 05,4 + 2,36,"€4,204.80","€151,373"
27.05.2022,Friday,"Friday, 27th May 2022",,08 26 29 41 48,03 05,4 + 1,609,€310.70,"€189,216"
27.05.2022,Friday,"Friday, 27th May 2022",,08 26 29 41 48,03 05,4 + 0,"1,207",€125.40,"€151,358"
27.05.2022,Friday,"Friday, 27th May 2022",,08 26 29 41 48,03 05,3 + 2,"1,511",€137.70,"€208,065"
27.05.2022,Friday,"Friday, 27th May 2022",,08 26 29 41 48,03 05,2 + 2,"22,925",€21.00,"€481,425"
27.05.2022,Friday,"Friday, 27th May 2022",,08 26 29 41 48,03 05,3 + 1,"27,450",€19.60,"€538,020"
27.05.2022,Friday,"Friday, 27th May 2022",,08 26 29 41 48,03 05,3 + 0,"52,158",€19.50,"€1,017,081"
27.05.2022,Friday,"Friday, 27th May 2022",,08 26 29 41 48,03 05,1 + 2,"127,252",€10.00,"€1,272,520"
27.05.2022,Friday,"Friday, 27th May 2022",,08 26 29 41 48,03 05,2 + 1,"404,819",€9.40,"€3,805,299"
31.05.2022,Tuesday,"Tuesday, 31st May 2022","€10,000,000",14 30 37 39 50,04 12,5 + 2,0,"€10,000,000","€10,000,000"
31.05.2022,Tuesday,"Tuesday, 31st May 2022","€10,000,000",14 30 37 39 50,04 12,5 + 1,2,"€376,951.90","€753,904"
31.05.2022,Tuesday,"Tuesday, 31st May 2022","€10,000,000",14 30 37 39 50,04 12,5 + 0,1,"€376,951.90","€376,952"
31.05.2022,Tuesday,"Tuesday, 31st May 2022","€10,000,000",14 30 37 39 50,04 12,4 + 2,14,"€4,804.40","€67,262"
31.05.2022,Tuesday,"Tuesday, 31st May 2022","€10,000,000",14 30 37 39 50,04 12,4 + 1,192,€437.90,"€84,077"
31.05.2022,Tuesday,"Tuesday, 31st May 2022","€10,000,000",14 30 37 39 50,04 12,4 + 0,449,€205.90,"€92,449"
31.05.2022,Tuesday,"Tuesday, 31st May 2022","€10,000,000",14 30 37 39 50,04 12,3 + 2,523,€128.60,"€67,258"
31.05.2022,Tuesday,"Tuesday, 31st May 2022","€10,000,000",14 30 37 39 50,04 12,2 + 2,"5,799",€36.90,"€213,983"
31.05.2022,Tuesday,"Tuesday, 31st May 2022","€10,000,000",14 30 37 39 50,04 12,3 + 1,"9,389",€25.50,"€239,420"
31.05.2022,Tuesday,"Tuesday, 31st May 2022","€10,000,000",14 30 37 39 50,04 12,3 + 0,"23,086",€19.60,"€452,486"
31.05.2022,Tuesday,"Tuesday, 31st May 2022","€10,000,000",14 30 37 39 50,04 12,1 + 2,"31,117",€18.20,"€566,329"
31.05.2022,Tuesday,"Tuesday, 31st May 2022","€10,000,000",14 30 37 39 50,04 12,2 + 1,"142,754",€11.90,"€1,698,773"
03.06.2022,Friday,"Friday, 3rd June 2022","€16,892,675",04 22 27 39 41,01 09,5 + 2,0,"€16,892,675","€16,892,675"
03.06.2022,Friday,"Friday, 3rd June 2022","€16,892,675",04 22 27 39 41,01 09,5 + 1,6,"€274,430.50","€1,646,583"
03.06.2022,Friday,"Friday, 3rd June 2022","€16,892,675",04 22 27 39 41,01 09,5 + 0,9,"€103,177.30","€928,596"
03.06.2022,Friday,"Friday, 3rd June 2022","€16,892,675",04 22 27 39 41,01 09,4 + 2,38,"€4,030.80","€153,170"
03.06.2022,Friday,"Friday, 3rd June 2022","€16,892,675",04 22 27 39 41,01 09,4 + 1,660,€290.00,"€191,400"
03.06.2022,Friday,"Friday, 3rd June 2022","€16,892,675",04 22 27 39 41,01 09,4 + 0,"1,348",€156.20,"€210,558"
03.06.2022,Friday,"Friday, 3rd June 2022","€16,892,675",04 22 27 39 41,01 09,3 + 2,"1,404",€109.00,"€153,036"
03.06.2022,Friday,"Friday, 3rd June 2022","€16,892,675",04 22 27 39 41,01 09,2 + 2,"19,821",€24.60,"€487,597"
03.06.2022,Friday,"Friday, 3rd June 2022","€16,892,675",04 22 27 39 41,01 09,3 + 1,"26,492",€20.50,"€543,086"
03.06.2022,Friday,"Friday, 3rd June 2022","€16,892,675",04 22 27 39 41,01 09,3 + 0,"59,977",€17.20,"€1,031,604"
03.06.2022,Friday,"Friday, 3rd June 2022","€16,892,675",04 22 27 39 41,01 09,1 + 2,"104,592",€12.30,"€1,286,482"
03.06.2022,Friday,"Friday, 3rd June 2022","€16,892,675",04 22 27 39 41,01 09,2 + 1,"383,528",€10.10,"€3,873,633"
07.06.2022,Tuesday,"Tuesday, 7th June 2022","€19,991,028",05 07 45 48 49,03 08,5 + 2,0,"€19,991,028","€19,991,028"
07.06.2022,Tuesday,"Tuesday, 7th June 2022","€19,991,028",05 07 45 48 49,03 08,5 + 1,2,"€370,081.00","€740,162"
07.06.2022,Tuesday,"Tuesday, 7th June 2022","€19,991,028",05 07 45 48 49,03 08,5 + 0,0,€0.00,€0
07.06.2022,Tuesday,"Tuesday, 7th June 2022","€19,991,028",05 07 45 48 49,03 08,4 + 2,18,"€3,825.10","€68,852"
07.06.2022,Tuesday,"Tuesday, 7th June 2022","€19,991,028",05 07 45 48 49,03 08,4 + 1,238,€361.60,"€86,061"
07.06.2022,Tuesday,"Tuesday, 7th June 2022","€19,991,028",05 07 45 48 49,03 08,4 + 0,720,€136.80,"€98,496"
07.06.2022,Tuesday,"Tuesday, 7th June 2022","€19,991,028",05 07 45 48 49,03 08,3 + 2,475,€136.80,"€64,980"
07.06.2022,Tuesday,"Tuesday, 7th June 2022","€19,991,028",05 07 45 48 49,03 08,2 + 2,"11,998",€20.00,"€239,960"
07.06.2022,Tuesday,"Tuesday, 7th June 2022","€19,991,028",05 07 45 48 49,03 08,3 + 1,"11,212",€20.00,"€224,240"
07.06.2022,Tuesday,"Tuesday, 7th June 2022","€19,991,028",05 07 45 48 49,03 08,3 + 0,"23,448",€19.80,"€464,270"
07.06.2022,Tuesday,"Tuesday, 7th June 2022","€19,991,028",05 07 45 48 49,03 08,1 + 2,"66,920",€9.00,"€602,280"
07.06.2022,Tuesday,"Tuesday, 7th June 2022","€19,991,028",05 07 45 48 49,03 08,2 + 1,"190,528",€9.00,"€1,714,752"
10.06.2022,Friday,"Friday, 10th June 2022","€26,966,651",03 21 23 28 46,10 12,5 + 2,0,"€26,966,651","€26,966,651"
10.06.2022,Friday,"Friday, 10th June 2022","€26,966,651",03 21 23 28 46,10 12,5 + 1,1,"€1,666,398.60","€1,666,399"
10.06.2022,Friday,"Friday, 10th June 2022","€26,966,651",03 21 23 28 46,10 12,5 + 0,3,"€452,396.10","€1,357,188"
10.06.2022,Friday,"Friday, 10th June 2022","€26,966,651",03 21 23 28 46,10 12,4 + 2,7,"€22,144.80","€155,014"
10.06.2022,Friday,"Friday, 10th June 2022","€26,966,651",03 21 23 28 46,10 12,4 + 1,497,€389.80,"€193,731"
10.06.2022,Friday,"Friday, 10th June 2022","€26,966,651",03 21 23 28 46,10 12,4 + 0,736,€289.50,"€213,072"
10.06.2022,Friday,"Friday, 10th June 2022","€26,966,651",03 21 23 28 46,10 12,3 + 2,"1,597",€97.00,"€154,909"
10.06.2022,Friday,"Friday, 10th June 2022","€26,966,651",03 21 23 28 46,10 12,2 + 2,"11,076",€44.60,"€493,990"
10.06.2022,Friday,"Friday, 10th June 2022","€26,966,651",03 21 23 28 46,10 12,3 + 1,"21,557",€25.60,"€551,859"
10.06.2022,Friday,"Friday, 10th June 2022","€26,966,651",03 21 23 28 46,10 12,3 + 0,"72,397",€18.00,"€1,303,146"
10.06.2022,Friday,"Friday, 10th June 2022","€26,966,651",03 21 23 28 46,10 12,1 + 2,"58,290",€18.00,"€1,049,220"
10.06.2022,Friday,"Friday, 10th June 2022","€26,966,651",03 21 23 28 46,10 12,2 + 1,"309,332",€12.70,"€3,928,516"
14.06.2022,Tuesday,"Tuesday, 14th June 2022","€30,433,326",11 28 30 35 50,07 08,5 + 2,0,"€30,433,326","€30,433,326"
14.06.2022,Tuesday,"Tuesday, 14th June 2022","€30,433,326",11 28 30 35 50,07 08,5 + 1,1,"€828,150.10","€828,150"
14.06.2022,Tuesday,"Tuesday, 14th June 2022","€30,433,326",11 28 30 35 50,07 08,5 + 0,1,"€467,038.10","€467,038"
14.06.2022,Tuesday,"Tuesday, 14th June 2022","€30,433,326",11 28 30 35 50,07 08,4 + 2,14,"€5,502.60","€77,036"
14.06.2022,Tuesday,"Tuesday, 14th June 2022","€30,433,326",11 28 30 35 50,07 08,4 + 1,264,€364.70,"€96,281"
14.06.2022,Tuesday,"Tuesday, 14th June 2022","€30,433,326",11 28 30 35 50,07 08,4 + 0,636,€166.50,"€105,894"
14.06.2022,Tuesday,"Tuesday, 14th June 2022","€30,433,326",11 28 30 35 50,07 08,3 + 2,534,€144.20,"€77,003"
14.06.2022,Tuesday,"Tuesday, 14th June 2022","€30,433,326",11 28 30 35 50,07 08,2 + 2,"9,651",€25.40,"€245,135"
14.06.2022,Tuesday,"Tuesday, 14th June 2022","€30,433,326",11 28 30 35 50,07 08,3 + 1,"13,388",€20.40,"€273,115"
14.06.2022,Tuesday,"Tuesday, 14th June 2022","€30,433,326",11 28 30 35 50,07 08,3 + 0,"26,518",€19.60,"€519,753"
14.06.2022,Tuesday,"Tuesday, 14th June 2022","€30,433,326",11 28 30 35 50,07 08,1 + 2,"53,147",€12.20,"€648,393"
14.06.2022,Tuesday,"Tuesday, 14th June 2022","€30,433,326",11 28 30 35 50,07 08,2 + 1,"205,533",€9.50,"€1,952,564"
17.06.2022,Friday,"Friday, 17th June 2022","€37,590,381",01 02 23 43 45,01 09,5 + 2,0,"€37,590,381","€37,590,381"
17.06.2022,Friday,"Friday, 17th June 2022","€37,590,381",01 02 23 43 45,01 09,5 + 1,4,"€427,435.20","€1,709,741"
17.06.2022,Friday,"Friday, 17th June 2022","€37,590,381",01 02 23 43 45,01 09,5 + 0,5,"€192,842.80","€964,214"
17.06.2022,Friday,"Friday, 17th June 2022","€37,590,381",01 02 23 43 45,01 09,4 + 2,26,"€6,117.10","€159,045"
17.06.2022,Friday,"Friday, 17th June 2022","€37,590,381",01 02 23 43 45,01 09,4 + 1,499,€398.40,"€198,802"
17.06.2022,Friday,"Friday, 17th June 2022","€37,590,381",01 02 23 43 45,01 09,4 + 0,"1,294",€169.00,"€218,686"
17.06.2022,Friday,"Friday, 17th June 2022","€37,590,381",01 02 23 43 45,01 09,3 + 2,"1,043",€152.40,"€158,953"
17.06.2022,Friday,"Friday, 17th June 2022","€37,590,381",01 02 23 43 45,01 09,2 + 2,"19,771",€25.60,"€506,138"
17.06.2022,Friday,"Friday, 17th June 2022","€37,590,381",01 02 23 43 45,01 09,3 + 1,"25,033",€22.60,"€565,746"
17.06.2022,Friday,"Friday, 17th June 2022","€37,590,381",01 02 23 43 45,01 09,3 + 0,"54,234",€19.70,"€1,068,410"
17.06.2022,Friday,"Friday, 17th June 2022","€37,590,381",01 02 23 43 45,01 09,1 + 2,"109,912",€12.20,"€1,340,926"
17.06.2022,Friday,"Friday, 17th June 2022","€37,590,381",01 02 23 43 45,01 09,2 + 1,"382,376",€10.50,"€4,014,948"
21.06.2022,Tuesday,"Tuesday, 21st June 2022","€41,743,891",06 10 17 29 49,02 05,5 + 2,0,"€41,743,891","€41,743,891"
21.06.2022,Tuesday,"Tuesday, 21st June 2022","€41,743,891",06 10 17 29 49,02 05,5 + 1,1,"€901,658.70","€901,659"
21.06.2022,Tuesday,"Tuesday, 21st June 2022","€41,743,891",06 10 17 29 49,02 05,5 + 0,7,"€72,641.90","€508,493"
21.06.2022,Tuesday,"Tuesday, 21st June 2022","€41,743,891",06 10 17 29 49,02 05,4 + 2,19,"€4,414.40","€83,874"
21.06.2022,Tuesday,"Tuesday, 21st June 2022","€41,743,891",06 10 17 29 49,02 05,4 + 1,384,€273.00,"€104,832"
21.06.2022,Tuesday,"Tuesday, 21st June 2022","€41,743,891",06 10 17 29 49,02 05,4 + 0,"1,045",€110.30,"€115,264"
21.06.2022,Tuesday,"Tuesday, 21st June 2022","€41,743,891",06 10 17 29 49,02 05,3 + 2,830,€101.00,"€83,830"
21.06.2022,Tuesday,"Tuesday, 21st June 2022","€41,743,891",06 10 17 29 49,02 05,2 + 2,"13,455",€19.80,"€266,409"
21.06.2022,Tuesday,"Tuesday, 21st June 2022","€41,743,891",06 10 17 29 49,02 05,3 + 1,"16,783",€17.80,"€298,737"
21.06.2022,Tuesday,"Tuesday, 21st June 2022","€41,743,891",06 10 17 29 49,02 05,3 + 0,"34,774",€16.20,"€563,339"
21.06.2022,Tuesday,"Tuesday, 21st June 2022","€41,743,891",06 10 17 29 49,02 05,1 + 2,"67,426",€10.40,"€701,230"
21.06.2022,Tuesday,"Tuesday, 21st June 2022","€41,743,891",06 10 17 29 49,02 05,2 + 1,"237,061",€8.90,"€2,109,843"
24.06.2022,Friday,"Friday, 24th June 2022","€50,400,857",13 24 30 35 48,04 05,5 + 2,0,"€50,400,857","€50,400,857"
24.06.2022,Friday,"Friday, 24th June 2022","€50,400,857",13 24 30 35 48,04 05,5 + 1,2,"€917,865.60","€1,835,731"
24.06.2022,Friday,"Friday, 24th June 2022","€50,400,857",13 24 30 35 48,04 05,5 + 0,4,"€258,816.70","€1,035,267"
24.06.2022,Friday,"Friday, 24th June 2022","€50,400,857",13 24 30 35 48,04 05,4 + 2,26,"€6,567.90","€170,765"
24.06.2022,Friday,"Friday, 24th June 2022","€50,400,857",13 24 30 35 48,04 05,4 + 1,751,€284.20,"€213,434"
24.06.2022,Friday,"Friday, 24th June 2022","€50,400,857",13 24 30 35 48,04 05,4 + 0,"1,651",€142.20,"€234,772"
24.06.2022,Friday,"Friday, 24th June 2022","€50,400,857",13 24 30 35 48,04 05,3 + 2,"1,499",€113.90,"€170,736"
24.06.2022,Friday,"Friday, 24th June 2022","€50,400,857",13 24 30 35 48,04 05,2 + 2,"23,313",€23.30,"€543,193"
24.06.2022,Friday,"Friday, 24th June 2022","€50,400,857",13 24 30 35 48,04 05,3 + 1,"34,036",€17.90,"€609,244"
24.06.2022,Friday,"Friday, 24th June 2022","€50,400,857",13 24 30 35 48,04 05,3 + 0,"64,163",€17.90,"€1,148,518"
24.06.2022,Friday,"Friday, 24th June 2022","€50,400,857",13 24 30 35 48,04 05,1 + 2,"123,316",€11.60,"€1,430,466"
24.06.2022,Friday,"Friday, 24th June 2022","€50,400,857",13 24 30 35 48,04 05,2 + 1,"477,295",€9.00,"€4,295,655"
28.06.2022,Tuesday,"Tuesday, 28th June 2022","€56,360,751",02 10 23 29 50,03 10,5 + 2,0,"€56,360,751","€56,360,751"
28.06.2022,Tuesday,"Tuesday, 28th June 2022","€56,360,751",02 10 23 29 50,03 10,5 + 1,1,"€952,311.20","€952,311"
28.06.2022,Tuesday,"Tuesday, 28th June 2022","€56,360,751",02 10 23 29 50,03 10,5 + 0,6,"€89,509.80","€537,059"
28.06.2022,Tuesday,"Tuesday, 28th June 2022","€56,360,751",02 10 23 29 50,03 10,4 + 2,22,"€4,026.60","€88,585"
28.06.2022,Tuesday,"Tuesday, 28th June 2022","€56,360,751",02 10 23 29 50,03 10,4 + 1,387,€286.10,"€110,721"
28.06.2022,Tuesday,"Tuesday, 28th June 2022","€56,360,751",02 10 23 29 50,03 10,4 + 0,824,€147.80,"€121,787"
28.06.2022,Tuesday,"Tuesday, 28th June 2022","€56,360,751",02 10 23 29 50,03 10,3 + 2,787,€112.50,"€88,538"
28.06.2022,Tuesday,"Tuesday, 28th June 2022","€56,360,751",02 10 23 29 50,03 10,2 + 2,"12,153",€23.20,"€281,950"
28.06.2022,Tuesday,"Tuesday, 28th June 2022","€56,360,751",02 10 23 29 50,03 10,3 + 1,"16,549",€19.00,"€314,431"
28.06.2022,Tuesday,"Tuesday, 28th June 2022","€56,360,751",02 10 23 29 50,03 10,3 + 0,"34,728",€17.20,"€597,322"
28.06.2022,Tuesday,"Tuesday, 28th June 2022","€56,360,751",02 10 23 29 50,03 10,1 + 2,"62,376",€11.90,"€742,274"
28.06.2022,Tuesday,"Tuesday, 28th June 2022","€56,360,751",02 10 23 29 50,03 10,2 + 1,"234,856",€9.50,"€2,231,132"
01.07.2022,Friday,"Friday, 1st July 2022","€65,784,309",04 10 24 34 35,07 08,5 + 2,0,"€65,784,309","€65,784,309"
01.07.2022,Friday,"Friday, 1st July 2022","€65,784,309",04 10 24 34 35,07 08,5 + 1,4,"€501,827.90","€2,007,312"
01.07.2022,Friday,"Friday, 1st July 2022","€65,784,309",04 10 24 34 35,07 08,5 + 0,4,"€283,007.60","€1,132,030"
01.07.2022,Friday,"Friday, 1st July 2022","€65,784,309",04 10 24 34 35,07 08,4 + 2,23,"€8,118.50","€186,726"
01.07.2022,Friday,"Friday, 1st July 2022","€65,784,309",04 10 24 34 35,07 08,4 + 1,664,€351.50,"€233,396"
01.07.2022,Friday,"Friday, 1st July 2022","€65,784,309",04 10 24 34 35,07 08,4 + 0,"1,689",€152.00,"€256,728"
01.07.2022,Friday,"Friday, 1st July 2022","€65,784,309",04 10 24 34 35,07 08,3 + 2,"1,332",€140.10,"€186,613"
01.07.2022,Friday,"Friday, 1st July 2022","€65,784,309",04 10 24 34 35,07 08,2 + 2,"24,600",€24.10,"€592,860"
01.07.2022,Friday,"Friday, 1st July 2022","€65,784,309",04 10 24 34 35,07 08,3 + 1,"35,032",€19.10,"€669,111"
01.07.2022,Friday,"Friday, 1st July 2022","€65,784,309",04 10 24 34 35,07 08,3 + 0,"65,606",€19.10,"€1,253,075"
01.07.2022,Friday,"Friday, 1st July 2022","€65,784,309",04 10 24 34 35,07 08,1 + 2,"133,136",€11.80,"€1,571,005"
01.07.2022,Friday,"Friday, 1st July 2022","€65,784,309",04 10 24 34 35,07 08,2 + 1,"532,782",€8.80,"€4,688,482"
05.07.2022,Tuesday,"Tuesday, 5th July 2022","€72,759,199",07 16 28 36 43,02 11,5 + 2,0,"€72,759,199","€72,759,199"
05.07.2022,Tuesday,"Tuesday, 5th July 2022","€72,759,199",07 16 28 36 43,02 11,5 + 1,7,"€164,290.40","€1,150,033"
05.07.2022,Tuesday,"Tuesday, 5th July 2022","€72,759,199",07 16 28 36 43,02 11,5 + 0,15,"€43,237.60","€648,564"
05.07.2022,Tuesday,"Tuesday, 5th July 2022","€72,759,199",07 16 28 36 43,02 11,4 + 2,23,"€4,651.20","€106,978"
05.07.2022,Tuesday,"Tuesday, 5th July 2022","€72,759,199",07 16 28 36 43,02 11,4 + 1,518,€258.10,"€133,696"
05.07.2022,Tuesday,"Tuesday, 5th July 2022","€72,759,199",07 16 28 36 43,02 11,4 + 0,876,€167.90,"€147,080"
05.07.2022,Tuesday,"Tuesday, 5th July 2022","€72,759,199",07 16 28 36 43,02 11,3 + 2,"1,397",€76.50,"€106,871"
05.07.2022,Tuesday,"Tuesday, 5th July 2022","€72,759,199",07 16 28 36 43,02 11,2 + 2,"11,517",€29.60,"€340,903"
05.07.2022,Tuesday,"Tuesday, 5th July 2022","€72,759,199",07 16 28 36 43,02 11,3 + 1,"18,765",€20.30,"€380,930"
05.07.2022,Tuesday,"Tuesday, 5th July 2022","€72,759,199",07 16 28 36 43,02 11,3 + 0,"48,156",€15.00,"€722,340"
05.07.2022,Tuesday,"Tuesday, 5th July 2022","€72,759,199",07 16 28 36 43,02 11,1 + 2,"59,797",€15.00,"€896,955"
05.07.2022,Tuesday,"Tuesday, 5th July 2022","€72,759,199",07 16 28 36 43,02 11,2 + 1,"257,404",€10.50,"€2,702,742"
08.07.2022,Friday,"Friday, 8th July 2022","€83,696,116",06 10 22 30 36,08 10,5 + 2,0,"€83,696,116","€83,696,116"
08.07.2022,Friday,"Friday, 8th July 2022","€83,696,116",06 10 22 30 36,08 10,5 + 1,5,"€464,190.60","€2,320,953"
08.07.2022,Friday,"Friday, 8th July 2022","€83,696,116",06 10 22 30 36,08 10,5 + 0,8,"€163,613.70","€1,308,910"
08.07.2022,Friday,"Friday, 8th July 2022","€83,696,116",06 10 22 30 36,08 10,4 + 2,71,"€3,040.80","€215,897"
08.07.2022,Friday,"Friday, 8th July 2022","€83,696,116",06 10 22 30 36,08 10,4 + 1,"1,022",€264.00,"€269,808"
08.07.2022,Friday,"Friday, 8th July 2022","€83,696,116",06 10 22 30 36,08 10,4 + 0,"1,874",€158.40,"€296,842"
08.07.2022,Friday,"Friday, 8th July 2022","€83,696,116",06 10 22 30 36,08 10,3 + 2,"2,217",€97.30,"€215,714"
08.07.2022,Friday,"Friday, 8th July 2022","€83,696,116",06 10 22 30 36,08 10,2 + 2,"25,947",€26.50,"€687,596"
08.07.2022,Friday,"Friday, 8th July 2022","€83,696,116",06 10 22 30 36,08 10,3 + 1,"41,876",€18.30,"€766,331"
08.07.2022,Friday,"Friday, 8th July 2022","€83,696,116",06 10 22 30 36,08 10,3 + 0,"88,143",€16.50,"€1,454,360"
08.07.2022,Friday,"Friday, 8th July 2022","€83,696,116",06 10 22 30 36,08 10,1 + 2,"132,435",€13.70,"€1,814,360"
08.07.2022,Friday,"Friday, 8th July 2022","€83,696,116",06 10 22 30 36,08 10,2 + 1,"570,120",€9.60,"€5,473,152"
12.07.2022,Tuesday,"Tuesday, 12th July 2022","€92,524,496",03 16 26 30 47,01 02,5 + 2,0,"€92,524,496","€92,524,496"
12.07.2022,Tuesday,"Tuesday, 12th July 2022","€92,524,496",03 16 26 30 47,01 02,5 + 1,5,"€340,524.60","€1,702,623"
12.07.2022,Tuesday,"Tuesday, 12th July 2022","€92,524,496",03 16 26 30 47,01 02,5 + 0,2,"€340,524.60","€681,049"
12.07.2022,Tuesday,"Tuesday, 12th July 2022","€92,524,496",03 16 26 30 47,01 02,4 + 2,17,"€8,339.90","€141,778"
12.07.2022,Tuesday,"Tuesday, 12th July 2022","€92,524,496",03 16 26 30 47,01 02,4 + 1,558,€317.60,"€177,221"
12.07.2022,Tuesday,"Tuesday, 12th July 2022","€92,524,496",03 16 26 30 47,01 02,4 + 0,"1,083",€180.00,"€194,940"
12.07.2022,Tuesday,"Tuesday, 12th July 2022","€92,524,496",03 16 26 30 47,01 02,3 + 2,"1,272",€111.40,"€141,701"
12.07.2022,Tuesday,"Tuesday, 12th July 2022","€92,524,496",03 16 26 30 47,01 02,2 + 2,"15,914",€28.30,"€450,366"
12.07.2022,Tuesday,"Tuesday, 12th July 2022","€92,524,496",03 16 26 30 47,01 02,3 + 1,"24,088",€20.90,"€503,439"
12.07.2022,Tuesday,"Tuesday, 12th July 2022","€92,524,496",03 16 26 30 47,01 02,3 + 0,"54,734",€17.40,"€952,372"
12.07.2022,Tuesday,"Tuesday, 12th July 2022","€92,524,496",03 16 26 30 47,01 02,1 + 2,"87,392",€13.60,"€1,188,531"
12.07.2022,Tuesday,"Tuesday, 12th July 2022","€92,524,496",03 16 26 30 47,01 02,2 + 1,"348,168",€10.30,"€3,586,130"
15.07.2022,Friday,"Friday, 15th July 2022","€104,000,000",09 11 16 19 32,03 05,5 + 2,0,"€104,000,000","€104,000,000"
15.07.2022,Friday,"Friday, 15th July 2022","€104,000,000",09 11 16 19 32,03 05,5 + 1,4,"€790,664.20","€3,162,657"
15.07.2022,Friday,"Friday, 15th July 2022","€104,000,000",09 11 16 19 32,03 05,5 + 0,12,"€148,632.60","€1,783,591"
15.07.2022,Friday,"Friday, 15th July 2022","€104,000,000",09 11 16 19 32,03 05,4 + 2,87,"€3,381.60","€294,199"
15.07.2022,Friday,"Friday, 15th July 2022","€104,000,000",09 11 16 19 32,03 05,4 + 1,"1,452",€253.20,"€367,646"
15.07.2022,Friday,"Friday, 15th July 2022","€104,000,000",09 11 16 19 32,03 05,4 + 0,"3,741",€108.10,"€404,402"
15.07.2022,Friday,"Friday, 15th July 2022","€104,000,000",09 11 16 19 32,03 05,3 + 2,"2,875",€102.30,"€294,113"
15.07.2022,Friday,"Friday, 15th July 2022","€104,000,000",09 11 16 19 32,03 05,2 + 2,"50,806",€18.40,"€934,830"
15.07.2022,Friday,"Friday, 15th July 2022","€104,000,000",09 11 16 19 32,03 05,3 + 1,"64,903",€16.10,"€1,044,938"
15.07.2022,Friday,"Friday, 15th July 2022","€104,000,000",09 11 16 19 32,03 05,3 + 0,"124,085",€16.00,"€1,985,360"
15.07.2022,Friday,"Friday, 15th July 2022","€104,000,000",09 11 16 19 32,03 05,1 + 2,"247,010",€10.00,"€2,470,100"
15.07.2022,Friday,"Friday, 15th July 2022","€104,000,000",09 11 16 19 32,03 05,2 + 1,"894,123",€8.30,"€7,421,221"
19.07.2022,Tuesday,"Tuesday, 19th July 2022","€120,000,000",20 23 24 37 43,09 10,5 + 2,0,"€120,000,000","€120,000,000"
19.07.2022,Tuesday,"Tuesday, 19th July 2022","€120,000,000",20 23 24 37 43,09 10,5 + 1,4,"€891,788.00","€3,567,152"
19.07.2022,Tuesday,"Tuesday, 19th July 2022","€120,000,000",20 23 24 37 43,09 10,5 + 0,9,"€154,760.20","€1,392,842"
19.07.2022,Tuesday,"Tuesday, 19th July 2022","€120,000,000",20 23 24 37 43,09 10,4 + 2,40,"€5,743.60","€229,744"
19.07.2022,Tuesday,"Tuesday, 19th July 2022","€120,000,000",20 23 24 37 43,09 10,4 + 1,875,€328.20,"€287,175"
19.07.2022,Tuesday,"Tuesday, 19th July 2022","€120,000,000",20 23 24 37 43,09 10,4 + 0,"1,813",€174.20,"€315,825"
19.07.2022,Tuesday,"Tuesday, 19th July 2022","€120,000,000",20 23 24 37 43,09 10,3 + 2,"1,950",€117.80,"€229,710"
19.07.2022,Tuesday,"Tuesday, 19th July 2022","€120,000,000",20 23 24 37 43,09 10,2 + 2,"25,789",€28.30,"€729,829"
19.07.2022,Tuesday,"Tuesday, 19th July 2022","€120,000,000",20 23 24 37 43,09 10,3 + 1,"39,799",€20.50,"€815,880"
19.07.2022,Tuesday,"Tuesday, 19th July 2022","€120,000,000",20 23 24 37 43,09 10,3 + 0,"88,606",€17.50,"€1,550,605"
19.07.2022,Tuesday,"Tuesday, 19th July 2022","€120,000,000",20 23 24 37 43,09 10,1 + 2,"136,298",€14.20,"€1,935,432"
19.07.2022,Tuesday,"Tuesday, 19th July 2022","€120,000,000",20 23 24 37 43,09 10,2 + 1,"587,714",€9.90,"€5,818,369"
22.07.2022,Friday,"Friday, 22nd July 2022","€120,000,000",01 11 17 19 33,03 07,5 + 2,1,"€120,000,000","€120,000,000"
22.07.2022,Friday,"Friday, 22nd July 2022","€120,000,000",01 11 17 19 33,03 07,5 + 1,8,"€2,985,189.10","€23,881,513"
22.07.2022,Friday,"Friday, 22nd July 2022","€120,000,000",01 11 17 19 33,03 07,5 + 0,18,"€128,541.50","€2,313,747"
22.07.2022,Friday,"Friday, 22nd July 2022","€120,000,000",01 11 17 19 33,03 07,4 + 2,201,"€1,898.70","€381,639"
22.07.2022,Friday,"Friday, 22nd July 2022","€120,000,000",01 11 17 19 33,03 07,4 + 1,"2,033",€234.60,"€476,942"
22.07.2022,Friday,"Friday, 22nd July 2022","€120,000,000",01 11 17 19 33,03 07,4 + 0,"7,207",€81.80,"€589,533"
22.07.2022,Friday,"Friday, 22nd July 2022","€120,000,000",01 11 17 19 33,03 07,3 + 2,"3,861",€81.80,"€315,830"
22.07.2022,Friday,"Friday, 22nd July 2022","€120,000,000",01 11 17 19 33,03 07,2 + 2,"90,352",€15.00,"€1,355,280"
22.07.2022,Friday,"Friday, 22nd July 2022","€120,000,000",01 11 17 19 33,03 07,3 + 1,"87,765",€15.00,"€1,316,475"
22.07.2022,Friday,"Friday, 22nd July 2022","€120,000,000",01 11 17 19 33,03 07,3 + 0,"165,165",€15.00,"€2,477,475"
22.07.2022,Friday,"Friday, 22nd July 2022","€120,000,000",01 11 17 19 33,03 07,1 + 2,"419,953",€8.20,"€3,443,615"
22.07.2022,Friday,"Friday, 22nd July 2022","€120,000,000",01 11 17 19 33,03 07,2 + 1,"1,148,078",€8.20,"€9,414,240"
26.07.2022,Tuesday,"Tuesday, 26th July 2022","€10,000,000",01 02 07 24 25,02 05,5 + 2,0,"€10,000,000","€10,000,000"
26.07.2022,Tuesday,"Tuesday, 26th July 2022","€10,000,000",01 02 07 24 25,02 05,5 + 1,5,"€189,686.00","€948,430"
26.07.2022,Tuesday,"Tuesday, 26th July 2022","€10,000,000",01 02 07 24 25,02 05,5 + 0,3,"€178,290.10","€534,870"
26.07.2022,Tuesday,"Tuesday, 26th July 2022","€10,000,000",01 02 07 24 25,02 05,4 + 2,30,"€2,940.80","€88,224"
26.07.2022,Tuesday,"Tuesday, 26th July 2022","€10,000,000",01 02 07 24 25,02 05,4 + 1,545,€202.30,"€110,254"
26.07.2022,Tuesday,"Tuesday, 26th July 2022","€10,000,000",01 02 07 24 25,02 05,4 + 0,"1,248",€97.20,"€121,306"
26.07.2022,Tuesday,"Tuesday, 26th July 2022","€10,000,000",01 02 07 24 25,02 05,3 + 2,984,€89.60,"€88,166"
26.07.2022,Tuesday,"Tuesday, 26th July 2022","€10,000,000",01 02 07 24 25,02 05,2 + 2,"15,809",€17.70,"€279,819"
26.07.2022,Tuesday,"Tuesday, 26th July 2022","€10,000,000",01 02 07 24 25,02 05,3 + 1,"20,779",€15.10,"€313,763"
26.07.2022,Tuesday,"Tuesday, 26th July 2022","€10,000,000",01 02 07 24 25,02 05,3 + 0,"39,450",€15.00,"€591,750"
26.07.2022,Tuesday,"Tuesday, 26th July 2022","€10,000,000",01 02 07 24 25,02 05,1 + 2,"72,628",€10.20,"€740,806"
26.07.2022,Tuesday,"Tuesday, 26th July 2022","€10,000,000",01 02 07 24 25,02 05,2 + 1,"266,953",€8.30,"€2,215,710"
29.07.2022,Friday,"Friday, 29th July 2022","€17,076,983",14 26 29 46 50,10 11,5 + 2,0,"€17,076,983","€17,076,983"
29.07.2022,Friday,"Friday, 29th July 2022","€17,076,983",14 26 29 46 50,10 11,5 + 1,2,"€845,306.30","€1,690,613"
29.07.2022,Friday,"Friday, 29th July 2022","€17,076,983",14 26 29 46 50,10 11,5 + 0,7,"€136,203.80","€953,427"
29.07.2022,Friday,"Friday, 29th July 2022","€17,076,983",14 26 29 46 50,10 11,4 + 2,13,"€12,097.40","€157,266"
29.07.2022,Friday,"Friday, 29th July 2022","€17,076,983",14 26 29 46 50,10 11,4 + 1,492,€399.50,"€196,554"
29.07.2022,Friday,"Friday, 29th July 2022","€17,076,983",14 26 29 46 50,10 11,4 + 0,761,€284.10,"€216,200"
29.07.2022,Friday,"Friday, 29th July 2022","€17,076,983",14 26 29 46 50,10 11,3 + 2,"1,245",€126.30,"€157,244"
29.07.2022,Friday,"Friday, 29th July 2022","€17,076,983",14 26 29 46 50,10 11,2 + 2,"10,695",€46.80,"€500,526"
29.07.2022,Friday,"Friday, 29th July 2022","€17,076,983",14 26 29 46 50,10 11,3 + 1,"21,040",€26.60,"€559,664"
29.07.2022,Friday,"Friday, 29th July 2022","€17,076,983",14 26 29 46 50,10 11,3 + 0,"59,755",€20.40,"€1,219,002"
29.07.2022,Friday,"Friday, 29th July 2022","€17,076,983",14 26 29 46 50,10 11,1 + 2,"56,802",€20.40,"€1,158,761"
29.07.2022,Friday,"Friday, 29th July 2022","€17,076,983",14 26 29 46 50,10 11,2 + 1,"304,960",€13.00,"€3,964,480"
02.08.2022,Tuesday,"Tuesday, 2nd August 2022","€22,136,839",06 11 39 40 47,07 08,5 + 2,0,"€22,136,839","€22,136,839"
02.08.2022,Tuesday,"Tuesday, 2nd August 2022","€22,136,839",06 11 39 40 47,07 08,5 + 1,2,"€467,350.90","€934,702"
02.08.2022,Tuesday,"Tuesday, 2nd August 2022","€22,136,839",06 11 39 40 47,07 08,5 + 0,5,"€105,425.60","€527,128"
02.08.2022,Tuesday,"Tuesday, 2nd August 2022","€22,136,839",06 11 39 40 47,07 08,4 + 2,13,"€6,688.30","€86,948"
02.08.2022,Tuesday,"Tuesday, 2nd August 2022","€22,136,839",06 11 39 40 47,07 08,4 + 1,297,€365.90,"€108,672"
02.08.2022,Tuesday,"Tuesday, 2nd August 2022","€22,136,839",06 11 39 40 47,07 08,4 + 0,655,€182.50,"€119,538"
02.08.2022,Tuesday,"Tuesday, 2nd August 2022","€22,136,839",06 11 39 40 47,07 08,3 + 2,614,€141.60,"€86,942"
02.08.2022,Tuesday,"Tuesday, 2nd August 2022","€22,136,839",06 11 39 40 47,07 08,2 + 2,"10,474",€26.40,"€276,514"
02.08.2022,Tuesday,"Tuesday, 2nd August 2022","€22,136,839",06 11 39 40 47,07 08,3 + 1,"14,061",€22.00,"€309,342"
02.08.2022,Tuesday,"Tuesday, 2nd August 2022","€22,136,839",06 11 39 40 47,07 08,3 + 0,"28,434",€20.60,"€585,740"
02.08.2022,Tuesday,"Tuesday, 2nd August 2022","€22,136,839",06 11 39 40 47,07 08,1 + 2,"59,878",€12.20,"€730,512"
02.08.2022,Tuesday,"Tuesday, 2nd August 2022","€22,136,839",06 11 39 40 47,07 08,2 + 1,"222,373",€9.90,"€2,201,493"
05.08.2022,Friday,"Friday, 5th August 2022","€30,672,932",10 12 17 31 49,02 08,5 + 2,0,"€30,672,932","€30,672,932"
05.08.2022,Friday,"Friday, 5th August 2022","€30,672,932",10 12 17 31 49,02 08,5 + 1,7,"€257,580.30","€1,803,062"
05.08.2022,Friday,"Friday, 5th August 2022","€30,672,932",10 12 17 31 49,02 08,5 + 0,11,"€92,440.20","€1,016,842"
05.08.2022,Friday,"Friday, 5th August 2022","€30,672,932",10 12 17 31 49,02 08,4 + 2,43,"€3,900.60","€167,726"
05.08.2022,Friday,"Friday, 5th August 2022","€30,672,932",10 12 17 31 49,02 08,4 + 1,748,€280.20,"€209,590"
05.08.2022,Friday,"Friday, 5th August 2022","€30,672,932",10 12 17 31 49,02 08,4 + 0,"2,065",€111.60,"€230,454"
05.08.2022,Friday,"Friday, 5th August 2022","€30,672,932",10 12 17 31 49,02 08,3 + 2,"1,525",€109.90,"€167,598"
05.08.2022,Friday,"Friday, 5th August 2022","€30,672,932",10 12 17 31 49,02 08,2 + 2,"30,026",€18.00,"€540,468"
05.08.2022,Friday,"Friday, 5th August 2022","€30,672,932",10 12 17 31 49,02 08,3 + 1,"32,536",€18.00,"€585,648"
05.08.2022,Friday,"Friday, 5th August 2022","€30,672,932",10 12 17 31 49,02 08,3 + 0,"67,289",€16.80,"€1,130,455"
05.08.2022,Friday,"Friday, 5th August 2022","€30,672,932",10 12 17 31 49,02 08,1 + 2,"157,898",€9.00,"€1,421,082"
05.08.2022,Friday,"Friday, 5th August 2022","€30,672,932",10 12 17 31 49,02 08,2 + 1,"465,797",€9.00,"€4,192,173"
09.08.2022,Tuesday,"Tuesday, 9th August 2022","€36,733,367",23 26 36 40 44,05 10,5 + 2,0,"€36,733,367","€36,733,367"
09.08.2022,Tuesday,"Tuesday, 9th August 2022","€36,733,367",23 26 36 40 44,05 10,5 + 1,1,"€981,211.10","€981,211"
09.08.2022,Tuesday,"Tuesday, 9th August 2022","€36,733,367",23 26 36 40 44,05 10,5 + 0,2,"€276,678.70","€553,357"
09.08.2022,Tuesday,"Tuesday, 9th August 2022","€36,733,367",23 26 36 40 44,05 10,4 + 2,13,"€7,021.10","€91,274"
09.08.2022,Tuesday,"Tuesday, 9th August 2022","€36,733,367",23 26 36 40 44,05 10,4 + 1,330,€345.70,"€114,081"
09.08.2022,Tuesday,"Tuesday, 9th August 2022","€36,733,367",23 26 36 40 44,05 10,4 + 0,760,€165.10,"€125,476"
09.08.2022,Tuesday,"Tuesday, 9th August 2022","€36,733,367",23 26 36 40 44,05 10,3 + 2,690,€132.20,"€91,218"
09.08.2022,Tuesday,"Tuesday, 9th August 2022","€36,733,367",23 26 36 40 44,05 10,2 + 2,"11,899",€24.40,"€290,336"
09.08.2022,Tuesday,"Tuesday, 9th August 2022","€36,733,367",23 26 36 40 44,05 10,3 + 1,"14,507",€22.40,"€324,957"
09.08.2022,Tuesday,"Tuesday, 9th August 2022","€36,733,367",23 26 36 40 44,05 10,3 + 0,"33,343",€18.40,"€613,511"
09.08.2022,Tuesday,"Tuesday, 9th August 2022","€36,733,367",23 26 36 40 44,05 10,1 + 2,"63,866",€12.00,"€766,392"
09.08.2022,Tuesday,"Tuesday, 9th August 2022","€36,733,367",23 26 36 40 44,05 10,2 + 1,"217,300",€10.60,"€2,303,380"
12.08.2022,Friday,"Friday, 12th August 2022","€45,691,515",14 32 34 38 46,02 05,5 + 2,1,"€45,691,515","€45,691,515"
12.08.2022,Friday,"Friday, 12th August 2022","€45,691,515",14 32 34 38 46,02 05,5 + 1,4,"€472,480.70","€1,889,923"
12.08.2022,Friday,"Friday, 12th August 2022","€45,691,515",14 32 34 38 46,02 05,5 + 0,5,"€213,165.70","€1,065,829"
12.08.2022,Friday,"Friday, 12th August 2022","€45,691,515",14 32 34 38 46,02 05,4 + 2,50,"€3,516.10","€175,805"
12.08.2022,Friday,"Friday, 12th August 2022","€45,691,515",14 32 34 38 46,02 05,4 + 1,748,€293.70,"€219,688"
12.08.2022,Friday,"Friday, 12th August 2022","€45,691,515",14 32 34 38 46,02 05,4 + 0,"1,863",€129.70,"€241,631"
12.08.2022,Friday,"Friday, 12th August 2022","€45,691,515",14 32 34 38 46,02 05,3 + 2,"1,715",€102.50,"€175,788"
12.08.2022,Friday,"Friday, 12th August 2022","€45,691,515",14 32 34 38 46,02 05,2 + 2,"24,956",€22.40,"€559,014"
12.08.2022,Friday,"Friday, 12th August 2022","€45,691,515",14 32 34 38 46,02 05,3 + 1,"33,298",€18.80,"€626,002"
12.08.2022,Friday,"Friday, 12th August 2022","€45,691,515",14 32 34 38 46,02 05,3 + 0,"68,897",€17.20,"€1,185,028"
12.08.2022,Friday,"Friday, 12th August 2022","€45,691,515",14 32 34 38 46,02 05,1 + 2,"135,865",€10.90,"€1,480,929"
12.08.2022,Friday,"Friday, 12th August 2022","€45,691,515",14 32 34 38 46,02 05,2 + 1,"446,451",€9.90,"€4,419,865"
16.08.2022,Tuesday,"Tuesday, 16th August 2022","€10,000,000",04 17 32 34 49,04 09,5 + 2,0,"€10,000,000","€10,000,000"
16.08.2022,Tuesday,"Tuesday, 16th August 2022","€10,000,000",04 17 32 34 49,04 09,5 + 1,1,"€797,906.10","€797,906"
16.08.2022,Tuesday,"Tuesday, 16th August 2022","€10,000,000",04 17 32 34 49,04 09,5 + 0,5,"€89,996.30","€449,982"
16.08.2022,Tuesday,"Tuesday, 16th August 2022","€10,000,000",04 17 32 34 49,04 09,4 + 2,28,"€2,650.80","€74,222"
16.08.2022,Tuesday,"Tuesday, 16th August 2022","€10,000,000",04 17 32 34 49,04 09,4 + 1,353,€262.80,"€92,768"
16.08.2022,Tuesday,"Tuesday, 16th August 2022","€10,000,000",04 17 32 34 49,04 09,4 + 0,947,€107.70,"€101,992"
16.08.2022,Tuesday,"Tuesday, 16th August 2022","€10,000,000",04 17 32 34 49,04 09,3 + 2,727,€102.00,"€74,154"
16.08.2022,Tuesday,"Tuesday, 16th August 2022","€10,000,000",04 17 32 34 49,04 09,2 + 2,"12,765",€18.50,"€236,153"
16.08.2022,Tuesday,"Tuesday, 16th August 2022","€10,000,000",04 17 32 34 49,04 09,3 + 1,"14,181",€18.50,"€262,349"
16.08.2022,Tuesday,"Tuesday, 16th August 2022","€10,000,000",04 17 32 34 49,04 09,3 + 0,"29,085",€17.20,"€500,262"
16.08.2022,Tuesday,"Tuesday, 16th August 2022","€10,000,000",04 17 32 34 49,04 09,1 + 2,"64,054",€9.70,"€621,324"
16.08.2022,Tuesday,"Tuesday, 16th August 2022","€10,000,000",04 17 32 34 49,04 09,2 + 1,"197,236",€9.50,"€1,873,742"
19.08.2022,Friday,"Friday, 19th August 2022","€16,818,418",04 13 32 39 41,06 08,5 + 2,1,"€16,818,418","€16,818,418"
19.08.2022,Friday,"Friday, 19th August 2022","€16,818,418",04 13 32 39 41,06 08,5 + 1,4,"€407,211.00","€1,628,844"
19.08.2022,Friday,"Friday, 19th August 2022","€16,818,418",04 13 32 39 41,06 08,5 + 0,6,"€153,098.70","€918,592"
19.08.2022,Friday,"Friday, 19th August 2022","€16,818,418",04 13 32 39 41,06 08,4 + 2,28,"€5,411.40","€151,519"
19.08.2022,Friday,"Friday, 19th August 2022","€16,818,418",04 13 32 39 41,06 08,4 + 1,656,€288.70,"€189,387"
19.08.2022,Friday,"Friday, 19th August 2022","€16,818,418",04 13 32 39 41,06 08,4 + 0,"1,350",€154.30,"€208,305"
19.08.2022,Friday,"Friday, 19th August 2022","€16,818,418",04 13 32 39 41,06 08,3 + 2,"1,210",€125.20,"€151,492"
19.08.2022,Friday,"Friday, 19th August 2022","€16,818,418",04 13 32 39 41,06 08,2 + 2,"20,342",€23.70,"€482,105"
19.08.2022,Friday,"Friday, 19th August 2022","€16,818,418",04 13 32 39 41,06 08,3 + 1,"26,463",€20.30,"€537,199"
19.08.2022,Friday,"Friday, 19th August 2022","€16,818,418",04 13 32 39 41,06 08,3 + 0,"54,884",€18.60,"€1,020,842"
19.08.2022,Friday,"Friday, 19th August 2022","€16,818,418",04 13 32 39 41,06 08,1 + 2,"113,080",€11.30,"€1,277,804"
19.08.2022,Friday,"Friday, 19th August 2022","€16,818,418",04 13 32 39 41,06 08,2 + 1,"392,428",€9.70,"€3,806,552"
23.08.2022,Tuesday,"Tuesday, 23rd August 2022","€10,000,000",02 09 18 21 39,04 10,5 + 2,0,"€10,000,000","€10,000,000"
23.08.2022,Tuesday,"Tuesday, 23rd August 2022","€10,000,000",02 09 18 21 39,04 10,5 + 1,4,"€199,121.20","€796,485"
23.08.2022,Tuesday,"Tuesday, 23rd August 2022","€10,000,000",02 09 18 21 39,04 10,5 + 0,2,"€199,121.20","€398,242"
23.08.2022,Tuesday,"Tuesday, 23rd August 2022","€10,000,000",02 09 18 21 39,04 10,4 + 2,10,"€7,106.10","€71,061"
23.08.2022,Tuesday,"Tuesday, 23rd August 2022","€10,000,000",02 09 18 21 39,04 10,4 + 1,337,€263.50,"€88,800"
23.08.2022,Tuesday,"Tuesday, 23rd August 2022","€10,000,000",02 09 18 21 39,04 10,4 + 0,675,€144.70,"€97,673"
23.08.2022,Tuesday,"Tuesday, 23rd August 2022","€10,000,000",02 09 18 21 39,04 10,3 + 2,760,€93.50,"€71,060"
23.08.2022,Tuesday,"Tuesday, 23rd August 2022","€10,000,000",02 09 18 21 39,04 10,2 + 2,"8,969",€25.20,"€226,019"
23.08.2022,Tuesday,"Tuesday, 23rd August 2022","€10,000,000",02 09 18 21 39,04 10,3 + 1,"13,441",€18.80,"€252,691"
23.08.2022,Tuesday,"Tuesday, 23rd August 2022","€10,000,000",02 09 18 21 39,04 10,3 + 0,"30,963",€15.40,"€476,830"
23.08.2022,Tuesday,"Tuesday, 23rd August 2022","€10,000,000",02 09 18 21 39,04 10,1 + 2,"46,107",€13.00,"€599,391"
23.08.2022,Tuesday,"Tuesday, 23rd August 2022","€10,000,000",02 09 18 21 39,04 10,2 + 1,"185,288",€9.70,"€1,797,294"
26.08.2022,Friday,"Friday, 26th August 2022","€16,617,384",02 06 18 29 37,10 12,5 + 2,0,"€16,617,384","€16,617,384"
26.08.2022,Friday,"Friday, 26th August 2022","€16,617,384",02 06 18 29 37,10 12,5 + 1,4,"€395,204.80","€1,580,819"
26.08.2022,Friday,"Friday, 26th August 2022","€16,617,384",02 06 18 29 37,10 12,5 + 0,14,"€63,679.10","€891,507"
26.08.2022,Friday,"Friday, 26th August 2022","€16,617,384",02 06 18 29 37,10 12,4 + 2,14,"€10,503.70","€147,052"
26.08.2022,Friday,"Friday, 26th August 2022","€16,617,384",02 06 18 29 37,10 12,4 + 1,491,€374.30,"€183,781"
26.08.2022,Friday,"Friday, 26th August 2022","€16,617,384",02 06 18 29 37,10 12,4 + 0,835,€242.10,"€202,154"
26.08.2022,Friday,"Friday, 26th August 2022","€16,617,384",02 06 18 29 37,10 12,3 + 2,"1,675",€87.70,"€146,898"
26.08.2022,Friday,"Friday, 26th August 2022","€16,617,384",02 06 18 29 37,10 12,2 + 2,"10,970",€42.70,"€468,419"
26.08.2022,Friday,"Friday, 26th August 2022","€16,617,384",02 06 18 29 37,10 12,3 + 1,"20,724",€25.20,"€522,245"
26.08.2022,Friday,"Friday, 26th August 2022","€16,617,384",02 06 18 29 37,10 12,3 + 0,"70,333",€17.40,"€1,223,794"
26.08.2022,Friday,"Friday, 26th August 2022","€16,617,384",02 06 18 29 37,10 12,1 + 2,"57,767",€17.40,"€1,005,146"
26.08.2022,Friday,"Friday, 26th August 2022","€16,617,384",02 06 18 29 37,10 12,2 + 1,"294,470",€12.60,"€3,710,322"
30.08.2022,Tuesday,"Tuesday, 30th August 2022","€20,059,641",18 27 41 45 49,07 09,5 + 2,1,"€20,059,641","€20,059,641"
30.08.2022,Tuesday,"Tuesday, 30th August 2022","€20,059,641",18 27 41 45 49,07 09,5 + 1,1,"€822,316.70","€822,317"
30.08.2022,Tuesday,"Tuesday, 30th August 2022","€20,059,641",18 27 41 45 49,07 09,5 + 0,6,"€77,291.40","€463,748"
30.08.2022,Tuesday,"Tuesday, 30th August 2022","€20,059,641",18 27 41 45 49,07 09,4 + 2,18,"€4,249.60","€76,493"
30.08.2022,Tuesday,"Tuesday, 30th August 2022","€20,059,641",18 27 41 45 49,07 09,4 + 1,296,€323.00,"€95,608"
30.08.2022,Tuesday,"Tuesday, 30th August 2022","€20,059,641",18 27 41 45 49,07 09,4 + 0,757,€138.90,"€105,147"
30.08.2022,Tuesday,"Tuesday, 30th August 2022","€20,059,641",18 27 41 45 49,07 09,3 + 2,575,€133.00,"€76,475"
30.08.2022,Tuesday,"Tuesday, 30th August 2022","€20,059,641",18 27 41 45 49,07 09,2 + 2,"9,992",€24.40,"€243,805"
30.08.2022,Tuesday,"Tuesday, 30th August 2022","€20,059,641",18 27 41 45 49,07 09,3 + 1,"13,985",€19.50,"€272,708"
30.08.2022,Tuesday,"Tuesday, 30th August 2022","€20,059,641",18 27 41 45 49,07 09,3 + 0,"26,271",€19.50,"€512,285"
30.08.2022,Tuesday,"Tuesday, 30th August 2022","€20,059,641",18 27 41 45 49,07 09,1 + 2,"55,197",€11.60,"€640,285"
30.08.2022,Tuesday,"Tuesday, 30th August 2022","€20,059,641",18 27 41 45 49,07 09,2 + 1,"197,823",€9.80,"€1,938,665"
02.09.2022,Friday,"Friday, 2nd September 2022","€10,000,000",02 05 11 22 24,07 12,5 + 2,0,"€10,000,000","€10,000,000"
02.09.2022,Friday,"Friday, 2nd September 2022","€10,000,000",02 05 11 22 24,07 12,5 + 1,5,"€305,818.20","€1,529,091"
02.09.2022,Friday,"Friday, 2nd September 2022","€10,000,000",02 05 11 22 24,07 12,5 + 0,16,"€53,896.00","€862,336"
02.09.2022,Friday,"Friday, 2nd September 2022","€10,000,000",02 05 11 22 24,07 12,4 + 2,22,"€6,465.50","€142,241"
02.09.2022,Friday,"Friday, 2nd September 2022","€10,000,000",02 05 11 22 24,07 12,4 + 1,835,€222.60,"€185,871"
02.09.2022,Friday,"Friday, 2nd September 2022","€10,000,000",02 05 11 22 24,07 12,4 + 0,842,€222.60,"€187,429"
02.09.2022,Friday,"Friday, 2nd September 2022","€10,000,000",02 05 11 22 24,07 12,3 + 2,"2,250",€63.20,"€142,200"
02.09.2022,Friday,"Friday, 2nd September 2022","€10,000,000",02 05 11 22 24,07 12,2 + 2,"11,154",€40.60,"€452,852"
02.09.2022,Friday,"Friday, 2nd September 2022","€10,000,000",02 05 11 22 24,07 12,3 + 1,"29,755",€17.00,"€505,835"
02.09.2022,Friday,"Friday, 2nd September 2022","€10,000,000",02 05 11 22 24,07 12,3 + 0,"79,328",€15.80,"€1,253,382"
02.09.2022,Friday,"Friday, 2nd September 2022","€10,000,000",02 05 11 22 24,07 12,1 + 2,"56,656",€15.80,"€895,165"
02.09.2022,Friday,"Friday, 2nd September 2022","€10,000,000",02 05 11 22 24,07 12,2 + 1,"372,388",€9.60,"€3,574,925"
06.09.2022,Tuesday,"Tuesday, 6th September 2022","€13,320,757",06 10 11 20 38,03 09,5 + 2,0,"€13,320,757","€13,320,757"
06.09.2022,Tuesday,"Tuesday, 6th September 2022","€13,320,757",06 10 11 20 38,03 09,5 + 1,2,"€413,557.20","€827,114"
06.09.2022,Tuesday,"Tuesday, 6th September 2022","€13,320,757",06 10 11 20 38,03 09,5 + 0,1,"€413,557.20","€413,557"
06.09.2022,Tuesday,"Tuesday, 6th September 2022","€13,320,757",06 10 11 20 38,03 09,4 + 2,13,"€5,676.50","€73,795"
06.09.2022,Tuesday,"Tuesday, 6th September 2022","€13,320,757",06 10 11 20 38,03 09,4 + 1,343,€268.90,"€92,233"
06.09.2022,Tuesday,"Tuesday, 6th September 2022","€13,320,757",06 10 11 20 38,03 09,4 + 0,826,€122.80,"€101,433"
06.09.2022,Tuesday,"Tuesday, 6th September 2022","€13,320,757",06 10 11 20 38,03 09,3 + 2,731,€100.90,"€73,758"
06.09.2022,Tuesday,"Tuesday, 6th September 2022","€13,320,757",06 10 11 20 38,03 09,2 + 2,"12,206",€19.20,"€234,355"
06.09.2022,Tuesday,"Tuesday, 6th September 2022","€13,320,757",06 10 11 20 38,03 09,3 + 1,"14,811",€17.70,"€262,155"
06.09.2022,Tuesday,"Tuesday, 6th September 2022","€13,320,757",06 10 11 20 38,03 09,3 + 0,"31,662",€15.70,"€497,093"
06.09.2022,Tuesday,"Tuesday, 6th September 2022","€13,320,757",06 10 11 20 38,03 09,1 + 2,"64,515",€9.60,"€619,344"
06.09.2022,Tuesday,"Tuesday, 6th September 2022","€13,320,757",06 10 11 20 38,03 09,2 + 1,"206,748",€9.00,"€1,860,732"
09.09.2022,Friday,"Friday, 9th September 2022","€20,058,412",09 18 26 41 43,04 09,5 + 2,1,"€20,058,412","€20,058,412"
09.09.2022,Friday,"Friday, 9th September 2022","€20,058,412",09 18 26 41 43,04 09,5 + 1,2,"€804,775.30","€1,609,551"
09.09.2022,Friday,"Friday, 9th September 2022","€20,058,412",09 18 26 41 43,04 09,5 + 0,3,"€302,570.50","€907,712"
09.09.2022,Friday,"Friday, 9th September 2022","€20,058,412",09 18 26 41 43,04 09,4 + 2,40,"€3,743.10","€149,724"
09.09.2022,Friday,"Friday, 9th September 2022","€20,058,412",09 18 26 41 43,04 09,4 + 1,609,€307.30,"€187,146"
09.09.2022,Friday,"Friday, 9th September 2022","€20,058,412",09 18 26 41 43,04 09,4 + 0,"1,721",€119.60,"€205,832"
09.09.2022,Friday,"Friday, 9th September 2022","€20,058,412",09 18 26 41 43,04 09,3 + 2,"1,261",€118.70,"€149,681"
09.09.2022,Friday,"Friday, 9th September 2022","€20,058,412",09 18 26 41 43,04 09,2 + 2,"24,757",€19.60,"€485,237"
09.09.2022,Friday,"Friday, 9th September 2022","€20,058,412",09 18 26 41 43,04 09,3 + 1,"26,720",€19.60,"€523,712"
09.09.2022,Friday,"Friday, 9th September 2022","€20,058,412",09 18 26 41 43,04 09,3 + 0,"54,528",€18.50,"€1,008,768"
09.09.2022,Friday,"Friday, 9th September 2022","€20,058,412",09 18 26 41 43,04 09,1 + 2,"131,217",€9.60,"€1,259,683"
09.09.2022,Friday,"Friday, 9th September 2022","€20,058,412",09 18 26 41 43,04 09,2 + 1,"397,661",€9.50,"€3,777,780"
13.09.2022,Tuesday,"Tuesday, 13th September 2022","€10,000,000",20 22 26 34 40,08 12,5 + 2,0,"€10,000,000","€10,000,000"
13.09.2022,Tuesday,"Tuesday, 13th September 2022","€10,000,000",20 22 26 34 40,08 12,5 + 1,1,"€761,974.70","€761,975"
13.09.2022,Tuesday,"Tuesday, 13th September 2022","€10,000,000",20 22 26 34 40,08 12,5 + 0,1,"€429,718.20","€429,718"
13.09.2022,Tuesday,"Tuesday, 13th September 2022","€10,000,000",20 22 26 34 40,08 12,4 + 2,9,"€7,875.70","€70,881"
13.09.2022,Tuesday,"Tuesday, 13th September 2022","€10,000,000",20 22 26 34 40,08 12,4 + 1,230,€385.20,"€88,596"
13.09.2022,Tuesday,"Tuesday, 13th September 2022","€10,000,000",20 22 26 34 40,08 12,4 + 0,404,€241.20,"€97,445"
13.09.2022,Tuesday,"Tuesday, 13th September 2022","€10,000,000",20 22 26 34 40,08 12,3 + 2,541,€131.00,"€70,871"
13.09.2022,Tuesday,"Tuesday, 13th September 2022","€10,000,000",20 22 26 34 40,08 12,2 + 2,"6,189",€36.50,"€225,899"
13.09.2022,Tuesday,"Tuesday, 13th September 2022","€10,000,000",20 22 26 34 40,08 12,3 + 1,"10,325",€24.40,"€251,930"
13.09.2022,Tuesday,"Tuesday, 13th September 2022","€10,000,000",20 22 26 34 40,08 12,3 + 0,"25,663",€18.60,"€477,332"
13.09.2022,Tuesday,"Tuesday, 13th September 2022","€10,000,000",20 22 26 34 40,08 12,1 + 2,"32,162",€18.50,"€594,997"
13.09.2022,Tuesday,"Tuesday, 13th September 2022","€10,000,000",20 22 26 34 40,08 12,2 + 1,"158,309",€11.30,"€1,788,892"
16.09.2022,Friday,"Friday, 16th September 2022","€16,512,323",16 25 27 41 45,03 09,5 + 2,0,"€16,512,323","€16,512,323"
16.09.2022,Friday,"Friday, 16th September 2022","€16,512,323",16 25 27 41 45,03 09,5 + 1,1,"€1,555,721.50","€1,555,722"
16.09.2022,Friday,"Friday, 16th September 2022","€16,512,323",16 25 27 41 45,03 09,5 + 0,6,"€146,225.70","€877,354"
16.09.2022,Friday,"Friday, 16th September 2022","€16,512,323",16 25 27 41 45,03 09,4 + 2,32,"€4,522.40","€144,717"
16.09.2022,Friday,"Friday, 16th September 2022","€16,512,323",16 25 27 41 45,03 09,4 + 1,519,€348.50,"€180,872"
16.09.2022,Friday,"Friday, 16th September 2022","€16,512,323",16 25 27 41 45,03 09,4 + 0,"1,529",€134.00,"€204,886"
16.09.2022,Friday,"Friday, 16th September 2022","€16,512,323",16 25 27 41 45,03 09,3 + 2,"1,035",€134.00,"€138,690"
16.09.2022,Friday,"Friday, 16th September 2022","€16,512,323",16 25 27 41 45,03 09,2 + 2,"23,609",€20.20,"€476,902"
16.09.2022,Friday,"Friday, 16th September 2022","€16,512,323",16 25 27 41 45,03 09,3 + 1,"24,566",€20.20,"€496,233"
16.09.2022,Friday,"Friday, 16th September 2022","€16,512,323",16 25 27 41 45,03 09,3 + 0,"48,917",€19.90,"€973,448"
16.09.2022,Friday,"Friday, 16th September 2022","€16,512,323",16 25 27 41 45,03 09,1 + 2,"130,891",€9.60,"€1,256,554"
16.09.2022,Friday,"Friday, 16th September 2022","€16,512,323",16 25 27 41 45,03 09,2 + 1,"374,488",€9.60,"€3,595,085"
20.09.2022,Tuesday,"Tuesday, 20th September 2022","€19,925,110",02 13 22 36 40,03 05,5 + 2,0,"€19,925,110","€19,925,110"
20.09.2022,Tuesday,"Tuesday, 20th September 2022","€19,925,110",02 13 22 36 40,03 05,5 + 1,0,€0.00,€0
20.09.2022,Tuesday,"Tuesday, 20th September 2022","€19,925,110",02 13 22 36 40,03 05,5 + 0,4,"€114,944.50","€459,778"
20.09.2022,Tuesday,"Tuesday, 20th September 2022","€19,925,110",02 13 22 36 40,03 05,4 + 2,11,"€6,894.50","€75,840"
20.09.2022,Tuesday,"Tuesday, 20th September 2022","€19,925,110",02 13 22 36 40,03 05,4 + 1,331,€286.40,"€94,798"
20.09.2022,Tuesday,"Tuesday, 20th September 2022","€19,925,110",02 13 22 36 40,03 05,4 + 0,781,€133.50,"€104,264"
20.09.2022,Tuesday,"Tuesday, 20th September 2022","€19,925,110",02 13 22 36 40,03 05,3 + 2,661,€114.70,"€75,817"
20.09.2022,Tuesday,"Tuesday, 20th September 2022","€19,925,110",02 13 22 36 40,03 05,2 + 2,"11,282",€21.40,"€241,435"
20.09.2022,Tuesday,"Tuesday, 20th September 2022","€19,925,110",02 13 22 36 40,03 05,3 + 1,"14,462",€18.60,"€268,993"
20.09.2022,Tuesday,"Tuesday, 20th September 2022","€19,925,110",02 13 22 36 40,03 05,3 + 0,"28,206",€18.10,"€510,529"
20.09.2022,Tuesday,"Tuesday, 20th September 2022","€19,925,110",02 13 22 36 40,03 05,1 + 2,"61,129",€10.40,"€635,742"
20.09.2022,Tuesday,"Tuesday, 20th September 2022","€19,925,110",02 13 22 36 40,03 05,2 + 1,"208,555",€9.20,"€1,918,706"
23.09.2022,Friday,"Friday, 23rd September 2022","€26,773,173",20 30 38 39 44,02 12,5 + 2,0,"€26,773,173","€26,773,173"
23.09.2022,Friday,"Friday, 23rd September 2022","€26,773,173",20 30 38 39 44,02 12,5 + 1,2,"€1,225,601.50","€2,451,203"
23.09.2022,Friday,"Friday, 23rd September 2022","€26,773,173",20 30 38 39 44,02 12,5 + 0,3,"€307,528.70","€922,586"
23.09.2022,Friday,"Friday, 23rd September 2022","€26,773,173",20 30 38 39 44,02 12,4 + 2,17,"€8,951.70","€152,179"
23.09.2022,Friday,"Friday, 23rd September 2022","€26,773,173",20 30 38 39 44,02 12,4 + 1,396,€480.30,"€190,199"
23.09.2022,Friday,"Friday, 23rd September 2022","€26,773,173",20 30 38 39 44,02 12,4 + 0,787,€265.80,"€209,185"
23.09.2022,Friday,"Friday, 23rd September 2022","€26,773,173",20 30 38 39 44,02 12,3 + 2,"1,097",€138.70,"€152,154"
23.09.2022,Friday,"Friday, 23rd September 2022","€26,773,173",20 30 38 39 44,02 12,2 + 2,"11,191",€43.30,"€484,570"
23.09.2022,Friday,"Friday, 23rd September 2022","€26,773,173",20 30 38 39 44,02 12,3 + 1,"19,087",€28.40,"€542,071"
23.09.2022,Friday,"Friday, 23rd September 2022","€26,773,173",20 30 38 39 44,02 12,3 + 0,"50,966",€20.60,"€1,049,900"
23.09.2022,Friday,"Friday, 23rd September 2022","€26,773,173",20 30 38 39 44,02 12,1 + 2,"60,945",€20.60,"€1,255,467"
23.09.2022,Friday,"Friday, 23rd September 2022","€26,773,173",20 30 38 39 44,02 12,2 + 1,"304,079",€12.60,"€3,831,395"
27.09.2022,Tuesday,"Tuesday, 27th September 2022","€30,557,239",15 23 26 31 44,01 08,5 + 2,0,"€30,557,239","€30,557,239"
27.09.2022,Tuesday,"Tuesday, 27th September 2022","€30,557,239",15 23 26 31 44,01 08,5 + 1,1,"€903,971.50","€903,972"
27.09.2022,Tuesday,"Tuesday, 27th September 2022","€30,557,239",15 23 26 31 44,01 08,5 + 0,4,"€127,449.40","€509,798"
27.09.2022,Tuesday,"Tuesday, 27th September 2022","€30,557,239",15 23 26 31 44,01 08,4 + 2,17,"€4,946.40","€84,089"
27.09.2022,Tuesday,"Tuesday, 27th September 2022","€30,557,239",15 23 26 31 44,01 08,4 + 1,359,€292.70,"€105,079"
27.09.2022,Tuesday,"Tuesday, 27th September 2022","€30,557,239",15 23 26 31 44,01 08,4 + 0,795,€145.40,"€115,593"
27.09.2022,Tuesday,"Tuesday, 27th September 2022","€30,557,239",15 23 26 31 44,01 08,3 + 2,777,€108.20,"€84,071"
27.09.2022,Tuesday,"Tuesday, 27th September 2022","€30,557,239",15 23 26 31 44,01 08,2 + 2,"10,514",€25.40,"€267,056"
27.09.2022,Tuesday,"Tuesday, 27th September 2022","€30,557,239",15 23 26 31 44,01 08,3 + 1,"15,153",€19.70,"€298,514"
27.09.2022,Tuesday,"Tuesday, 27th September 2022","€30,557,239",15 23 26 31 44,01 08,3 + 0,"33,827",€16.70,"€564,911"
27.09.2022,Tuesday,"Tuesday, 27th September 2022","€30,557,239",15 23 26 31 44,01 08,1 + 2,"56,110",€12.60,"€706,986"
27.09.2022,Tuesday,"Tuesday, 27th September 2022","€30,557,239",15 23 26 31 44,01 08,2 + 1,"214,040",€9.90,"€2,118,996"
30.09.2022,Friday,"Friday, 30th September 2022","€37,969,477",08 12 15 17 46,01 08,5 + 2,0,"€37,969,477","€37,969,477"
30.09.2022,Friday,"Friday, 30th September 2022","€37,969,477",08 12 15 17 46,01 08,5 + 1,2,"€885,350.60","€1,770,701"
30.09.2022,Friday,"Friday, 30th September 2022","€37,969,477",08 12 15 17 46,01 08,5 + 0,2,"€499,296.50","€998,593"
30.09.2022,Friday,"Friday, 30th September 2022","€37,969,477",08 12 15 17 46,01 08,4 + 2,36,"€4,575.40","€164,714"
30.09.2022,Friday,"Friday, 30th September 2022","€37,969,477",08 12 15 17 46,01 08,4 + 1,665,€309.60,"€205,884"
30.09.2022,Friday,"Friday, 30th September 2022","€37,969,477",08 12 15 17 46,01 08,4 + 0,"1,569",€144.30,"€226,407"
30.09.2022,Friday,"Friday, 30th September 2022","€37,969,477",08 12 15 17 46,01 08,3 + 2,"1,371",€120.10,"€164,657"
30.09.2022,Friday,"Friday, 30th September 2022","€37,969,477",08 12 15 17 46,01 08,2 + 2,"24,206",€21.60,"€522,850"
30.09.2022,Friday,"Friday, 30th September 2022","€37,969,477",08 12 15 17 46,01 08,3 + 1,"32,054",€18.30,"€586,588"
30.09.2022,Friday,"Friday, 30th September 2022","€37,969,477",08 12 15 17 46,01 08,3 + 0,"66,894",€16.60,"€1,110,440"
30.09.2022,Friday,"Friday, 30th September 2022","€37,969,477",08 12 15 17 46,01 08,1 + 2,"122,096",€11.30,"€1,379,685"
30.09.2022,Friday,"Friday, 30th September 2022","€37,969,477",08 12 15 17 46,01 08,2 + 1,"459,626",€9.00,"€4,136,634"
04.10.2022,Tuesday,"Tuesday, 4th October 2022","€41,966,038",17 42 43 48 49,03 07,5 + 2,0,"€41,966,038","€41,966,038"
04.10.2022,Tuesday,"Tuesday, 4th October 2022","€41,966,038",17 42 43 48 49,03 07,5 + 1,2,"€477,366.90","€954,734"
04.10.2022,Tuesday,"Tuesday, 4th October 2022","€41,966,038",17 42 43 48 49,03 07,5 + 0,4,"€134,606.30","€538,425"
04.10.2022,Tuesday,"Tuesday, 4th October 2022","€41,966,038",17 42 43 48 49,03 07,4 + 2,21,"€4,229.10","€88,811"
04.10.2022,Tuesday,"Tuesday, 4th October 2022","€41,966,038",17 42 43 48 49,03 07,4 + 1,307,€361.60,"€111,011"
04.10.2022,Tuesday,"Tuesday, 4th October 2022","€41,966,038",17 42 43 48 49,03 07,4 + 0,944,€137.30,"€129,611"
04.10.2022,Tuesday,"Tuesday, 4th October 2022","€41,966,038",17 42 43 48 49,03 07,3 + 2,592,€137.30,"€81,282"
04.10.2022,Tuesday,"Tuesday, 4th October 2022","€41,966,038",17 42 43 48 49,03 07,2 + 2,"16,133",€20.70,"€333,953"
04.10.2022,Tuesday,"Tuesday, 4th October 2022","€41,966,038",17 42 43 48 49,03 07,3 + 1,"13,548",€20.70,"€280,444"
04.10.2022,Tuesday,"Tuesday, 4th October 2022","€41,966,038",17 42 43 48 49,03 07,3 + 0,"28,185",€20.70,"€583,430"
04.10.2022,Tuesday,"Tuesday, 4th October 2022","€41,966,038",17 42 43 48 49,03 07,1 + 2,"95,321",€9.50,"€905,550"
04.10.2022,Tuesday,"Tuesday, 4th October 2022","€41,966,038",17 42 43 48 49,03 07,2 + 1,"218,665",€9.50,"€2,077,318"
07.10.2022,Friday,"Friday, 7th October 2022","€49,824,266",16 17 26 30 35,03 09,5 + 2,0,"€49,824,266","€49,824,266"
07.10.2022,Friday,"Friday, 7th October 2022","€49,824,266",16 17 26 30 35,03 09,5 + 1,0,€0.00,€0
07.10.2022,Friday,"Friday, 7th October 2022","€49,824,266",16 17 26 30 35,03 09,5 + 0,1,"€999,999.99","€1,000,000"
07.10.2022,Friday,"Friday, 7th October 2022","€49,824,266",16 17 26 30 35,03 09,4 + 2,36,"€4,850.70","€174,625"
07.10.2022,Friday,"Friday, 7th October 2022","€49,824,266",16 17 26 30 35,03 09,4 + 1,617,€353.70,"€218,233"
07.10.2022,Friday,"Friday, 7th October 2022","€49,824,266",16 17 26 30 35,03 09,4 + 0,"1,819",€137.80,"€250,658"
07.10.2022,Friday,"Friday, 7th October 2022","€49,824,266",16 17 26 30 35,03 09,3 + 2,"1,190",€137.80,"€163,982"
07.10.2022,Friday,"Friday, 7th October 2022","€49,824,266",16 17 26 30 35,03 09,2 + 2,"28,826",€19.80,"€570,755"
07.10.2022,Friday,"Friday, 7th October 2022","€49,824,266",16 17 26 30 35,03 09,3 + 1,"30,640",€19.80,"€606,672"
07.10.2022,Friday,"Friday, 7th October 2022","€49,824,266",16 17 26 30 35,03 09,3 + 0,"62,551",€18.80,"€1,175,959"
07.10.2022,Friday,"Friday, 7th October 2022","€49,824,266",16 17 26 30 35,03 09,1 + 2,"160,942",€9.40,"€1,512,855"
07.10.2022,Friday,"Friday, 7th October 2022","€49,824,266",16 17 26 30 35,03 09,2 + 1,"463,250",€9.40,"€4,354,550"
11.10.2022,Tuesday,"Tuesday, 11th October 2022","€54,479,418",07 35 36 39 47,03 08,5 + 2,0,"€54,479,418","€54,479,418"
11.10.2022,Tuesday,"Tuesday, 11th October 2022","€54,479,418",07 35 36 39 47,03 08,5 + 1,3,"€996,435.80","€2,989,307"
11.10.2022,Tuesday,"Tuesday, 11th October 2022","€54,479,418",07 35 36 39 47,03 08,5 + 0,3,"€209,050.70","€627,152"
11.10.2022,Tuesday,"Tuesday, 11th October 2022","€54,479,418",07 35 36 39 47,03 08,4 + 2,18,"€5,747.10","€103,448"
11.10.2022,Tuesday,"Tuesday, 11th October 2022","€54,479,418",07 35 36 39 47,03 08,4 + 1,343,€376.90,"€129,277"
11.10.2022,Tuesday,"Tuesday, 11th October 2022","€54,479,418",07 35 36 39 47,03 08,4 + 0,"1,191",€124.60,"€148,399"
11.10.2022,Tuesday,"Tuesday, 11th October 2022","€54,479,418",07 35 36 39 47,03 08,3 + 2,780,€124.60,"€97,188"
11.10.2022,Tuesday,"Tuesday, 11th October 2022","€54,479,418",07 35 36 39 47,03 08,2 + 2,"17,277",€19.60,"€338,629"
11.10.2022,Tuesday,"Tuesday, 11th October 2022","€54,479,418",07 35 36 39 47,03 08,3 + 1,"18,245",€19.60,"€357,602"
11.10.2022,Tuesday,"Tuesday, 11th October 2022","€54,479,418",07 35 36 39 47,03 08,3 + 0,"37,941",€18.40,"€698,114"
11.10.2022,Tuesday,"Tuesday, 11th October 2022","€54,479,418",07 35 36 39 47,03 08,1 + 2,"93,535",€9.50,"€888,583"
11.10.2022,Tuesday,"Tuesday, 11th October 2022","€54,479,418",07 35 36 39 47,03 08,2 + 1,"274,076",€9.50,"€2,603,722"
14.10.2022,Friday,"Friday, 14th October 2022","€63,747,453",03 05 08 10 44,07 12,5 + 2,0,"€63,747,453","€63,747,453"
14.10.2022,Friday,"Friday, 14th October 2022","€63,747,453",03 05 08 10 44,07 12,5 + 1,4,"€523,155.70","€2,092,623"
14.10.2022,Friday,"Friday, 14th October 2022","€63,747,453",03 05 08 10 44,07 12,5 + 0,12,"€98,345.10","€1,180,141"
14.10.2022,Friday,"Friday, 14th October 2022","€63,747,453",03 05 08 10 44,07 12,4 + 2,22,"€8,848.30","€194,663"
14.10.2022,Friday,"Friday, 14th October 2022","€63,747,453",03 05 08 10 44,07 12,4 + 1,890,€273.40,"€243,326"
14.10.2022,Friday,"Friday, 14th October 2022","€63,747,453",03 05 08 10 44,07 12,4 + 0,"1,212",€220.80,"€267,610"
14.10.2022,Friday,"Friday, 14th October 2022","€63,747,453",03 05 08 10 44,07 12,3 + 2,"2,387",€81.50,"€194,541"
14.10.2022,Friday,"Friday, 14th October 2022","€63,747,453",03 05 08 10 44,07 12,2 + 2,"16,505",€37.50,"€618,938"
14.10.2022,Friday,"Friday, 14th October 2022","€63,747,453",03 05 08 10 44,07 12,3 + 1,"35,231",€19.60,"€690,528"
14.10.2022,Friday,"Friday, 14th October 2022","€63,747,453",03 05 08 10 44,07 12,3 + 0,"95,542",€16.20,"€1,547,780"
14.10.2022,Friday,"Friday, 14th October 2022","€63,747,453",03 05 08 10 44,07 12,1 + 2,"86,263",€16.20,"€1,397,461"
14.10.2022,Friday,"Friday, 14th October 2022","€63,747,453",03 05 08 10 44,07 12,2 + 1,"488,633",€10.10,"€4,935,193"
18.10.2022,Tuesday,"Tuesday, 18th October 2022","€71,395,574",13 18 24 34 50,05 06,5 + 2,0,"€71,395,574","€71,395,574"
18.10.2022,Tuesday,"Tuesday, 18th October 2022","€71,395,574",13 18 24 34 50,05 06,5 + 1,1,"€1,299,057.00","€1,299,057"
18.10.2022,Tuesday,"Tuesday, 18th October 2022","€71,395,574",13 18 24 34 50,05 06,5 + 0,2,"€366,303.80","€732,608"
18.10.2022,Tuesday,"Tuesday, 18th October 2022","€71,395,574",13 18 24 34 50,05 06,4 + 2,24,"€5,035.10","€120,842"
18.10.2022,Tuesday,"Tuesday, 18th October 2022","€71,395,574",13 18 24 34 50,05 06,4 + 1,479,€315.30,"€151,029"
18.10.2022,Tuesday,"Tuesday, 18th October 2022","€71,395,574",13 18 24 34 50,05 06,4 + 0,"1,075",€154.50,"€166,088"
18.10.2022,Tuesday,"Tuesday, 18th October 2022","€71,395,574",13 18 24 34 50,05 06,3 + 2,968,€124.80,"€120,806"
18.10.2022,Tuesday,"Tuesday, 18th October 2022","€71,395,574",13 18 24 34 50,05 06,2 + 2,"16,659",€23.10,"€384,823"
18.10.2022,Tuesday,"Tuesday, 18th October 2022","€71,395,574",13 18 24 34 50,05 06,3 + 1,"23,009",€18.70,"€430,268"
18.10.2022,Tuesday,"Tuesday, 18th October 2022","€71,395,574",13 18 24 34 50,05 06,3 + 0,"47,004",€17.30,"€813,169"
18.10.2022,Tuesday,"Tuesday, 18th October 2022","€71,395,574",13 18 24 34 50,05 06,1 + 2,"85,687",€11.80,"€1,011,107"
18.10.2022,Tuesday,"Tuesday, 18th October 2022","€71,395,574",13 18 24 34 50,05 06,2 + 1,"333,873",€9.10,"€3,038,244"
21.10.2022,Friday,"Friday, 21st October 2022","€82,890,844",02 11 18 47 49,02 07,5 + 2,0,"€82,890,844","€82,890,844"
21.10.2022,Friday,"Friday, 21st October 2022","€82,890,844",02 11 18 47 49,02 07,5 + 1,4,"€602,950.10","€2,411,800"
21.10.2022,Friday,"Friday, 21st October 2022","€82,890,844",02 11 18 47 49,02 07,5 + 0,6,"€226,690.50","€1,360,143"
21.10.2022,Friday,"Friday, 21st October 2022","€82,890,844",02 11 18 47 49,02 07,4 + 2,57,"€3,936.00","€224,352"
21.10.2022,Friday,"Friday, 21st October 2022","€82,890,844",02 11 18 47 49,02 07,4 + 1,883,€317.60,"€280,441"
21.10.2022,Friday,"Friday, 21st October 2022","€82,890,844",02 11 18 47 49,02 07,4 + 0,"2,826",€116.90,"€330,359"
21.10.2022,Friday,"Friday, 21st October 2022","€82,890,844",02 11 18 47 49,02 07,3 + 2,"1,730",€116.90,"€202,237"
21.10.2022,Friday,"Friday, 21st October 2022","€82,890,844",02 11 18 47 49,02 07,2 + 2,"40,022",€18.80,"€752,414"
21.10.2022,Friday,"Friday, 21st October 2022","€82,890,844",02 11 18 47 49,02 07,3 + 1,"41,263",€18.80,"€775,744"
21.10.2022,Friday,"Friday, 21st October 2022","€82,890,844",02 11 18 47 49,02 07,3 + 0,"79,557",€18.80,"€1,495,672"
21.10.2022,Friday,"Friday, 21st October 2022","€82,890,844",02 11 18 47 49,02 07,1 + 2,"205,185",€9.20,"€1,887,702"
21.10.2022,Friday,"Friday, 21st October 2022","€82,890,844",02 11 18 47 49,02 07,2 + 1,"620,866",€9.10,"€5,649,881"
25.10.2022,Tuesday,"Tuesday, 25th October 2022","€92,493,325",17 26 35 37 39,03 04,5 + 2,0,"€92,493,325","€92,493,325"
25.10.2022,Tuesday,"Tuesday, 25th October 2022","€92,493,325",17 26 35 37 39,03 04,5 + 1,3,"€559,393.40","€1,678,180"
25.10.2022,Tuesday,"Tuesday, 25th October 2022","€92,493,325",17 26 35 37 39,03 04,5 + 0,5,"€189,283.10","€946,416"
25.10.2022,Tuesday,"Tuesday, 25th October 2022","€92,493,325",17 26 35 37 39,03 04,4 + 2,35,"€4,460.20","€156,107"
25.10.2022,Tuesday,"Tuesday, 25th October 2022","€92,493,325",17 26 35 37 39,03 04,4 + 1,759,€257.00,"€195,063"
25.10.2022,Tuesday,"Tuesday, 25th October 2022","€92,493,325",17 26 35 37 39,03 04,4 + 0,"1,551",€138.30,"€214,503"
25.10.2022,Tuesday,"Tuesday, 25th October 2022","€92,493,325",17 26 35 37 39,03 04,3 + 2,"1,424",€109.60,"€156,070"
25.10.2022,Tuesday,"Tuesday, 25th October 2022","€92,493,325",17 26 35 37 39,03 04,2 + 2,"20,582",€24.10,"€496,026"
25.10.2022,Tuesday,"Tuesday, 25th October 2022","€92,493,325",17 26 35 37 39,03 04,3 + 1,"33,925",€16.80,"€569,940"
25.10.2022,Tuesday,"Tuesday, 25th October 2022","€92,493,325",17 26 35 37 39,03 04,3 + 0,"61,687",€16.80,"€1,036,342"
25.10.2022,Tuesday,"Tuesday, 25th October 2022","€92,493,325",17 26 35 37 39,03 04,1 + 2,"105,272",€12.50,"€1,315,900"
25.10.2022,Tuesday,"Tuesday, 25th October 2022","€92,493,325",17 26 35 37 39,03 04,2 + 1,"446,475",€8.80,"€3,928,980"
28.10.2022,Friday,"Friday, 28th October 2022","€107,896,780",04 05 21 30 43,05 11,5 + 2,0,"€107,896,780","€107,896,780"
28.10.2022,Friday,"Friday, 28th October 2022","€107,896,780",04 05 21 30 43,05 11,5 + 1,3,"€1,083,615.80","€3,250,847"
28.10.2022,Friday,"Friday, 28th October 2022","€107,896,780",04 05 21 30 43,05 11,5 + 0,10,"€183,332.60","€1,833,326"
28.10.2022,Friday,"Friday, 28th October 2022","€107,896,780",04 05 21 30 43,05 11,4 + 2,46,"€6,574.00","€302,404"
28.10.2022,Friday,"Friday, 28th October 2022","€107,896,780",04 05 21 30 43,05 11,4 + 1,"1,104",€342.30,"€377,899"
28.10.2022,Friday,"Friday, 28th October 2022","€107,896,780",04 05 21 30 43,05 11,4 + 0,"1,998",€208.10,"€415,784"
28.10.2022,Friday,"Friday, 28th October 2022","€107,896,780",04 05 21 30 43,05 11,3 + 2,"2,598",€116.30,"€302,147"
28.10.2022,Friday,"Friday, 28th October 2022","€107,896,780",04 05 21 30 43,05 11,2 + 2,"29,719",€32.40,"€962,896"
28.10.2022,Friday,"Friday, 28th October 2022","€107,896,780",04 05 21 30 43,05 11,3 + 1,"48,706",€22.10,"€1,076,403"
28.10.2022,Friday,"Friday, 28th October 2022","€107,896,780",04 05 21 30 43,05 11,3 + 0,"118,795",€17.10,"€2,031,395"
28.10.2022,Friday,"Friday, 28th October 2022","€107,896,780",04 05 21 30 43,05 11,1 + 2,"158,997",€16.00,"€2,543,952"
28.10.2022,Friday,"Friday, 28th October 2022","€107,896,780",04 05 21 30 43,05 11,2 + 1,"713,537",€10.70,"€7,634,846"
01.11.2022,Tuesday,"Tuesday, 1st November 2022","€120,000,000",18 32 39 42 44,04 07,5 + 2,0,"€120,000,000","€120,000,000"
01.11.2022,Tuesday,"Tuesday, 1st November 2022","€120,000,000",18 32 39 42 44,04 07,5 + 1,2,"€1,794,887.20","€3,589,774"
01.11.2022,Tuesday,"Tuesday, 1st November 2022","€120,000,000",18 32 39 42 44,04 07,5 + 0,5,"€266,044.00","€1,330,220"
01.11.2022,Tuesday,"Tuesday, 1st November 2022","€120,000,000",18 32 39 42 44,04 07,4 + 2,63,"€3,482.80","€219,416"
01.11.2022,Tuesday,"Tuesday, 1st November 2022","€120,000,000",18 32 39 42 44,04 07,4 + 1,898,€305.40,"€274,249"
01.11.2022,Tuesday,"Tuesday, 1st November 2022","€120,000,000",18 32 39 42 44,04 07,4 + 0,"2,620",€115.60,"€302,872"
01.11.2022,Tuesday,"Tuesday, 1st November 2022","€120,000,000",18 32 39 42 44,04 07,3 + 2,"1,887",€115.60,"€218,137"
01.11.2022,Tuesday,"Tuesday, 1st November 2022","€120,000,000",18 32 39 42 44,04 07,2 + 2,"35,956",€19.50,"€701,142"
01.11.2022,Tuesday,"Tuesday, 1st November 2022","€120,000,000",18 32 39 42 44,04 07,3 + 1,"39,987",€19.50,"€779,747"
01.11.2022,Tuesday,"Tuesday, 1st November 2022","€120,000,000",18 32 39 42 44,04 07,3 + 0,"83,467",€17.70,"€1,477,366"
01.11.2022,Tuesday,"Tuesday, 1st November 2022","€120,000,000",18 32 39 42 44,04 07,1 + 2,"190,890",€9.80,"€1,870,722"
01.11.2022,Tuesday,"Tuesday, 1st November 2022","€120,000,000",18 32 39 42 44,04 07,2 + 1,"560,148",€9.80,"€5,489,450"
04.11.2022,Friday,"Friday, 4th November 2022","€120,000,000",07 09 40 48 49,07 08,5 + 2,0,"€120,000,000","€120,000,000"
04.11.2022,Friday,"Friday, 4th November 2022","€120,000,000",07 09 40 48 49,07 08,5 + 1,5,"€4,865,344.00","€24,326,720"
04.11.2022,Friday,"Friday, 4th November 2022","€120,000,000",07 09 40 48 49,07 08,5 + 0,8,"€296,265.40","€2,370,123"
04.11.2022,Friday,"Friday, 4th November 2022","€120,000,000",07 09 40 48 49,07 08,4 + 2,60,"€6,515.80","€390,948"
04.11.2022,Friday,"Friday, 4th November 2022","€120,000,000",07 09 40 48 49,07 08,4 + 1,"1,349",€362.20,"€488,608"
04.11.2022,Friday,"Friday, 4th November 2022","€120,000,000",07 09 40 48 49,07 08,4 + 0,"3,314",€162.20,"€537,531"
04.11.2022,Friday,"Friday, 4th November 2022","€120,000,000",07 09 40 48 49,07 08,3 + 2,"2,714",€144.00,"€390,816"
04.11.2022,Friday,"Friday, 4th November 2022","€120,000,000",07 09 40 48 49,07 08,2 + 2,"49,987",€24.90,"€1,244,676"
04.11.2022,Friday,"Friday, 4th November 2022","€120,000,000",07 09 40 48 49,07 08,3 + 1,"67,454",€20.60,"€1,389,552"
04.11.2022,Friday,"Friday, 4th November 2022","€120,000,000",07 09 40 48 49,07 08,3 + 0,"130,582",€20.20,"€2,637,756"
04.11.2022,Friday,"Friday, 4th November 2022","€120,000,000",07 09 40 48 49,07 08,1 + 2,"268,471",€12.20,"€3,275,346"
04.11.2022,Friday,"Friday, 4th November 2022","€120,000,000",07 09 40 48 49,07 08,2 + 1,"1,086,581",€9.10,"€9,887,887"
08.11.2022,Tuesday,"Tuesday, 8th November 2022","€120,000,000",15 17 23 35 38,04 09,5 + 2,1,"€120,000,000","€120,000,000"
08.11.2022,Tuesday,"Tuesday, 8th November 2022","€120,000,000",15 17 23 35 38,04 09,5 + 1,17,"€1,209,751.50","€20,565,776"
08.11.2022,Tuesday,"Tuesday, 8th November 2022","€120,000,000",15 17 23 35 38,04 09,5 + 0,33,"€53,073.30","€1,751,419"
08.11.2022,Tuesday,"Tuesday, 8th November 2022","€120,000,000",15 17 23 35 38,04 09,4 + 2,167,"€1,729.90","€288,893"
08.11.2022,Tuesday,"Tuesday, 8th November 2022","€120,000,000",15 17 23 35 38,04 09,4 + 1,"1,878",€192.20,"€360,952"
08.11.2022,Tuesday,"Tuesday, 8th November 2022","€120,000,000",15 17 23 35 38,04 09,4 + 0,"4,425",€89.70,"€396,923"
08.11.2022,Tuesday,"Tuesday, 8th November 2022","€120,000,000",15 17 23 35 38,04 09,3 + 2,"3,726",€77.50,"€288,765"
08.11.2022,Tuesday,"Tuesday, 8th November 2022","€120,000,000",15 17 23 35 38,04 09,2 + 2,"51,317",€17.90,"€918,574"
08.11.2022,Tuesday,"Tuesday, 8th November 2022","€120,000,000",15 17 23 35 38,04 09,3 + 1,"65,400",€15.70,"€1,026,780"
08.11.2022,Tuesday,"Tuesday, 8th November 2022","€120,000,000",15 17 23 35 38,04 09,3 + 0,"132,770",€14.60,"€1,938,442"
08.11.2022,Tuesday,"Tuesday, 8th November 2022","€120,000,000",15 17 23 35 38,04 09,1 + 2,"244,939",€9.90,"€2,424,896"
08.11.2022,Tuesday,"Tuesday, 8th November 2022","€120,000,000",15 17 23 35 38,04 09,2 + 1,"819,307",€8.90,"€7,291,832"
11.11.2022,Friday,"Friday, 11th November 2022","€11,266,101",11 15 24 28 41,03 12,5 + 2,0,"€11,266,101","€11,266,101"
11.11.2022,Friday,"Friday, 11th November 2022","€11,266,101",11 15 24 28 41,03 12,5 + 1,5,"€379,720.90","€1,898,605"
11.11.2022,Friday,"Friday, 11th November 2022","€11,266,101",11 15 24 28 41,03 12,5 + 0,3,"€356,908.20","€1,070,725"
11.11.2022,Friday,"Friday, 11th November 2022","€11,266,101",11 15 24 28 41,03 12,4 + 2,30,"€5,887.10","€176,613"
11.11.2022,Friday,"Friday, 11th November 2022","€11,266,101",11 15 24 28 41,03 12,4 + 1,637,€346.50,"€220,721"
11.11.2022,Friday,"Friday, 11th November 2022","€11,266,101",11 15 24 28 41,03 12,4 + 0,993,€244.50,"€242,789"
11.11.2022,Friday,"Friday, 11th November 2022","€11,266,101",11 15 24 28 41,03 12,3 + 2,"1,602",€110.20,"€176,540"
11.11.2022,Friday,"Friday, 11th November 2022","€11,266,101",11 15 24 28 41,03 12,2 + 2,"14,931",€37.70,"€562,899"
11.11.2022,Friday,"Friday, 11th November 2022","€11,266,101",11 15 24 28 41,03 12,3 + 1,"29,049",€21.60,"€627,458"
11.11.2022,Friday,"Friday, 11th November 2022","€11,266,101",11 15 24 28 41,03 12,3 + 0,"73,542",€17.60,"€1,294,339"
11.11.2022,Friday,"Friday, 11th November 2022","€11,266,101",11 15 24 28 41,03 12,1 + 2,"78,305",€17.60,"€1,378,168"
11.11.2022,Friday,"Friday, 11th November 2022","€11,266,101",11 15 24 28 41,03 12,2 + 1,"421,433",€10.60,"€4,467,190"
15.11.2022,Tuesday,"Tuesday, 15th November 2022","€17,532,896",01 07 11 33 48,09 12,5 + 2,0,"€17,532,896","€17,532,896"
15.11.2022,Tuesday,"Tuesday, 15th November 2022","€17,532,896",01 07 11 33 48,09 12,5 + 1,2,"€508,079.50","€1,016,159"
15.11.2022,Tuesday,"Tuesday, 15th November 2022","€17,532,896",01 07 11 33 48,09 12,5 + 0,3,"€191,022.10","€573,066"
15.11.2022,Tuesday,"Tuesday, 15th November 2022","€17,532,896",01 07 11 33 48,09 12,4 + 2,14,"€6,751.80","€94,525"
15.11.2022,Tuesday,"Tuesday, 15th November 2022","€17,532,896",01 07 11 33 48,09 12,4 + 1,384,€307.70,"€118,157"
15.11.2022,Tuesday,"Tuesday, 15th November 2022","€17,532,896",01 07 11 33 48,09 12,4 + 0,594,€218.80,"€129,967"
15.11.2022,Tuesday,"Tuesday, 15th November 2022","€17,532,896",01 07 11 33 48,09 12,3 + 2,946,€99.90,"€94,505"
15.11.2022,Tuesday,"Tuesday, 15th November 2022","€17,532,896",01 07 11 33 48,09 12,2 + 2,"8,403",€35.80,"€300,827"
15.11.2022,Tuesday,"Tuesday, 15th November 2022","€17,532,896",01 07 11 33 48,09 12,3 + 1,"16,202",€20.70,"€335,381"
15.11.2022,Tuesday,"Tuesday, 15th November 2022","€17,532,896",01 07 11 33 48,09 12,3 + 0,"44,982",€16.00,"€719,712"
15.11.2022,Tuesday,"Tuesday, 15th November 2022","€17,532,896",01 07 11 33 48,09 12,1 + 2,"44,408",€16.00,"€710,528"
15.11.2022,Tuesday,"Tuesday, 15th November 2022","€17,532,896",01 07 11 33 48,09 12,2 + 1,"226,053",€10.60,"€2,396,162"
18.11.2022,Friday,"Friday, 18th November 2022","€26,100,767",13 14 25 28 42,11 12,5 + 2,0,"€26,100,767","€26,100,767"
18.11.2022,Friday,"Friday, 18th November 2022","€26,100,767",13 14 25 28 42,11 12,5 + 1,1,"€1,790,411.90","€1,790,412"
18.11.2022,Friday,"Friday, 18th November 2022","€26,100,767",13 14 25 28 42,11 12,5 + 0,7,"€144,244.10","€1,009,709"
18.11.2022,Friday,"Friday, 18th November 2022","€26,100,767",13 14 25 28 42,11 12,4 + 2,18,"€9,252.70","€166,549"
18.11.2022,Friday,"Friday, 18th November 2022","€26,100,767",13 14 25 28 42,11 12,4 + 1,424,€491.00,"€208,184"
18.11.2022,Friday,"Friday, 18th November 2022","€26,100,767",13 14 25 28 42,11 12,4 + 0,876,€261.40,"€228,986"
18.11.2022,Friday,"Friday, 18th November 2022","€26,100,767",13 14 25 28 42,11 12,3 + 2,"1,725",€96.50,"€166,463"
18.11.2022,Friday,"Friday, 18th November 2022","€26,100,767",13 14 25 28 42,11 12,2 + 2,"12,601",€42.10,"€530,502"
18.11.2022,Friday,"Friday, 18th November 2022","€26,100,767",13 14 25 28 42,11 12,3 + 1,"20,264",€29.20,"€591,709"
18.11.2022,Friday,"Friday, 18th November 2022","€26,100,767",13 14 25 28 42,11 12,3 + 0,"83,335",€16.80,"€1,400,028"
18.11.2022,Friday,"Friday, 18th November 2022","€26,100,767",13 14 25 28 42,11 12,1 + 2,"66,766",€16.80,"€1,121,669"
18.11.2022,Friday,"Friday, 18th November 2022","€26,100,767",13 14 25 28 42,11 12,2 + 1,"283,926",€14.80,"€4,202,105"
22.11.2022,Tuesday,"Tuesday, 22nd November 2022","€32,381,438",11 20 23 37 46,09 11,5 + 2,0,"€32,381,438","€32,381,438"
22.11.2022,Tuesday,"Tuesday, 22nd November 2022","€32,381,438",11 20 23 37 46,09 11,5 + 1,1,"€1,044,658.60","€1,044,659"
22.11.2022,Tuesday,"Tuesday, 22nd November 2022","€32,381,438",11 20 23 37 46,09 11,5 + 0,8,"€73,642.30","€589,138"
22.11.2022,Tuesday,"Tuesday, 22nd November 2022","€32,381,438",11 20 23 37 46,09 11,4 + 2,9,"€10,797.50","€97,178"
22.11.2022,Tuesday,"Tuesday, 22nd November 2022","€32,381,438",11 20 23 37 46,09 11,4 + 1,381,€318.80,"€121,463"
22.11.2022,Tuesday,"Tuesday, 22nd November 2022","€32,381,438",11 20 23 37 46,09 11,4 + 0,663,€201.50,"€133,595"
22.11.2022,Tuesday,"Tuesday, 22nd November 2022","€32,381,438",11 20 23 37 46,09 11,3 + 2,913,€106.40,"€97,143"
22.11.2022,Tuesday,"Tuesday, 22nd November 2022","€32,381,438",11 20 23 37 46,09 11,2 + 2,"9,466",€32.70,"€309,538"
22.11.2022,Tuesday,"Tuesday, 22nd November 2022","€32,381,438",11 20 23 37 46,09 11,3 + 1,"16,409",€21.00,"€344,589"
22.11.2022,Tuesday,"Tuesday, 22nd November 2022","€32,381,438",11 20 23 37 46,09 11,3 + 0,"39,806",€16.70,"€664,760"
22.11.2022,Tuesday,"Tuesday, 22nd November 2022","€32,381,438",11 20 23 37 46,09 11,1 + 2,"48,150",€16.70,"€804,105"
22.11.2022,Tuesday,"Tuesday, 22nd November 2022","€32,381,438",11 20 23 37 46,09 11,2 + 1,"230,774",€10.60,"€2,446,204"
25.11.2022,Friday,"Friday, 25th November 2022","€41,313,201",04 06 08 42 48,06 11,5 + 2,0,"€41,313,201","€41,313,201"
25.11.2022,Friday,"Friday, 25th November 2022","€41,313,201",04 06 08 42 48,06 11,5 + 1,2,"€932,852.90","€1,865,706"
25.11.2022,Friday,"Friday, 25th November 2022","€41,313,201",04 06 08 42 48,06 11,5 + 0,8,"€131,521.40","€1,052,171"
25.11.2022,Friday,"Friday, 25th November 2022","€41,313,201",04 06 08 42 48,06 11,4 + 2,22,"€7,888.80","€173,554"
25.11.2022,Friday,"Friday, 25th November 2022","€41,313,201",04 06 08 42 48,06 11,4 + 1,534,€406.20,"€216,911"
25.11.2022,Friday,"Friday, 25th November 2022","€41,313,201",04 06 08 42 48,06 11,4 + 0,968,€246.50,"€238,612"
25.11.2022,Friday,"Friday, 25th November 2022","€41,313,201",04 06 08 42 48,06 11,3 + 2,"1,366",€127.00,"€173,482"
25.11.2022,Friday,"Friday, 25th November 2022","€41,313,201",04 06 08 42 48,06 11,2 + 2,"14,556",€38.00,"€553,128"
25.11.2022,Friday,"Friday, 25th November 2022","€41,313,201",04 06 08 42 48,06 11,3 + 1,"26,415",€23.40,"€618,111"
25.11.2022,Friday,"Friday, 25th November 2022","€41,313,201",04 06 08 42 48,06 11,3 + 0,"67,508",€18.20,"€1,228,646"
25.11.2022,Friday,"Friday, 25th November 2022","€41,313,201",04 06 08 42 48,06 11,1 + 2,"77,238",€18.20,"€1,405,732"
25.11.2022,Friday,"Friday, 25th November 2022","€41,313,201",04 06 08 42 48,06 11,2 + 1,"387,418",€11.30,"€4,377,823"
29.11.2022,Tuesday,"Tuesday, 29th November 2022","€47,000,000",09 16 32 37 46,07 12,5 + 2,0,"€47,000,000","€47,000,000"
29.11.2022,Tuesday,"Tuesday, 29th November 2022","€47,000,000",09 16 32 37 46,07 12,5 + 1,0,€0.00,€0
29.11.2022,Tuesday,"Tuesday, 29th November 2022","€47,000,000",09 16 32 37 46,07 12,5 + 0,9,"€70,553.10","€634,978"
29.11.2022,Tuesday,"Tuesday, 29th November 2022","€47,000,000",09 16 32 37 46,07 12,4 + 2,8,"€13,092.30","€104,738"
29.11.2022,Tuesday,"Tuesday, 29th November 2022","€47,000,000",09 16 32 37 46,07 12,4 + 1,388,€337.40,"€130,911"
29.11.2022,Tuesday,"Tuesday, 29th November 2022","€47,000,000",09 16 32 37 46,07 12,4 + 0,643,€223.90,"€143,968"
29.11.2022,Tuesday,"Tuesday, 29th November 2022","€47,000,000",09 16 32 37 46,07 12,3 + 2,941,€111.30,"€104,733"
29.11.2022,Tuesday,"Tuesday, 29th November 2022","€47,000,000",09 16 32 37 46,07 12,2 + 2,"9,755",€34.20,"€333,621"
29.11.2022,Tuesday,"Tuesday, 29th November 2022","€47,000,000",09 16 32 37 46,07 12,3 + 1,"16,322",€22.80,"€372,142"
29.11.2022,Tuesday,"Tuesday, 29th November 2022","€47,000,000",09 16 32 37 46,07 12,3 + 0,"39,878",€17.70,"€705,841"
29.11.2022,Tuesday,"Tuesday, 29th November 2022","€47,000,000",09 16 32 37 46,07 12,1 + 2,"52,493",€16.80,"€881,882"
29.11.2022,Tuesday,"Tuesday, 29th November 2022","€47,000,000",09 16 32 37 46,07 12,2 + 1,"239,441",€11.00,"€2,633,851"
02.12.2022,Friday,"Friday, 2nd December 2022","€57,000,000",06 12 25 48 49,11 12,5 + 2,0,"€57,000,000","€57,000,000"
02.12.2022,Friday,"Friday, 2nd December 2022","€57,000,000",06 12 25 48 49,11 12,5 + 1,1,"€3,162,954.90","€3,162,955"
02.12.2022,Friday,"Friday, 2nd December 2022","€57,000,000",06 12 25 48 49,11 12,5 + 0,10,"€114,878.10","€1,148,781"
02.12.2022,Friday,"Friday, 2nd December 2022","€57,000,000",06 12 25 48 49,11 12,4 + 2,27,"€7,018.10","€189,489"
02.12.2022,Friday,"Friday, 2nd December 2022","€57,000,000",06 12 25 48 49,11 12,4 + 1,518,€457.20,"€236,830"
02.12.2022,Friday,"Friday, 2nd December 2022","€57,000,000",06 12 25 48 49,11 12,4 + 0,"1,168",€223.00,"€260,464"
02.12.2022,Friday,"Friday, 2nd December 2022","€57,000,000",06 12 25 48 49,11 12,3 + 2,"1,887",€100.40,"€189,455"
02.12.2022,Friday,"Friday, 2nd December 2022","€57,000,000",06 12 25 48 49,11 12,2 + 2,"16,380",€36.80,"€602,784"
02.12.2022,Friday,"Friday, 2nd December 2022","€57,000,000",06 12 25 48 49,11 12,3 + 1,"23,660",€28.50,"€674,310"
02.12.2022,Friday,"Friday, 2nd December 2022","€57,000,000",06 12 25 48 49,11 12,3 + 0,"87,006",€16.90,"€1,470,401"
02.12.2022,Friday,"Friday, 2nd December 2022","€57,000,000",06 12 25 48 49,11 12,1 + 2,"83,250",€16.90,"€1,406,925"
02.12.2022,Friday,"Friday, 2nd December 2022","€57,000,000",06 12 25 48 49,11 12,2 + 1,"330,607",€14.50,"€4,793,802"
06.12.2022,Tuesday,"Tuesday, 6th December 2022","€64,000,000",08 12 37 44 47,07 10,5 + 2,0,"€64,000,000","€64,000,000"
06.12.2022,Tuesday,"Tuesday, 6th December 2022","€64,000,000",08 12 37 44 47,07 10,5 + 1,2,"€629,024.20","€1,258,048"
06.12.2022,Tuesday,"Tuesday, 6th December 2022","€64,000,000",08 12 37 44 47,07 10,5 + 0,4,"€177,370.20","€709,481"
06.12.2022,Tuesday,"Tuesday, 6th December 2022","€64,000,000",08 12 37 44 47,07 10,4 + 2,15,"€7,801.80","€117,027"
06.12.2022,Tuesday,"Tuesday, 6th December 2022","€64,000,000",08 12 37 44 47,07 10,4 + 1,500,€292.50,"€146,250"
06.12.2022,Tuesday,"Tuesday, 6th December 2022","€64,000,000",08 12 37 44 47,07 10,4 + 0,"1,019",€157.90,"€160,900"
06.12.2022,Tuesday,"Tuesday, 6th December 2022","€64,000,000",08 12 37 44 47,07 10,3 + 2,"1,018",€114.90,"€116,968"
06.12.2022,Tuesday,"Tuesday, 6th December 2022","€64,000,000",08 12 37 44 47,07 10,2 + 2,"14,183",€26.30,"€373,013"
06.12.2022,Tuesday,"Tuesday, 6th December 2022","€64,000,000",08 12 37 44 47,07 10,3 + 1,"21,061",€19.70,"€414,902"
06.12.2022,Tuesday,"Tuesday, 6th December 2022","€64,000,000",08 12 37 44 47,07 10,3 + 0,"45,485",€17.30,"€786,891"
06.12.2022,Tuesday,"Tuesday, 6th December 2022","€64,000,000",08 12 37 44 47,07 10,1 + 2,"73,652",€13.40,"€986,937"
06.12.2022,Tuesday,"Tuesday, 6th December 2022","€64,000,000",08 12 37 44 47,07 10,2 + 1,"309,871",€9.50,"€2,943,775"
09.12.2022,Friday,"Friday, 9th December 2022","€75,871,602",06 08 13 21 32,03 06,5 + 2,1,"€75,871,602","€75,871,602"
09.12.2022,Friday,"Friday, 9th December 2022","€75,871,602",06 08 13 21 32,03 06,5 + 1,3,"€745,969.40","€2,237,908"
09.12.2022,Friday,"Friday, 9th December 2022","€75,871,602",06 08 13 21 32,03 06,5 + 0,6,"€210,346.00","€1,262,076"
09.12.2022,Friday,"Friday, 9th December 2022","€75,871,602",06 08 13 21 32,03 06,4 + 2,60,"€3,469.60","€208,176"
09.12.2022,Friday,"Friday, 9th December 2022","€75,871,602",06 08 13 21 32,03 06,4 + 1,"1,074",€242.20,"€260,123"
09.12.2022,Friday,"Friday, 9th December 2022","€75,871,602",06 08 13 21 32,03 06,4 + 0,"2,865",€103.80,"€297,387"
09.12.2022,Friday,"Friday, 9th December 2022","€75,871,602",06 08 13 21 32,03 06,3 + 2,"1,897",€103.80,"€196,909"
09.12.2022,Friday,"Friday, 9th December 2022","€75,871,602",06 08 13 21 32,03 06,2 + 2,"37,921",€17.40,"€659,825"
09.12.2022,Friday,"Friday, 9th December 2022","€75,871,602",06 08 13 21 32,03 06,3 + 1,"46,414",€16.20,"€751,907"
09.12.2022,Friday,"Friday, 9th December 2022","€75,871,602",06 08 13 21 32,03 06,3 + 0,"86,009",€16.20,"€1,393,346"
09.12.2022,Friday,"Friday, 9th December 2022","€75,871,602",06 08 13 21 32,03 06,1 + 2,"181,496",€9.60,"€1,742,362"
09.12.2022,Friday,"Friday, 9th December 2022","€75,871,602",06 08 13 21 32,03 06,2 + 1,"621,948",€8.40,"€5,224,363"
13.12.2022,Tuesday,"Tuesday, 13th December 2022","€10,000,000",03 13 33 36 47,03 11,5 + 2,0,"€10,000,000","€10,000,000"
13.12.2022,Tuesday,"Tuesday, 13th December 2022","€10,000,000",03 13 33 36 47,03 11,5 + 1,5,"€186,272.60","€931,363"
13.12.2022,Tuesday,"Tuesday, 13th December 2022","€10,000,000",03 13 33 36 47,03 11,5 + 0,4,"€131,311.30","€525,245"
13.12.2022,Tuesday,"Tuesday, 13th December 2022","€10,000,000",03 13 33 36 47,03 11,4 + 2,24,"€3,609.90","€86,638"
13.12.2022,Tuesday,"Tuesday, 13th December 2022","€10,000,000",03 13 33 36 47,03 11,4 + 1,519,€208.60,"€108,263"
13.12.2022,Tuesday,"Tuesday, 13th December 2022","€10,000,000",03 13 33 36 47,03 11,4 + 0,894,€133.20,"€119,081"
13.12.2022,Tuesday,"Tuesday, 13th December 2022","€10,000,000",03 13 33 36 47,03 11,3 + 2,934,€92.70,"€86,582"
13.12.2022,Tuesday,"Tuesday, 13th December 2022","€10,000,000",03 13 33 36 47,03 11,2 + 2,"10,254",€26.90,"€275,833"
13.12.2022,Tuesday,"Tuesday, 13th December 2022","€10,000,000",03 13 33 36 47,03 11,3 + 1,"20,147",€15.30,"€308,249"
13.12.2022,Tuesday,"Tuesday, 13th December 2022","€10,000,000",03 13 33 36 47,03 11,3 + 0,"40,415",€14.50,"€586,018"
13.12.2022,Tuesday,"Tuesday, 13th December 2022","€10,000,000",03 13 33 36 47,03 11,1 + 2,"49,841",€14.50,"€722,695"
13.12.2022,Tuesday,"Tuesday, 13th December 2022","€10,000,000",03 13 33 36 47,03 11,2 + 1,"232,452",€9.40,"€2,185,049"
16.12.2022,Friday,"Friday, 16th December 2022","€17,000,000",09 14 15 20 47,08 12,5 + 2,0,"€17,000,000","€17,000,000"
16.12.2022,Friday,"Friday, 16th December 2022","€17,000,000",09 14 15 20 47,08 12,5 + 1,0,€0.00,€0
16.12.2022,Friday,"Friday, 16th December 2022","€17,000,000",09 14 15 20 47,08 12,5 + 0,3,"€314,623.60","€943,871"
16.12.2022,Friday,"Friday, 16th December 2022","€17,000,000",09 14 15 20 47,08 12,4 + 2,19,"€8,194.20","€155,690"
16.12.2022,Friday,"Friday, 16th December 2022","€17,000,000",09 14 15 20 47,08 12,4 + 1,465,€418.50,"€194,603"
16.12.2022,Friday,"Friday, 16th December 2022","€17,000,000",09 14 15 20 47,08 12,4 + 0,809,€264.60,"€214,061"
16.12.2022,Friday,"Friday, 16th December 2022","€17,000,000",09 14 15 20 47,08 12,3 + 2,"1,240",€125.50,"€155,620"
16.12.2022,Friday,"Friday, 16th December 2022","€17,000,000",09 14 15 20 47,08 12,2 + 2,"12,143",€40.80,"€495,434"
16.12.2022,Friday,"Friday, 16th December 2022","€17,000,000",09 14 15 20 47,08 12,3 + 1,"22,847",€24.20,"€552,897"
16.12.2022,Friday,"Friday, 16th December 2022","€17,000,000",09 14 15 20 47,08 12,3 + 0,"59,233",€18.90,"€1,119,504"
16.12.2022,Friday,"Friday, 16th December 2022","€17,000,000",09 14 15 20 47,08 12,1 + 2,"65,754",€18.90,"€1,242,751"
16.12.2022,Friday,"Friday, 16th December 2022","€17,000,000",09 14 15 20 47,08 12,2 + 1,"343,390",€11.50,"€3,948,985"
20.12.2022,Tuesday,"Tuesday, 20th December 2022","€21,208,281",06 11 26 43 49,05 08,5 + 2,1,"€21,208,281","€21,208,281"
20.12.2022,Tuesday,"Tuesday, 20th December 2022","€21,208,281",06 11 26 43 49,05 08,5 + 1,6,"€446,255.60","€2,677,534"
20.12.2022,Tuesday,"Tuesday, 20th December 2022","€21,208,281",06 11 26 43 49,05 08,5 + 0,5,"€113,226.70","€566,134"
20.12.2022,Tuesday,"Tuesday, 20th December 2022","€21,208,281",06 11 26 43 49,05 08,4 + 2,31,"€3,012.30","€93,381"
20.12.2022,Tuesday,"Tuesday, 20th December 2022","€21,208,281",06 11 26 43 49,05 08,4 + 1,468,€249.40,"€116,719"
20.12.2022,Tuesday,"Tuesday, 20th December 2022","€21,208,281",06 11 26 43 49,05 08,4 + 0,"1,309",€98.40,"€128,806"
20.12.2022,Tuesday,"Tuesday, 20th December 2022","€21,208,281",06 11 26 43 49,05 08,3 + 2,943,€98.40,"€92,791"
20.12.2022,Tuesday,"Tuesday, 20th December 2022","€21,208,281",06 11 26 43 49,05 08,2 + 2,"16,758",€18.30,"€306,671"
20.12.2022,Tuesday,"Tuesday, 20th December 2022","€21,208,281",06 11 26 43 49,05 08,3 + 1,"17,633",€18.30,"€322,684"
20.12.2022,Tuesday,"Tuesday, 20th December 2022","€21,208,281",06 11 26 43 49,05 08,3 + 0,"36,854",€17.10,"€630,203"
20.12.2022,Tuesday,"Tuesday, 20th December 2022","€21,208,281",06 11 26 43 49,05 08,1 + 2,"92,275",€9.20,"€848,930"
20.12.2022,Tuesday,"Tuesday, 20th December 2022","€21,208,281",06 11 26 43 49,05 08,2 + 1,"248,476",€9.20,"€2,285,979"
23.12.2022,Friday,"Friday, 23rd December 2022","€10,000,000",09 34 35 42 44,06 11,5 + 2,0,"€10,000,000","€10,000,000"
23.12.2022,Friday,"Friday, 23rd December 2022","€10,000,000",09 34 35 42 44,06 11,5 + 1,2,"€863,885.10","€1,727,770"
23.12.2022,Friday,"Friday, 23rd December 2022","€10,000,000",09 34 35 42 44,06 11,5 + 0,2,"€487,191.00","€974,382"
23.12.2022,Friday,"Friday, 23rd December 2022","€10,000,000",09 34 35 42 44,06 11,4 + 2,15,"€10,714.80","€160,722"
23.12.2022,Friday,"Friday, 23rd December 2022","€10,000,000",09 34 35 42 44,06 11,4 + 1,472,€425.60,"€200,883"
23.12.2022,Friday,"Friday, 23rd December 2022","€10,000,000",09 34 35 42 44,06 11,4 + 0,915,€241.50,"€220,973"
23.12.2022,Friday,"Friday, 23rd December 2022","€10,000,000",09 34 35 42 44,06 11,3 + 2,"1,177",€136.50,"€160,661"
23.12.2022,Friday,"Friday, 23rd December 2022","€10,000,000",09 34 35 42 44,06 11,2 + 2,"13,170",€38.80,"€510,996"
23.12.2022,Friday,"Friday, 23rd December 2022","€10,000,000",09 34 35 42 44,06 11,3 + 1,"21,896",€26.10,"€571,486"
23.12.2022,Friday,"Friday, 23rd December 2022","€10,000,000",09 34 35 42 44,06 11,3 + 0,"58,601",€18.70,"€1,095,839"
23.12.2022,Friday,"Friday, 23rd December 2022","€10,000,000",09 34 35 42 44,06 11,1 + 2,"71,490",€18.70,"€1,336,863"
23.12.2022,Friday,"Friday, 23rd December 2022","€10,000,000",09 34 35 42 44,06 11,2 + 1,"331,427",€12.30,"€4,076,552"
27.12.2022,Tuesday,"Tuesday, 27th December 2022","€14,000,000",28 33 34 37 44,04 11,5 + 2,0,"€14,000,000","€14,000,000"
27.12.2022,Tuesday,"Tuesday, 27th December 2022","€14,000,000",28 33 34 37 44,04 11,5 + 1,1,"€884,360.00","€884,360"
27.12.2022,Tuesday,"Tuesday, 27th December 2022","€14,000,000",28 33 34 37 44,04 11,5 + 0,2,"€249,368.90","€498,738"
27.12.2022,Tuesday,"Tuesday, 27th December 2022","€14,000,000",28 33 34 37 44,04 11,4 + 2,7,"€11,752.20","€82,265"
27.12.2022,Tuesday,"Tuesday, 27th December 2022","€14,000,000",28 33 34 37 44,04 11,4 + 1,249,€412.90,"€102,812"
27.12.2022,Tuesday,"Tuesday, 27th December 2022","€14,000,000",28 33 34 37 44,04 11,4 + 0,581,€194.60,"€113,063"
27.12.2022,Tuesday,"Tuesday, 27th December 2022","€14,000,000",28 33 34 37 44,04 11,3 + 2,596,€138.00,"€82,248"
27.12.2022,Tuesday,"Tuesday, 27th December 2022","€14,000,000",28 33 34 37 44,04 11,2 + 2,"8,477",€30.90,"€261,939"
27.12.2022,Tuesday,"Tuesday, 27th December 2022","€14,000,000",28 33 34 37 44,04 11,3 + 1,"12,983",€22.50,"€292,118"
27.12.2022,Tuesday,"Tuesday, 27th December 2022","€14,000,000",28 33 34 37 44,04 11,3 + 0,"30,548",€18.10,"€552,919"
27.12.2022,Tuesday,"Tuesday, 27th December 2022","€14,000,000",28 33 34 37 44,04 11,1 + 2,"44,146",€15.70,"€693,092"
27.12.2022,Tuesday,"Tuesday, 27th December 2022","€14,000,000",28 33 34 37 44,04 11,2 + 1,"193,876",€10.70,"€2,074,473"
30.12.2022,Friday,"Friday, 30th December 2022","€21,000,000",03 37 45 47 50,05 10,5 + 2,0,"€21,000,000","€21,000,000"
30.12.2022,Friday,"Friday, 30th December 2022","€21,000,000",03 37 45 47 50,05 10,5 + 1,0,€0.00,€0
30.12.2022,Friday,"Friday, 30th December 2022","€21,000,000",03 37 45 47 50,05 10,5 + 0,2,"€538,671.00","€1,077,342"
30.12.2022,Friday,"Friday, 30th December 2022","€21,000,000",03 37 45 47 50,05 10,4 + 2,31,"€5,732.40","€177,704"
30.12.2022,Friday,"Friday, 30th December 2022","€21,000,000",03 37 45 47 50,05 10,4 + 1,531,€418.30,"€222,117"
30.12.2022,Friday,"Friday, 30th December 2022","€21,000,000",03 37 45 47 50,05 10,4 + 0,"1,442",€169.40,"€244,275"
30.12.2022,Friday,"Friday, 30th December 2022","€21,000,000",03 37 45 47 50,05 10,3 + 2,"1,143",€155.40,"€177,622"
30.12.2022,Friday,"Friday, 30th December 2022","€21,000,000",03 37 45 47 50,05 10,2 + 2,"22,598",€25.00,"€564,950"
30.12.2022,Friday,"Friday, 30th December 2022","€21,000,000",03 37 45 47 50,05 10,3 + 1,"26,228",€24.10,"€632,095"
30.12.2022,Friday,"Friday, 30th December 2022","€21,000,000",03 37 45 47 50,05 10,3 + 0,"57,764",€20.70,"€1,195,715"
30.12.2022,Friday,"Friday, 30th December 2022","€21,000,000",03 37 45 47 50,05 10,1 + 2,"126,542",€11.80,"€1,493,196"
30.12.2022,Friday,"Friday, 30th December 2022","€21,000,000",03 37 45 47 50,05 10,2 + 1,"409,152",€11.00,"€4,500,672"
