short_date,weekday,draw_date,jackpot,main_numbers,euro_numbers,Match,# of winners,prize / winner,prize fund
03.01.2023,Tuesday,"Tuesday, 3rd January 2023","€28,000,000",28 29 31 37 50,04 05,5 + 2,0,"€28,000,000","€28,000,000"
03.01.2023,Tuesday,"Tuesday, 3rd January 2023","€28,000,000",28 29 31 37 50,04 05,5 + 1,2,"€1,480,098.10","€2,960,196"
03.01.2023,Tuesday,"Tuesday, 3rd January 2023","€28,000,000",28 29 31 37 50,04 05,5 + 0,6,"€98,678.40","€592,070"
03.01.2023,Tuesday,"Tuesday, 3rd January 2023","€28,000,000",28 29 31 37 50,04 05,4 + 2,12,"€8,138.40","€97,661"
03.01.2023,Tuesday,"Tuesday, 3rd January 2023","€28,000,000",28 29 31 37 50,04 05,4 + 1,282,€432.80,"€122,050"
03.01.2023,Tuesday,"Tuesday, 3rd January 2023","€28,000,000",28 29 31 37 50,04 05,4 + 0,750,€179.00,"€134,250"
03.01.2023,Tuesday,"Tuesday, 3rd January 2023","€28,000,000",28 29 31 37 50,04 05,3 + 2,621,€157.20,"€97,621"
03.01.2023,Tuesday,"Tuesday, 3rd January 2023","€28,000,000",28 29 31 37 50,04 05,2 + 2,"11,550",€26.90,"€310,695"
03.01.2023,Tuesday,"Tuesday, 3rd January 2023","€28,000,000",28 29 31 37 50,04 05,3 + 1,"14,686",€23.60,"€346,590"
03.01.2023,Tuesday,"Tuesday, 3rd January 2023","€28,000,000",28 29 31 37 50,04 05,3 + 0,"31,660",€20.80,"€658,528"
03.01.2023,Tuesday,"Tuesday, 3rd January 2023","€28,000,000",28 29 31 37 50,04 05,1 + 2,"63,266",€13.00,"€822,458"
03.01.2023,Tuesday,"Tuesday, 3rd January 2023","€28,000,000",28 29 31 37 50,04 05,2 + 1,"240,717",€10.20,"€2,455,313"
06.01.2023,Friday,"Friday, 6th January 2023","€35,000,000",14 28 31 47 50,07 12,5 + 2,0,"€35,000,000","€35,000,000"
06.01.2023,Friday,"Friday, 6th January 2023","€35,000,000",14 28 31 47 50,07 12,5 + 1,2,"€878,345.00","€1,756,690"
06.01.2023,Friday,"Friday, 6th January 2023","€35,000,000",14 28 31 47 50,07 12,5 + 0,7,"€141,527.30","€990,691"
06.01.2023,Friday,"Friday, 6th January 2023","€35,000,000",14 28 31 47 50,07 12,4 + 2,25,"€6,536.50","€163,413"
06.01.2023,Friday,"Friday, 6th January 2023","€35,000,000",14 28 31 47 50,07 12,4 + 1,598,€341.50,"€204,217"
06.01.2023,Friday,"Friday, 6th January 2023","€35,000,000",14 28 31 47 50,07 12,4 + 0,954,€235.50,"€224,667"
06.01.2023,Friday,"Friday, 6th January 2023","€35,000,000",14 28 31 47 50,07 12,3 + 2,"1,407",€116.10,"€163,353"
06.01.2023,Friday,"Friday, 6th January 2023","€35,000,000",14 28 31 47 50,07 12,2 + 2,"13,532",€38.40,"€519,629"
06.01.2023,Friday,"Friday, 6th January 2023","€35,000,000",14 28 31 47 50,07 12,3 + 1,"24,190",€24.00,"€580,560"
06.01.2023,Friday,"Friday, 6th January 2023","€35,000,000",14 28 31 47 50,07 12,3 + 0,"60,494",€18.70,"€1,131,238"
06.01.2023,Friday,"Friday, 6th January 2023","€35,000,000",14 28 31 47 50,07 12,1 + 2,"72,021",€18.70,"€1,346,793"
06.01.2023,Friday,"Friday, 6th January 2023","€35,000,000",14 28 31 47 50,07 12,2 + 1,"356,949",€11.60,"€4,140,608"
10.01.2023,Tuesday,"Tuesday, 10th January 2023","€43,000,000",09 16 27 41 45,01 04,5 + 2,0,"€43,000,000","€43,000,000"
10.01.2023,Tuesday,"Tuesday, 10th January 2023","€43,000,000",09 16 27 41 45,01 04,5 + 1,3,"€369,980.50","€1,109,942"
10.01.2023,Tuesday,"Tuesday, 10th January 2023","€43,000,000",09 16 27 41 45,01 04,5 + 0,3,"€208,651.80","€625,955"
10.01.2023,Tuesday,"Tuesday, 10th January 2023","€43,000,000",09 16 27 41 45,01 04,4 + 2,26,"€3,971.10","€103,249"
10.01.2023,Tuesday,"Tuesday, 10th January 2023","€43,000,000",09 16 27 41 45,01 04,4 + 1,445,€290.00,"€129,050"
10.01.2023,Tuesday,"Tuesday, 10th January 2023","€43,000,000",09 16 27 41 45,01 04,4 + 0,828,€171.40,"€141,919"
10.01.2023,Tuesday,"Tuesday, 10th January 2023","€43,000,000",09 16 27 41 45,01 04,3 + 2,"1,046",€98.70,"€103,240"
10.01.2023,Tuesday,"Tuesday, 10th January 2023","€43,000,000",09 16 27 41 45,01 04,2 + 2,"11,621",€28.30,"€328,874"
10.01.2023,Tuesday,"Tuesday, 10th January 2023","€43,000,000",09 16 27 41 45,01 04,3 + 1,"18,461",€19.90,"€367,374"
10.01.2023,Tuesday,"Tuesday, 10th January 2023","€43,000,000",09 16 27 41 45,01 04,3 + 0,"40,731",€17.10,"€696,500"
10.01.2023,Tuesday,"Tuesday, 10th January 2023","€43,000,000",09 16 27 41 45,01 04,1 + 2,"61,679",€14.10,"€869,674"
10.01.2023,Tuesday,"Tuesday, 10th January 2023","€43,000,000",09 16 27 41 45,01 04,2 + 1,"256,507",€10.20,"€2,616,371"
13.01.2023,Friday,"Friday, 13th January 2023",,07 14 34 41 49,04 09,5 + 2,0,€,€0
13.01.2023,Friday,"Friday, 13th January 2023",,07 14 34 41 49,04 09,5 + 1,3,"€718,547.60","€2,155,643"
13.01.2023,Friday,"Friday, 13th January 2023",,07 14 34 41 49,04 09,5 + 0,11,"€110,516.50","€1,215,682"
13.01.2023,Friday,"Friday, 13th January 2023",,07 14 34 41 49,04 09,4 + 2,64,"€3,133.20","€200,525"
13.01.2023,Friday,"Friday, 13th January 2023",,07 14 34 41 49,04 09,4 + 1,"1,037",€241.70,"€250,643"
13.01.2023,Friday,"Friday, 13th January 2023",,07 14 34 41 49,04 09,4 + 0,"1,955",€102.50,"€200,388"
13.01.2023,Friday,"Friday, 13th January 2023",,07 14 34 41 49,04 09,3 + 2,"2,613",€105.50,"€275,672"
13.01.2023,Friday,"Friday, 13th January 2023",,07 14 34 41 49,04 09,2 + 2,"33,772",€18.90,"€638,291"
13.01.2023,Friday,"Friday, 13th January 2023",,07 14 34 41 49,04 09,3 + 1,"38,349",€18.60,"€713,291"
13.01.2023,Friday,"Friday, 13th January 2023",,07 14 34 41 49,04 09,3 + 0,"79,170",€17.00,"€1,345,890"
13.01.2023,Friday,"Friday, 13th January 2023",,07 14 34 41 49,04 09,1 + 2,"171,967",€9.80,"€1,685,277"
13.01.2023,Friday,"Friday, 13th January 2023",,07 14 34 41 49,04 09,2 + 1,"534,565",€9.50,"€5,078,368"
17.01.2023,Tuesday,"Tuesday, 17th January 2023","€61,109,500",06 11 16 35 44,02 06,5 + 2,0,"€61,109,500","€61,109,500"
17.01.2023,Tuesday,"Tuesday, 17th January 2023","€61,109,500",06 11 16 35 44,02 06,5 + 1,0,€0.00,€0
17.01.2023,Tuesday,"Tuesday, 17th January 2023","€61,109,500",06 11 16 35 44,02 06,5 + 0,2,"€363,831.70","€727,663"
17.01.2023,Tuesday,"Tuesday, 17th January 2023","€61,109,500",06 11 16 35 44,02 06,4 + 2,20,"€6,001.30","€120,026"
17.01.2023,Tuesday,"Tuesday, 17th January 2023","€61,109,500",06 11 16 35 44,02 06,4 + 1,537,€279.30,"€149,984"
17.01.2023,Tuesday,"Tuesday, 17th January 2023","€61,109,500",06 11 16 35 44,02 06,4 + 0,"1,185",€139.20,"€164,952"
17.01.2023,Tuesday,"Tuesday, 17th January 2023","€61,109,500",06 11 16 35 44,02 06,3 + 2,999,€120.10,"€119,980"
17.01.2023,Tuesday,"Tuesday, 17th January 2023","€61,109,500",06 11 16 35 44,02 06,2 + 2,"17,701",€21.60,"€382,342"
17.01.2023,Tuesday,"Tuesday, 17th January 2023","€61,109,500",06 11 16 35 44,02 06,3 + 1,"22,031",€19.40,"€427,401"
17.01.2023,Tuesday,"Tuesday, 17th January 2023","€61,109,500",06 11 16 35 44,02 06,3 + 0,"45,948",€17.60,"€808,685"
17.01.2023,Tuesday,"Tuesday, 17th January 2023","€61,109,500",06 11 16 35 44,02 06,1 + 2,"91,888",€11.00,"€1,010,768"
17.01.2023,Tuesday,"Tuesday, 17th January 2023","€61,109,500",06 11 16 35 44,02 06,2 + 1,"319,902",€9.50,"€3,039,069"
20.01.2023,Friday,"Friday, 20th January 2023","€72,251,833",01 12 15 31 47,09 10,5 + 2,0,"€72,251,833","€72,251,833"
20.01.2023,Friday,"Friday, 20th January 2023","€72,251,833",01 12 15 31 47,09 10,5 + 1,4,"€906,735.60","€3,626,942"
20.01.2023,Friday,"Friday, 20th January 2023","€72,251,833",01 12 15 31 47,09 10,5 + 0,5,"€263,552.60","€1,317,763"
20.01.2023,Friday,"Friday, 20th January 2023","€72,251,833",01 12 15 31 47,09 10,4 + 2,27,"€8,050.40","€217,361"
20.01.2023,Friday,"Friday, 20th January 2023","€72,251,833",01 12 15 31 47,09 10,4 + 1,763,€356.00,"€271,628"
20.01.2023,Friday,"Friday, 20th January 2023","€72,251,833",01 12 15 31 47,09 10,4 + 0,"1,551",€192.60,"€298,723"
20.01.2023,Friday,"Friday, 20th January 2023","€72,251,833",01 12 15 31 47,09 10,3 + 2,"1,687",€128.80,"€217,286"
20.01.2023,Friday,"Friday, 20th January 2023","€72,251,833",01 12 15 31 47,09 10,2 + 2,"23,518",€29.40,"€691,429"
20.01.2023,Friday,"Friday, 20th January 2023","€72,251,833",01 12 15 31 47,09 10,3 + 1,"35,240",€21.90,"€771,756"
20.01.2023,Friday,"Friday, 20th January 2023","€72,251,833",01 12 15 31 47,09 10,3 + 0,"80,763",€18.10,"€1,461,810"
20.01.2023,Friday,"Friday, 20th January 2023","€72,251,833",01 12 15 31 47,09 10,1 + 2,"126,511",€14.40,"€1,821,758"
20.01.2023,Friday,"Friday, 20th January 2023","€72,251,833",01 12 15 31 47,09 10,2 + 1,"527,464",€10.40,"€5,485,626"
24.01.2023,Tuesday,"Tuesday, 24th January 2023","€81,399,120",09 16 17 27 31,01 09,5 + 2,0,"€81,399,120","€81,399,120"
24.01.2023,Tuesday,"Tuesday, 24th January 2023","€81,399,120",09 16 17 27 31,01 09,5 + 1,3,"€529,539.80","€1,588,619"
24.01.2023,Tuesday,"Tuesday, 24th January 2023","€81,399,120",09 16 17 27 31,01 09,5 + 0,6,"€149,317.90","€895,907"
24.01.2023,Tuesday,"Tuesday, 24th January 2023","€81,399,120",09 16 17 27 31,01 09,4 + 2,31,"€4,767.00","€147,777"
24.01.2023,Tuesday,"Tuesday, 24th January 2023","€81,399,120",09 16 17 27 31,01 09,4 + 1,640,€288.60,"€184,704"
24.01.2023,Tuesday,"Tuesday, 24th January 2023","€81,399,120",09 16 17 27 31,01 09,4 + 0,"1,359",€149.50,"€203,171"
24.01.2023,Tuesday,"Tuesday, 24th January 2023","€81,399,120",09 16 17 27 31,01 09,3 + 2,"1,386",€106.60,"€147,748"
24.01.2023,Tuesday,"Tuesday, 24th January 2023","€81,399,120",09 16 17 27 31,01 09,2 + 2,"19,363",€24.30,"€470,521"
24.01.2023,Tuesday,"Tuesday, 24th January 2023","€81,399,120",09 16 17 27 31,01 09,3 + 1,"28,541",€18.40,"€525,154"
24.01.2023,Tuesday,"Tuesday, 24th January 2023","€81,399,120",09 16 17 27 31,01 09,3 + 0,"62,942",€15.80,"€994,484"
24.01.2023,Tuesday,"Tuesday, 24th January 2023","€81,399,120",09 16 17 27 31,01 09,1 + 2,"96,081",€12.90,"€1,239,445"
24.01.2023,Tuesday,"Tuesday, 24th January 2023","€81,399,120",09 16 17 27 31,01 09,2 + 1,"393,217",€9.50,"€3,735,562"
27.01.2023,Friday,"Friday, 27th January 2023","€94,900,941",04 09 29 34 37,03 12,5 + 2,0,"€94,900,941","€94,900,941"
27.01.2023,Friday,"Friday, 27th January 2023","€94,900,941",04 09 29 34 37,03 12,5 + 1,6,"€470,317.50","€2,821,905"
27.01.2023,Friday,"Friday, 27th January 2023","€94,900,941",04 09 29 34 37,03 12,5 + 0,9,"€176,824.80","€1,591,423"
27.01.2023,Friday,"Friday, 27th January 2023","€94,900,941",04 09 29 34 37,03 12,4 + 2,30,"€8,750.00","€262,500"
27.01.2023,Friday,"Friday, 27th January 2023","€94,900,941",04 09 29 34 37,03 12,4 + 1,860,€381.50,"€328,090"
27.01.2023,Friday,"Friday, 27th January 2023","€94,900,941",04 09 29 34 37,03 12,4 + 0,"1,762",€204.80,"€360,858"
27.01.2023,Friday,"Friday, 27th January 2023","€94,900,941",04 09 29 34 37,03 12,3 + 2,"2,435",€107.80,"€262,493"
27.01.2023,Friday,"Friday, 27th January 2023","€94,900,941",04 09 29 34 37,03 12,2 + 2,"25,350",€33.00,"€836,550"
27.01.2023,Friday,"Friday, 27th January 2023","€94,900,941",04 09 29 34 37,03 12,3 + 1,"45,477",€20.50,"€932,279"
27.01.2023,Friday,"Friday, 27th January 2023","€94,900,941",04 09 29 34 37,03 12,3 + 0,"110,652",€16.50,"€1,825,758"
27.01.2023,Friday,"Friday, 27th January 2023","€94,900,941",04 09 29 34 37,03 12,1 + 2,"130,725",€16.50,"€2,156,963"
27.01.2023,Friday,"Friday, 27th January 2023","€94,900,941",04 09 29 34 37,03 12,2 + 1,"646,231",€10.30,"€6,656,179"
31.01.2023,Tuesday,"Tuesday, 31st January 2023","€107,469,011",20 21 30 41 43,10 11,5 + 2,1,"€107,469,011","€107,469,011"
31.01.2023,Tuesday,"Tuesday, 31st January 2023","€107,469,011",20 21 30 41 43,10 11,5 + 1,3,"€764,670.60","€2,294,012"
31.01.2023,Tuesday,"Tuesday, 31st January 2023","€107,469,011",20 21 30 41 43,10 11,5 + 0,9,"€143,746.20","€1,293,716"
31.01.2023,Tuesday,"Tuesday, 31st January 2023","€107,469,011",20 21 30 41 43,10 11,4 + 2,30,"€7,113.20","€213,396"
31.01.2023,Tuesday,"Tuesday, 31st January 2023","€107,469,011",20 21 30 41 43,10 11,4 + 1,634,€420.70,"€266,724"
31.01.2023,Tuesday,"Tuesday, 31st January 2023","€107,469,011",20 21 30 41 43,10 11,4 + 0,"1,336",€219.60,"€293,386"
31.01.2023,Tuesday,"Tuesday, 31st January 2023","€107,469,011",20 21 30 41 43,10 11,3 + 2,"1,581",€134.90,"€213,277"
31.01.2023,Tuesday,"Tuesday, 31st January 2023","€107,469,011",20 21 30 41 43,10 11,2 + 2,"19,373",€35.10,"€679,992"
31.01.2023,Tuesday,"Tuesday, 31st January 2023","€107,469,011",20 21 30 41 43,10 11,3 + 1,"30,048",€25.30,"€760,214"
31.01.2023,Tuesday,"Tuesday, 31st January 2023","€107,469,011",20 21 30 41 43,10 11,3 + 0,"74,563",€19.30,"€1,439,066"
31.01.2023,Tuesday,"Tuesday, 31st January 2023","€107,469,011",20 21 30 41 43,10 11,1 + 2,"102,329",€17.50,"€1,790,758"
31.01.2023,Tuesday,"Tuesday, 31st January 2023","€107,469,011",20 21 30 41 43,10 11,2 + 1,"456,398",€11.80,"€5,385,496"
03.02.2023,Friday,"Friday, 3rd February 2023","€10,000,000",01 07 17 44 50,02 10,5 + 2,0,"€10,000,000","€10,000,000"
03.02.2023,Friday,"Friday, 3rd February 2023","€10,000,000",01 07 17 44 50,02 10,5 + 1,1,"€1,780,999.60","€1,781,000"
03.02.2023,Friday,"Friday, 3rd February 2023","€10,000,000",01 07 17 44 50,02 10,5 + 0,11,"€91,309.10","€1,004,400"
03.02.2023,Friday,"Friday, 3rd February 2023","€10,000,000",01 07 17 44 50,02 10,4 + 2,40,"€4,141.80","€165,672"
03.02.2023,Friday,"Friday, 3rd February 2023","€10,000,000",01 07 17 44 50,02 10,4 + 1,653,€317.10,"€207,066"
03.02.2023,Friday,"Friday, 3rd February 2023","€10,000,000",01 07 17 44 50,02 10,4 + 0,"1,567",€145.30,"€227,685"
03.02.2023,Friday,"Friday, 3rd February 2023","€10,000,000",01 07 17 44 50,02 10,3 + 2,"1,590",€104.10,"€165,519"
03.02.2023,Friday,"Friday, 3rd February 2023","€10,000,000",01 07 17 44 50,02 10,2 + 2,"21,454",€24.60,"€527,768"
03.02.2023,Friday,"Friday, 3rd February 2023","€10,000,000",01 07 17 44 50,02 10,3 + 1,"29,575",€19.90,"€588,543"
03.02.2023,Friday,"Friday, 3rd February 2023","€10,000,000",01 07 17 44 50,02 10,3 + 0,"68,633",€16.20,"€1,111,855"
03.02.2023,Friday,"Friday, 3rd February 2023","€10,000,000",01 07 17 44 50,02 10,1 + 2,"112,348",€12.40,"€1,393,115"
03.02.2023,Friday,"Friday, 3rd February 2023","€10,000,000",01 07 17 44 50,02 10,2 + 1,"424,494",€9.90,"€4,202,491"
07.02.2023,Tuesday,"Tuesday, 7th February 2023","€15,973,331",10 15 25 37 46,07 12,5 + 2,0,"€15,973,331","€15,973,331"
07.02.2023,Tuesday,"Tuesday, 7th February 2023","€15,973,331",10 15 25 37 46,07 12,5 + 1,3,"€334,242.60","€1,002,728"
07.02.2023,Tuesday,"Tuesday, 7th February 2023","€15,973,331",10 15 25 37 46,07 12,5 + 0,2,"€282,745.90","€565,492"
07.02.2023,Tuesday,"Tuesday, 7th February 2023","€15,973,331",10 15 25 37 46,07 12,4 + 2,15,"€6,218.40","€93,276"
07.02.2023,Tuesday,"Tuesday, 7th February 2023","€15,973,331",10 15 25 37 46,07 12,4 + 1,336,€347.00,"€116,592"
07.02.2023,Tuesday,"Tuesday, 7th February 2023","€15,973,331",10 15 25 37 46,07 12,4 + 0,667,€192.20,"€128,197"
07.02.2023,Tuesday,"Tuesday, 7th February 2023","€15,973,331",10 15 25 37 46,07 12,3 + 2,787,€118.50,"€93,260"
07.02.2023,Tuesday,"Tuesday, 7th February 2023","€15,973,331",10 15 25 37 46,07 12,2 + 2,"9,280",€32.00,"€296,960"
07.02.2023,Tuesday,"Tuesday, 7th February 2023","€15,973,331",10 15 25 37 46,07 12,3 + 1,"15,620",€21.20,"€331,144"
07.02.2023,Tuesday,"Tuesday, 7th February 2023","€15,973,331",10 15 25 37 46,07 12,3 + 0,"36,834",€17.00,"€626,178"
07.02.2023,Tuesday,"Tuesday, 7th February 2023","€15,973,331",10 15 25 37 46,07 12,1 + 2,"48,968",€16.00,"€783,488"
07.02.2023,Tuesday,"Tuesday, 7th February 2023","€15,973,331",10 15 25 37 46,07 12,2 + 1,"221,162",€10.70,"€2,366,433"
10.02.2023,Friday,"Friday, 10th February 2023","€24,516,719",03 10 20 36 42,08 10,5 + 2,0,"€24,516,719","€24,516,719"
10.02.2023,Friday,"Friday, 10th February 2023","€24,516,719",03 10 20 36 42,08 10,5 + 1,2,"€894,038.60","€1,788,077"
10.02.2023,Friday,"Friday, 10th February 2023","€24,516,719",03 10 20 36 42,08 10,5 + 0,2,"€504,196.20","€1,008,392"
10.02.2023,Friday,"Friday, 10th February 2023","€24,516,719",03 10 20 36 42,08 10,4 + 2,29,"€5,735.60","€166,332"
10.02.2023,Friday,"Friday, 10th February 2023","€24,516,719",03 10 20 36 42,08 10,4 + 1,619,€335.80,"€207,860"
10.02.2023,Friday,"Friday, 10th February 2023","€24,516,719",03 10 20 36 42,08 10,4 + 0,"1,228",€186.20,"€228,654"
10.02.2023,Friday,"Friday, 10th February 2023","€24,516,719",03 10 20 36 42,08 10,3 + 2,"1,282",€129.70,"€166,275"
10.02.2023,Friday,"Friday, 10th February 2023","€24,516,719",03 10 20 36 42,08 10,2 + 2,"19,037",€27.80,"€529,229"
10.02.2023,Friday,"Friday, 10th February 2023","€24,516,719",03 10 20 36 42,08 10,3 + 1,"28,413",€20.80,"€590,990"
10.02.2023,Friday,"Friday, 10th February 2023","€24,516,719",03 10 20 36 42,08 10,3 + 0,"59,819",€18.70,"€1,118,615"
10.02.2023,Friday,"Friday, 10th February 2023","€24,516,719",03 10 20 36 42,08 10,1 + 2,"100,524",€13.90,"€1,397,284"
10.02.2023,Friday,"Friday, 10th February 2023","€24,516,719",03 10 20 36 42,08 10,2 + 1,"427,678",€9.80,"€4,191,244"
14.02.2023,Tuesday,"Tuesday, 14th February 2023","€31,117,226",01 02 06 14 45,02 07,5 + 2,0,"€31,117,226","€31,117,226"
14.02.2023,Tuesday,"Tuesday, 14th February 2023","€31,117,226",01 02 06 14 45,02 07,5 + 1,0,€0.00,€0
14.02.2023,Tuesday,"Tuesday, 14th February 2023","€31,117,226",01 02 06 14 45,02 07,5 + 0,3,"€210,473.70","€631,421"
14.02.2023,Tuesday,"Tuesday, 14th February 2023","€31,117,226",01 02 06 14 45,02 07,4 + 2,27,"€3,857.40","€104,150"
14.02.2023,Tuesday,"Tuesday, 14th February 2023","€31,117,226",01 02 06 14 45,02 07,4 + 1,404,€322.20,"€130,169"
14.02.2023,Tuesday,"Tuesday, 14th February 2023","€31,117,226",01 02 06 14 45,02 07,4 + 0,"1,109",€130.80,"€145,057"
14.02.2023,Tuesday,"Tuesday, 14th February 2023","€31,117,226",01 02 06 14 45,02 07,3 + 2,781,€130.80,"€102,155"
14.02.2023,Tuesday,"Tuesday, 14th February 2023","€31,117,226",01 02 06 14 45,02 07,2 + 2,"17,133",€19.30,"€330,667"
14.02.2023,Tuesday,"Tuesday, 14th February 2023","€31,117,226",01 02 06 14 45,02 07,3 + 1,"19,459",€19.00,"€369,721"
14.02.2023,Tuesday,"Tuesday, 14th February 2023","€31,117,226",01 02 06 14 45,02 07,3 + 0,"37,827",€18.50,"€699,800"
14.02.2023,Tuesday,"Tuesday, 14th February 2023","€31,117,226",01 02 06 14 45,02 07,1 + 2,"89,950",€9.70,"€872,515"
14.02.2023,Tuesday,"Tuesday, 14th February 2023","€31,117,226",01 02 06 14 45,02 07,2 + 1,"281,826",€9.30,"€2,620,982"
17.02.2023,Friday,"Friday, 17th February 2023","€40,254,188",05 12 15 21 39,03 04,5 + 2,1,"€40,254,188","€40,254,188"
17.02.2023,Friday,"Friday, 17th February 2023","€40,254,188",05 12 15 21 39,03 04,5 + 1,1,"€3,014,279.10","€3,014,279"
17.02.2023,Friday,"Friday, 17th February 2023","€40,254,188",05 12 15 21 39,03 04,5 + 0,5,"€213,698.40","€1,068,492"
17.02.2023,Friday,"Friday, 17th February 2023","€40,254,188",05 12 15 21 39,03 04,4 + 2,48,"€3,671.70","€176,242"
17.02.2023,Friday,"Friday, 17th February 2023","€40,254,188",05 12 15 21 39,03 04,4 + 1,868,€253.80,"€220,298"
17.02.2023,Friday,"Friday, 17th February 2023","€40,254,188",05 12 15 21 39,03 04,4 + 0,"1,754",€138.10,"€242,227"
17.02.2023,Friday,"Friday, 17th February 2023","€40,254,188",05 12 15 21 39,03 04,3 + 2,"1,621",€108.70,"€176,203"
17.02.2023,Friday,"Friday, 17th February 2023","€40,254,188",05 12 15 21 39,03 04,2 + 2,"24,794",€22.60,"€560,344"
17.02.2023,Friday,"Friday, 17th February 2023","€40,254,188",05 12 15 21 39,03 04,3 + 1,"40,108",€16.10,"€645,739"
17.02.2023,Friday,"Friday, 17th February 2023","€40,254,188",05 12 15 21 39,03 04,3 + 0,"72,557",€16.10,"€1,168,168"
17.02.2023,Friday,"Friday, 17th February 2023","€40,254,188",05 12 15 21 39,03 04,1 + 2,"125,722",€11.80,"€1,483,520"
17.02.2023,Friday,"Friday, 17th February 2023","€40,254,188",05 12 15 21 39,03 04,2 + 1,"546,930",€8.10,"€4,430,133"
21.02.2023,Tuesday,"Tuesday, 21st February 2023","€10,000,000",13 20 34 38 43,03 06,5 + 2,1,"€10,000,000","€10,000,000"
21.02.2023,Tuesday,"Tuesday, 21st February 2023","€10,000,000",13 20 34 38 43,03 06,5 + 1,3,"€305,860.70","€917,582"
21.02.2023,Tuesday,"Tuesday, 21st February 2023","€10,000,000",13 20 34 38 43,03 06,5 + 0,4,"€129,368.40","€517,474"
21.02.2023,Tuesday,"Tuesday, 21st February 2023","€10,000,000",13 20 34 38 43,03 06,4 + 2,20,"€4,267.80","€85,356"
21.02.2023,Tuesday,"Tuesday, 21st February 2023","€10,000,000",13 20 34 38 43,03 06,4 + 1,347,€307.40,"€106,668"
21.02.2023,Tuesday,"Tuesday, 21st February 2023","€10,000,000",13 20 34 38 43,03 06,4 + 0,918,€127.80,"€117,320"
21.02.2023,Tuesday,"Tuesday, 21st February 2023","€10,000,000",13 20 34 38 43,03 06,3 + 2,782,€109.10,"€85,316"
21.02.2023,Tuesday,"Tuesday, 21st February 2023","€10,000,000",13 20 34 38 43,03 06,2 + 2,"12,632",€21.50,"€271,588"
21.02.2023,Tuesday,"Tuesday, 21st February 2023","€10,000,000",13 20 34 38 43,03 06,3 + 1,"15,998",€19.00,"€303,962"
21.02.2023,Tuesday,"Tuesday, 21st February 2023","€10,000,000",13 20 34 38 43,03 06,3 + 0,"32,663",€17.60,"€574,869"
21.02.2023,Tuesday,"Tuesday, 21st February 2023","€10,000,000",13 20 34 38 43,03 06,1 + 2,"67,421",€10.60,"€714,663"
21.02.2023,Tuesday,"Tuesday, 21st February 2023","€10,000,000",13 20 34 38 43,03 06,2 + 1,"227,339",€9.50,"€2,159,721"
24.02.2023,Friday,"Friday, 24th February 2023","€10,000,000",01 05 12 18 20,06 07,5 + 2,0,"€10,000,000","€10,000,000"
24.02.2023,Friday,"Friday, 24th February 2023","€10,000,000",01 05 12 18 20,06 07,5 + 1,8,"€198,576.70","€1,588,614"
24.02.2023,Friday,"Friday, 24th February 2023","€10,000,000",01 05 12 18 20,06 07,5 + 0,9,"€99,544.90","€895,904"
24.02.2023,Friday,"Friday, 24th February 2023","€10,000,000",01 05 12 18 20,06 07,4 + 2,51,"€2,897.60","€147,778"
24.02.2023,Friday,"Friday, 24th February 2023","€10,000,000",01 05 12 18 20,06 07,4 + 1,"1,002",€184.30,"€184,669"
24.02.2023,Friday,"Friday, 24th February 2023","€10,000,000",01 05 12 18 20,06 07,4 + 0,"1,588",€127.90,"€203,105"
24.02.2023,Friday,"Friday, 24th February 2023","€10,000,000",01 05 12 18 20,06 07,3 + 2,"1,920",€76.90,"€147,648"
24.02.2023,Friday,"Friday, 24th February 2023","€10,000,000",01 05 12 18 20,06 07,2 + 2,"21,585",€21.80,"€470,553"
24.02.2023,Friday,"Friday, 24th February 2023","€10,000,000",01 05 12 18 20,06 07,3 + 1,"35,339",€14.80,"€523,017"
24.02.2023,Friday,"Friday, 24th February 2023","€10,000,000",01 05 12 18 20,06 07,3 + 0,"69,091",€14.40,"€994,910"
24.02.2023,Friday,"Friday, 24th February 2023","€10,000,000",01 05 12 18 20,06 07,1 + 2,"101,755",€12.20,"€1,241,411"
24.02.2023,Friday,"Friday, 24th February 2023","€10,000,000",01 05 12 18 20,06 07,2 + 1,"447,393",€8.30,"€3,713,362"
28.02.2023,Tuesday,"Tuesday, 28th February 2023","€13,995,949",06 20 27 38 49,03 09,5 + 2,0,"€13,995,949","€13,995,949"
28.02.2023,Tuesday,"Tuesday, 28th February 2023","€13,995,949",06 20 27 38 49,03 09,5 + 1,1,"€954,587.70","€954,588"
28.02.2023,Tuesday,"Tuesday, 28th February 2023","€13,995,949",06 20 27 38 49,03 09,5 + 0,2,"€269,171.50","€538,343"
28.02.2023,Tuesday,"Tuesday, 28th February 2023","€13,995,949",06 20 27 38 49,03 09,4 + 2,37,"€2,399.90","€88,796"
28.02.2023,Tuesday,"Tuesday, 28th February 2023","€13,995,949",06 20 27 38 49,03 09,4 + 1,383,€289.80,"€110,993"
28.02.2023,Tuesday,"Tuesday, 28th February 2023","€13,995,949",06 20 27 38 49,03 09,4 + 0,"1,083",€115.70,"€125,303"
28.02.2023,Tuesday,"Tuesday, 28th February 2023","€13,995,949",06 20 27 38 49,03 09,3 + 2,739,€115.70,"€85,502"
28.02.2023,Tuesday,"Tuesday, 28th February 2023","€13,995,949",06 20 27 38 49,03 09,2 + 2,"15,297",€18.80,"€287,584"
28.02.2023,Tuesday,"Tuesday, 28th February 2023","€13,995,949",06 20 27 38 49,03 09,3 + 1,"16,506",€18.80,"€310,313"
28.02.2023,Tuesday,"Tuesday, 28th February 2023","€13,995,949",06 20 27 38 49,03 09,3 + 0,"34,364",€17.40,"€597,934"
28.02.2023,Tuesday,"Tuesday, 28th February 2023","€13,995,949",06 20 27 38 49,03 09,1 + 2,"79,581",€9.40,"€748,061"
28.02.2023,Tuesday,"Tuesday, 28th February 2023","€13,995,949",06 20 27 38 49,03 09,2 + 1,"238,370",€9.40,"€2,240,678"
03.03.2023,Friday,"Friday, 3rd March 2023","€21,284,344",01 18 37 46 48,03 07,5 + 2,0,"€21,284,344","€21,284,344"
03.03.2023,Friday,"Friday, 3rd March 2023","€21,284,344",01 18 37 46 48,03 07,5 + 1,0,€0.00,€0
03.03.2023,Friday,"Friday, 3rd March 2023","€21,284,344",01 18 37 46 48,03 07,5 + 0,2,"€490,954.30","€981,909"
03.03.2023,Friday,"Friday, 3rd March 2023","€21,284,344",01 18 37 46 48,03 07,4 + 2,33,"€4,908.00","€161,964"
03.03.2023,Friday,"Friday, 3rd March 2023","€21,284,344",01 18 37 46 48,03 07,4 + 1,510,€396.90,"€202,419"
03.03.2023,Friday,"Friday, 3rd March 2023","€21,284,344",01 18 37 46 48,03 07,4 + 0,"1,853",€131.90,"€244,411"
03.03.2023,Friday,"Friday, 3rd March 2023","€21,284,344",01 18 37 46 48,03 07,3 + 2,"1,063",€131.90,"€140,210"
03.03.2023,Friday,"Friday, 3rd March 2023","€21,284,344",01 18 37 46 48,03 07,2 + 2,"30,332",€20.60,"€624,839"
03.03.2023,Friday,"Friday, 3rd March 2023","€21,284,344",01 18 37 46 48,03 07,3 + 1,"24,945",€20.60,"€513,867"
03.03.2023,Friday,"Friday, 3rd March 2023","€21,284,344",01 18 37 46 48,03 07,3 + 0,"50,653",€20.60,"€1,043,452"
03.03.2023,Friday,"Friday, 3rd March 2023","€21,284,344",01 18 37 46 48,03 07,1 + 2,"181,525",€9.40,"€1,706,335"
03.03.2023,Friday,"Friday, 3rd March 2023","€21,284,344",01 18 37 46 48,03 07,2 + 1,"398,108",€9.40,"€3,742,215"
07.03.2023,Tuesday,"Tuesday, 7th March 2023","€25,663,113",04 11 12 16 42,03 05,5 + 2,0,"€25,663,113","€25,663,113"
07.03.2023,Tuesday,"Tuesday, 7th March 2023","€25,663,113",04 11 12 16 42,03 05,5 + 1,1,"€2,787,155.80","€2,787,156"
07.03.2023,Tuesday,"Tuesday, 7th March 2023","€25,663,113",04 11 12 16 42,03 05,5 + 0,2,"€294,958.70","€589,917"
07.03.2023,Tuesday,"Tuesday, 7th March 2023","€25,663,113",04 11 12 16 42,03 05,4 + 2,18,"€5,405.80","€97,304"
07.03.2023,Tuesday,"Tuesday, 7th March 2023","€25,663,113",04 11 12 16 42,03 05,4 + 1,369,€329.60,"€121,622"
07.03.2023,Tuesday,"Tuesday, 7th March 2023","€25,663,113",04 11 12 16 42,03 05,4 + 0,"1,000",€133.70,"€133,700"
07.03.2023,Tuesday,"Tuesday, 7th March 2023","€25,663,113",04 11 12 16 42,03 05,3 + 2,841,€115.70,"€97,304"
07.03.2023,Tuesday,"Tuesday, 7th March 2023","€25,663,113",04 11 12 16 42,03 05,2 + 2,"15,287",€20.20,"€308,797"
07.03.2023,Tuesday,"Tuesday, 7th March 2023","€25,663,113",04 11 12 16 42,03 05,3 + 1,"19,494",€17.70,"€345,044"
07.03.2023,Tuesday,"Tuesday, 7th March 2023","€25,663,113",04 11 12 16 42,03 05,3 + 0,"39,612",€16.50,"€653,598"
07.03.2023,Tuesday,"Tuesday, 7th March 2023","€25,663,113",04 11 12 16 42,03 05,1 + 2,"78,607",€10.40,"€817,513"
07.03.2023,Tuesday,"Tuesday, 7th March 2023","€25,663,113",04 11 12 16 42,03 05,2 + 1,"282,540",€8.70,"€2,458,098"
10.03.2023,Friday,"Friday, 10th March 2023","€33,320,787",06 17 22 39 46,05 12,5 + 2,0,"€33,320,787","€33,320,787"
10.03.2023,Friday,"Friday, 10th March 2023","€33,320,787",06 17 22 39 46,05 12,5 + 1,6,"€304,888.80","€1,829,333"
10.03.2023,Friday,"Friday, 10th March 2023","€33,320,787",06 17 22 39 46,05 12,5 + 0,7,"€147,379.80","€1,031,659"
10.03.2023,Friday,"Friday, 10th March 2023","€33,320,787",06 17 22 39 46,05 12,4 + 2,23,"€7,398.70","€170,170"
10.03.2023,Friday,"Friday, 10th March 2023","€33,320,787",06 17 22 39 46,05 12,4 + 1,622,€341.90,"€212,662"
10.03.2023,Friday,"Friday, 10th March 2023","€33,320,787",06 17 22 39 46,05 12,4 + 0,"1,110",€210.70,"€233,877"
10.03.2023,Friday,"Friday, 10th March 2023","€33,320,787",06 17 22 39 46,05 12,3 + 2,"1,731",€98.30,"€170,157"
10.03.2023,Friday,"Friday, 10th March 2023","€33,320,787",06 17 22 39 46,05 12,2 + 2,"14,282",€37.90,"€541,288"
10.03.2023,Friday,"Friday, 10th March 2023","€33,320,787",06 17 22 39 46,05 12,3 + 1,"26,992",€22.40,"€604,621"
10.03.2023,Friday,"Friday, 10th March 2023","€33,320,787",06 17 22 39 46,05 12,3 + 0,"70,763",€17.50,"€1,238,353"
10.03.2023,Friday,"Friday, 10th March 2023","€33,320,787",06 17 22 39 46,05 12,1 + 2,"76,268",€17.50,"€1,334,690"
10.03.2023,Friday,"Friday, 10th March 2023","€33,320,787",06 17 22 39 46,05 12,2 + 1,"386,360",€11.10,"€4,288,596"
14.03.2023,Tuesday,"Tuesday, 14th March 2023","€39,151,659",09 16 32 34 48,02 06,5 + 2,0,"€39,151,659","€39,151,659"
14.03.2023,Tuesday,"Tuesday, 14th March 2023","€39,151,659",09 16 32 34 48,02 06,5 + 1,1,"€1,117,249.40","€1,117,249"
14.03.2023,Tuesday,"Tuesday, 14th March 2023","€39,151,659",09 16 32 34 48,02 06,5 + 0,5,"€126,015.30","€630,077"
14.03.2023,Tuesday,"Tuesday, 14th March 2023","€39,151,659",09 16 32 34 48,02 06,4 + 2,23,"€4,518.70","€103,930"
14.03.2023,Tuesday,"Tuesday, 14th March 2023","€39,151,659",09 16 32 34 48,02 06,4 + 1,426,€304.90,"€129,887"
14.03.2023,Tuesday,"Tuesday, 14th March 2023","€39,151,659",09 16 32 34 48,02 06,4 + 0,"1,066",€134.00,"€142,844"
14.03.2023,Tuesday,"Tuesday, 14th March 2023","€39,151,659",09 16 32 34 48,02 06,3 + 2,"1,024",€101.40,"€103,834"
14.03.2023,Tuesday,"Tuesday, 14th March 2023","€39,151,659",09 16 32 34 48,02 06,2 + 2,"13,937",€23.70,"€330,307"
14.03.2023,Tuesday,"Tuesday, 14th March 2023","€39,151,659",09 16 32 34 48,02 06,3 + 1,"18,714",€19.70,"€368,666"
14.03.2023,Tuesday,"Tuesday, 14th March 2023","€39,151,659",09 16 32 34 48,02 06,3 + 0,"40,923",€17.10,"€699,783"
14.03.2023,Tuesday,"Tuesday, 14th March 2023","€39,151,659",09 16 32 34 48,02 06,1 + 2,"74,148",€11.80,"€874,946"
14.03.2023,Tuesday,"Tuesday, 14th March 2023","€39,151,659",09 16 32 34 48,02 06,2 + 1,"260,286",€10.10,"€2,628,889"
17.03.2023,Friday,"Friday, 17th March 2023","€48,436,862",05 18 21 29 45,01 06,5 + 2,0,"€48,436,862","€48,436,862"
17.03.2023,Friday,"Friday, 17th March 2023","€48,436,862",05 18 21 29 45,01 06,5 + 1,3,"€645,095.60","€1,935,287"
17.03.2023,Friday,"Friday, 17th March 2023","€48,436,862",05 18 21 29 45,01 06,5 + 0,12,"€90,950.90","€1,091,411"
17.03.2023,Friday,"Friday, 17th March 2023","€48,436,862",05 18 21 29 45,01 06,4 + 2,39,"€4,616.00","€180,024"
17.03.2023,Friday,"Friday, 17th March 2023","€48,436,862",05 18 21 29 45,01 06,4 + 1,779,€288.80,"€224,975"
17.03.2023,Friday,"Friday, 17th March 2023","€48,436,862",05 18 21 29 45,01 06,4 + 0,"1,547",€160.00,"€247,520"
17.03.2023,Friday,"Friday, 17th March 2023","€48,436,862",05 18 21 29 45,01 06,3 + 2,"1,914",€94.00,"€179,916"
17.03.2023,Friday,"Friday, 17th March 2023","€48,436,862",05 18 21 29 45,01 06,2 + 2,"22,264",€25.70,"€572,185"
17.03.2023,Friday,"Friday, 17th March 2023","€48,436,862",05 18 21 29 45,01 06,3 + 1,"32,604",€19.60,"€639,038"
17.03.2023,Friday,"Friday, 17th March 2023","€48,436,862",05 18 21 29 45,01 06,3 + 0,"76,510",€15.80,"€1,208,858"
17.03.2023,Friday,"Friday, 17th March 2023","€48,436,862",05 18 21 29 45,01 06,1 + 2,"115,768",€13.10,"€1,516,561"
17.03.2023,Friday,"Friday, 17th March 2023","€48,436,862",05 18 21 29 45,01 06,2 + 1,"451,857",€10.10,"€4,563,756"
21.03.2023,Tuesday,"Tuesday, 21st March 2023","€55,607,620",08 13 16 44 47,06 08,5 + 2,0,"€55,607,620","€55,607,620"
21.03.2023,Tuesday,"Tuesday, 21st March 2023","€55,607,620",08 13 16 44 47,06 08,5 + 1,0,€0.00,€0
21.03.2023,Tuesday,"Tuesday, 21st March 2023","€55,607,620",08 13 16 44 47,06 08,5 + 0,5,"€138,175.20","€690,876"
21.03.2023,Tuesday,"Tuesday, 21st March 2023","€55,607,620",08 13 16 44 47,06 08,4 + 2,24,"€4,748.20","€113,957"
21.03.2023,Tuesday,"Tuesday, 21st March 2023","€55,607,620",08 13 16 44 47,06 08,4 + 1,489,€291.30,"€142,446"
21.03.2023,Tuesday,"Tuesday, 21st March 2023","€55,607,620",08 13 16 44 47,06 08,4 + 0,"1,215",€128.90,"€156,614"
21.03.2023,Tuesday,"Tuesday, 21st March 2023","€55,607,620",08 13 16 44 47,06 08,3 + 2,965,€118.00,"€113,870"
21.03.2023,Tuesday,"Tuesday, 21st March 2023","€55,607,620",08 13 16 44 47,06 08,2 + 2,"16,472",€22.00,"€362,384"
21.03.2023,Tuesday,"Tuesday, 21st March 2023","€55,607,620",08 13 16 44 47,06 08,3 + 1,"22,275",€18.20,"€405,405"
21.03.2023,Tuesday,"Tuesday, 21st March 2023","€55,607,620",08 13 16 44 47,06 08,3 + 0,"44,561",€17.20,"€766,449"
21.03.2023,Tuesday,"Tuesday, 21st March 2023","€55,607,620",08 13 16 44 47,06 08,1 + 2,"84,297",€11.40,"€960,986"
21.03.2023,Tuesday,"Tuesday, 21st March 2023","€55,607,620",08 13 16 44 47,06 08,2 + 1,"316,869",€9.10,"€2,883,508"
24.03.2023,Friday,"Friday, 24th March 2023","€65,670,058",06 21 23 26 43,03 09,5 + 2,0,"€65,670,058","€65,670,058"
24.03.2023,Friday,"Friday, 24th March 2023","€65,670,058",06 21 23 26 43,03 09,5 + 1,5,"€663,892.60","€3,319,463"
24.03.2023,Friday,"Friday, 24th March 2023","€65,670,058",06 21 23 26 43,03 09,5 + 0,9,"€131,238.40","€1,181,146"
24.03.2023,Friday,"Friday, 24th March 2023","€65,670,058",06 21 23 26 43,03 09,4 + 2,45,"€4,329.50","€194,828"
24.03.2023,Friday,"Friday, 24th March 2023","€65,670,058",06 21 23 26 43,03 09,4 + 1,798,€305.10,"€243,470"
24.03.2023,Friday,"Friday, 24th March 2023","€65,670,058",06 21 23 26 43,03 09,4 + 0,"2,395",€112.90,"€270,396"
24.03.2023,Friday,"Friday, 24th March 2023","€65,670,058",06 21 23 26 43,03 09,3 + 2,"1,702",€112.90,"€192,156"
24.03.2023,Friday,"Friday, 24th March 2023","€65,670,058",06 21 23 26 43,03 09,2 + 2,"35,457",€17.80,"€631,135"
24.03.2023,Friday,"Friday, 24th March 2023","€65,670,058",06 21 23 26 43,03 09,3 + 1,"38,076",€17.80,"€677,753"
24.03.2023,Friday,"Friday, 24th March 2023","€65,670,058",06 21 23 26 43,03 09,3 + 0,"75,946",€17.30,"€1,313,866"
24.03.2023,Friday,"Friday, 24th March 2023","€65,670,058",06 21 23 26 43,03 09,1 + 2,"183,281",€8.90,"€1,631,201"
24.03.2023,Friday,"Friday, 24th March 2023","€65,670,058",06 21 23 26 43,03 09,2 + 1,"549,653",€8.90,"€4,891,912"
28.03.2023,Tuesday,"Tuesday, 28th March 2023","€73,860,868",06 12 36 37 44,01 11,5 + 2,1,"€73,860,868","€73,860,868"
28.03.2023,Tuesday,"Tuesday, 28th March 2023","€73,860,868",06 12 36 37 44,01 11,5 + 1,0,€0.00,€0
28.03.2023,Tuesday,"Tuesday, 28th March 2023","€73,860,868",06 12 36 37 44,01 11,5 + 0,2,"€399,236.60","€798,473"
28.03.2023,Tuesday,"Tuesday, 28th March 2023","€73,860,868",06 12 36 37 44,01 11,4 + 2,13,"€10,131.30","€131,707"
28.03.2023,Tuesday,"Tuesday, 28th March 2023","€73,860,868",06 12 36 37 44,01 11,4 + 1,455,€361.80,"€164,619"
28.03.2023,Tuesday,"Tuesday, 28th March 2023","€73,860,868",06 12 36 37 44,01 11,4 + 0,820,€220.80,"€181,056"
28.03.2023,Tuesday,"Tuesday, 28th March 2023","€73,860,868",06 12 36 37 44,01 11,3 + 2,"1,238",€106.30,"€131,599"
28.03.2023,Tuesday,"Tuesday, 28th March 2023","€73,860,868",06 12 36 37 44,01 11,2 + 2,"12,333",€34.00,"€419,322"
28.03.2023,Tuesday,"Tuesday, 28th March 2023","€73,860,868",06 12 36 37 44,01 11,3 + 1,"19,664",€23.80,"€468,003"
28.03.2023,Tuesday,"Tuesday, 28th March 2023","€73,860,868",06 12 36 37 44,01 11,3 + 0,"57,446",€16.20,"€930,625"
28.03.2023,Tuesday,"Tuesday, 28th March 2023","€73,860,868",06 12 36 37 44,01 11,1 + 2,"65,751",€16.20,"€1,065,166"
28.03.2023,Tuesday,"Tuesday, 28th March 2023","€73,860,868",06 12 36 37 44,01 11,2 + 1,"289,664",€11.50,"€3,331,136"
31.03.2023,Friday,"Friday, 31st March 2023","€10,000,000",10 11 31 37 44,05 12,5 + 2,1,"€10,000,000","€10,000,000"
31.03.2023,Friday,"Friday, 31st March 2023","€10,000,000",10 11 31 37 44,05 12,5 + 1,1,"€3,029,225.30","€3,029,225"
31.03.2023,Friday,"Friday, 31st March 2023","€10,000,000",10 11 31 37 44,05 12,5 + 0,6,"€151,644.80","€909,869"
31.03.2023,Friday,"Friday, 31st March 2023","€10,000,000",10 11 31 37 44,05 12,4 + 2,18,"€8,337.80","€150,080"
31.03.2023,Friday,"Friday, 31st March 2023","€10,000,000",10 11 31 37 44,05 12,4 + 1,455,€412.30,"€187,597"
31.03.2023,Friday,"Friday, 31st March 2023","€10,000,000",10 11 31 37 44,05 12,4 + 0,846,€243.90,"€206,339"
31.03.2023,Friday,"Friday, 31st March 2023","€10,000,000",10 11 31 37 44,05 12,3 + 2,"1,161",€129.20,"€150,001"
31.03.2023,Friday,"Friday, 31st March 2023","€10,000,000",10 11 31 37 44,05 12,2 + 2,"12,493",€38.20,"€477,233"
31.03.2023,Friday,"Friday, 31st March 2023","€10,000,000",10 11 31 37 44,05 12,3 + 1,"22,490",€23.70,"€533,013"
31.03.2023,Friday,"Friday, 31st March 2023","€10,000,000",10 11 31 37 44,05 12,3 + 0,"60,036",€18.00,"€1,080,648"
31.03.2023,Friday,"Friday, 31st March 2023","€10,000,000",10 11 31 37 44,05 12,1 + 2,"66,307",€18.00,"€1,193,526"
31.03.2023,Friday,"Friday, 31st March 2023","€10,000,000",10 11 31 37 44,05 12,2 + 1,"337,657",€11.20,"€3,781,758"
04.04.2023,Tuesday,"Tuesday, 4th April 2023","€10,000,000",01 15 19 24 33,07 08,5 + 2,0,"€10,000,000","€10,000,000"
04.04.2023,Tuesday,"Tuesday, 4th April 2023","€10,000,000",01 15 19 24 33,07 08,5 + 1,1,"€928,599.10","€928,599"
04.04.2023,Tuesday,"Tuesday, 4th April 2023","€10,000,000",01 15 19 24 33,07 08,5 + 0,7,"€74,812.30","€523,686"
04.04.2023,Tuesday,"Tuesday, 4th April 2023","€10,000,000",01 15 19 24 33,07 08,4 + 2,31,"€2,786.40","€86,378"
04.04.2023,Tuesday,"Tuesday, 4th April 2023","€10,000,000",01 15 19 24 33,07 08,4 + 1,477,€226.30,"€107,945"
04.04.2023,Tuesday,"Tuesday, 4th April 2023","€10,000,000",01 15 19 24 33,07 08,4 + 0,964,€123.20,"€118,765"
04.04.2023,Tuesday,"Tuesday, 4th April 2023","€10,000,000",01 15 19 24 33,07 08,3 + 2,781,€110.60,"€86,379"
04.04.2023,Tuesday,"Tuesday, 4th April 2023","€10,000,000",01 15 19 24 33,07 08,2 + 2,"12,090",€22.70,"€274,443"
04.04.2023,Tuesday,"Tuesday, 4th April 2023","€10,000,000",01 15 19 24 33,07 08,3 + 1,"20,088",€15.60,"€313,373"
04.04.2023,Tuesday,"Tuesday, 4th April 2023","€10,000,000",01 15 19 24 33,07 08,3 + 0,"37,006",€15.60,"€577,294"
04.04.2023,Tuesday,"Tuesday, 4th April 2023","€10,000,000",01 15 19 24 33,07 08,1 + 2,"60,932",€11.90,"€725,091"
04.04.2023,Tuesday,"Tuesday, 4th April 2023","€10,000,000",01 15 19 24 33,07 08,2 + 1,"260,689",€8.40,"€2,189,788"
07.04.2023,Friday,"Friday, 7th April 2023","€16,589,751",16 28 32 36 48,05 10,5 + 2,0,"€16,589,751","€16,589,751"
07.04.2023,Friday,"Friday, 7th April 2023","€16,589,751",16 28 32 36 48,05 10,5 + 1,3,"€524,739.40","€1,574,218"
07.04.2023,Friday,"Friday, 7th April 2023","€16,589,751",16 28 32 36 48,05 10,5 + 0,9,"€98,642.80","€887,785"
07.04.2023,Friday,"Friday, 7th April 2023","€16,589,751",16 28 32 36 48,05 10,4 + 2,48,"€3,050.80","€146,438"
07.04.2023,Friday,"Friday, 7th April 2023","€16,589,751",16 28 32 36 48,05 10,4 + 1,708,€258.50,"€183,018"
07.04.2023,Friday,"Friday, 7th April 2023","€16,589,751",16 28 32 36 48,05 10,4 + 0,"1,459",€138.00,"€201,342"
07.04.2023,Friday,"Friday, 7th April 2023","€16,589,751",16 28 32 36 48,05 10,3 + 2,"1,544",€94.80,"€146,371"
07.04.2023,Friday,"Friday, 7th April 2023","€16,589,751",16 28 32 36 48,05 10,2 + 2,"19,266",€24.20,"€466,237"
07.04.2023,Friday,"Friday, 7th April 2023","€16,589,751",16 28 32 36 48,05 10,3 + 1,"26,245",€19.80,"€519,651"
07.04.2023,Friday,"Friday, 7th April 2023","€16,589,751",16 28 32 36 48,05 10,3 + 0,"59,313",€16.60,"€984,596"
07.04.2023,Friday,"Friday, 7th April 2023","€16,589,751",16 28 32 36 48,05 10,1 + 2,"100,308",€12.30,"€1,233,788"
07.04.2023,Friday,"Friday, 7th April 2023","€16,589,751",16 28 32 36 48,05 10,2 + 1,"356,553",€10.40,"€3,708,151"
11.04.2023,Tuesday,"Tuesday, 11th April 2023","€20,452,418",05 19 33 37 42,07 09,5 + 2,0,"€20,452,418","€20,452,418"
11.04.2023,Tuesday,"Tuesday, 11th April 2023","€20,452,418",05 19 33 37 42,07 09,5 + 1,1,"€922,748.00","€922,748"
11.04.2023,Tuesday,"Tuesday, 11th April 2023","€20,452,418",05 19 33 37 42,07 09,5 + 0,4,"€130,096.70","€520,387"
11.04.2023,Tuesday,"Tuesday, 11th April 2023","€20,452,418",05 19 33 37 42,07 09,4 + 2,22,"€3,901.60","€85,835"
11.04.2023,Tuesday,"Tuesday, 11th April 2023","€20,452,418",05 19 33 37 42,07 09,4 + 1,437,€245.50,"€107,284"
11.04.2023,Tuesday,"Tuesday, 11th April 2023","€20,452,418",05 19 33 37 42,07 09,4 + 0,922,€128.00,"€118,016"
11.04.2023,Tuesday,"Tuesday, 11th April 2023","€20,452,418",05 19 33 37 42,07 09,3 + 2,838,€102.40,"€85,811"
11.04.2023,Tuesday,"Tuesday, 11th April 2023","€20,452,418",05 19 33 37 42,07 09,2 + 2,"12,267",€22.30,"€273,554"
11.04.2023,Tuesday,"Tuesday, 11th April 2023","€20,452,418",05 19 33 37 42,07 09,3 + 1,"17,903",€17.10,"€306,141"
11.04.2023,Tuesday,"Tuesday, 11th April 2023","€20,452,418",05 19 33 37 42,07 09,3 + 0,"33,742",€17.10,"€576,988"
11.04.2023,Tuesday,"Tuesday, 11th April 2023","€20,452,418",05 19 33 37 42,07 09,1 + 2,"63,256",€11.40,"€721,118"
11.04.2023,Tuesday,"Tuesday, 11th April 2023","€20,452,418",05 19 33 37 42,07 09,2 + 1,"247,721",€8.70,"€2,155,173"
14.04.2023,Friday,"Friday, 14th April 2023","€27,637,351",07 11 20 21 29,06 11,5 + 2,0,"€27,637,351","€27,637,351"
14.04.2023,Friday,"Friday, 14th April 2023","€27,637,351",07 11 20 21 29,06 11,5 + 1,5,"€343,280.10","€1,716,401"
14.04.2023,Friday,"Friday, 14th April 2023","€27,637,351",07 11 20 21 29,06 11,5 + 0,11,"€87,997.20","€967,969"
14.04.2023,Friday,"Friday, 14th April 2023","€27,637,351",07 11 20 21 29,06 11,4 + 2,29,"€5,505.60","€159,662"
14.04.2023,Friday,"Friday, 14th April 2023","€27,637,351",07 11 20 21 29,06 11,4 + 1,711,€280.70,"€199,578"
14.04.2023,Friday,"Friday, 14th April 2023","€27,637,351",07 11 20 21 29,06 11,4 + 0,"1,073",€204.60,"€219,536"
14.04.2023,Friday,"Friday, 14th April 2023","€27,637,351",07 11 20 21 29,06 11,3 + 2,"1,977",€80.70,"€159,544"
14.04.2023,Friday,"Friday, 14th April 2023","€27,637,351",07 11 20 21 29,06 11,2 + 2,"15,214",€33.40,"€508,148"
14.04.2023,Friday,"Friday, 14th April 2023","€27,637,351",07 11 20 21 29,06 11,3 + 1,"30,146",€18.80,"€566,745"
14.04.2023,Friday,"Friday, 14th April 2023","€27,637,351",07 11 20 21 29,06 11,3 + 0,"85,340",€15.00,"€1,280,100"
14.04.2023,Friday,"Friday, 14th April 2023","€27,637,351",07 11 20 21 29,06 11,1 + 2,"75,557",€15.00,"€1,133,355"
14.04.2023,Friday,"Friday, 14th April 2023","€27,637,351",07 11 20 21 29,06 11,2 + 1,"393,173",€10.30,"€4,049,682"
18.04.2023,Tuesday,"Tuesday, 18th April 2023","€32,102,041",16 28 31 35 42,02 10,5 + 2,0,"€32,102,041","€32,102,041"
18.04.2023,Tuesday,"Tuesday, 18th April 2023","€32,102,041",16 28 31 35 42,02 10,5 + 1,2,"€533,282.30","€1,066,565"
18.04.2023,Tuesday,"Tuesday, 18th April 2023","€32,102,041",16 28 31 35 42,02 10,5 + 0,5,"€120,298.50","€601,493"
18.04.2023,Tuesday,"Tuesday, 18th April 2023","€32,102,041",16 28 31 35 42,02 10,4 + 2,25,"€3,968.60","€99,215"
18.04.2023,Tuesday,"Tuesday, 18th April 2023","€32,102,041",16 28 31 35 42,02 10,4 + 1,389,€318.80,"€124,013"
18.04.2023,Tuesday,"Tuesday, 18th April 2023","€32,102,041",16 28 31 35 42,02 10,4 + 0,854,€159.70,"€136,384"
18.04.2023,Tuesday,"Tuesday, 18th April 2023","€32,102,041",16 28 31 35 42,02 10,3 + 2,980,€101.20,"€99,176"
18.04.2023,Tuesday,"Tuesday, 18th April 2023","€32,102,041",16 28 31 35 42,02 10,2 + 2,"12,054",€26.20,"€315,815"
18.04.2023,Tuesday,"Tuesday, 18th April 2023","€32,102,041",16 28 31 35 42,02 10,3 + 1,"16,598",€21.20,"€351,878"
18.04.2023,Tuesday,"Tuesday, 18th April 2023","€32,102,041",16 28 31 35 42,02 10,3 + 0,"38,014",€17.60,"€669,046"
18.04.2023,Tuesday,"Tuesday, 18th April 2023","€32,102,041",16 28 31 35 42,02 10,1 + 2,"64,136",€13.00,"€833,768"
18.04.2023,Tuesday,"Tuesday, 18th April 2023","€32,102,041",16 28 31 35 42,02 10,2 + 1,"232,760",€10.80,"€2,513,808"
21.04.2023,Friday,"Friday, 21st April 2023","€39,993,792",05 13 16 41 45,03 06,5 + 2,0,"€39,993,792","€39,993,792"
21.04.2023,Friday,"Friday, 21st April 2023","€39,993,792",05 13 16 41 45,03 06,5 + 1,1,"€1,780,701.20","€1,780,701"
21.04.2023,Friday,"Friday, 21st April 2023","€39,993,792",05 13 16 41 45,03 06,5 + 0,5,"€200,846.50","€1,004,233"
21.04.2023,Friday,"Friday, 21st April 2023","€39,993,792",05 13 16 41 45,03 06,4 + 2,25,"€6,625.80","€165,645"
21.04.2023,Friday,"Friday, 21st April 2023","€39,993,792",05 13 16 41 45,03 06,4 + 1,550,€376.40,"€207,020"
21.04.2023,Friday,"Friday, 21st April 2023","€39,993,792",05 13 16 41 45,03 06,4 + 0,"1,735",€134.40,"€233,184"
21.04.2023,Friday,"Friday, 21st April 2023","€39,993,792",05 13 16 41 45,03 06,3 + 2,"1,191",€134.40,"€160,070"
21.04.2023,Friday,"Friday, 21st April 2023","€39,993,792",05 13 16 41 45,03 06,2 + 2,"26,194",€20.10,"€526,499"
21.04.2023,Friday,"Friday, 21st April 2023","€39,993,792",05 13 16 41 45,03 06,3 + 1,"29,400",€20.00,"€588,000"
21.04.2023,Friday,"Friday, 21st April 2023","€39,993,792",05 13 16 41 45,03 06,3 + 0,"58,148",€19.20,"€1,116,442"
21.04.2023,Friday,"Friday, 21st April 2023","€39,993,792",05 13 16 41 45,03 06,1 + 2,"143,141",€9.70,"€1,388,468"
21.04.2023,Friday,"Friday, 21st April 2023","€39,993,792",05 13 16 41 45,03 06,2 + 1,"444,502",€9.40,"€4,178,319"
25.04.2023,Tuesday,"Tuesday, 25th April 2023","€46,857,546",12 21 24 28 40,01 03,5 + 2,1,"€46,857,546","€46,857,546"
25.04.2023,Tuesday,"Tuesday, 25th April 2023","€46,857,546",12 21 24 28 40,01 03,5 + 1,1,"€1,185,033.10","€1,185,033"
25.04.2023,Tuesday,"Tuesday, 25th April 2023","€46,857,546",12 21 24 28 40,01 03,5 + 0,4,"€167,075.80","€668,303"
25.04.2023,Tuesday,"Tuesday, 25th April 2023","€46,857,546",12 21 24 28 40,01 03,4 + 2,19,"€5,801.80","€110,234"
25.04.2023,Tuesday,"Tuesday, 25th April 2023","€46,857,546",12 21 24 28 40,01 03,4 + 1,422,€326.50,"€137,783"
25.04.2023,Tuesday,"Tuesday, 25th April 2023","€46,857,546",12 21 24 28 40,01 03,4 + 0,994,€152.40,"€151,486"
25.04.2023,Tuesday,"Tuesday, 25th April 2023","€46,857,546",12 21 24 28 40,01 03,3 + 2,880,€125.20,"€110,176"
25.04.2023,Tuesday,"Tuesday, 25th April 2023","€46,857,546",12 21 24 28 40,01 03,2 + 2,"13,685",€25.60,"€350,336"
25.04.2023,Tuesday,"Tuesday, 25th April 2023","€46,857,546",12 21 24 28 40,01 03,3 + 1,"20,159",€19.40,"€391,085"
25.04.2023,Tuesday,"Tuesday, 25th April 2023","€46,857,546",12 21 24 28 40,01 03,3 + 0,"44,293",€16.70,"€739,693"
25.04.2023,Tuesday,"Tuesday, 25th April 2023","€46,857,546",12 21 24 28 40,01 03,1 + 2,"69,420",€13.30,"€923,286"
25.04.2023,Tuesday,"Tuesday, 25th April 2023","€46,857,546",12 21 24 28 40,01 03,2 + 1,"293,244",€9.50,"€2,785,818"
28.04.2023,Friday,"Friday, 28th April 2023","€10,000,000",04 08 09 30 35,06 07,5 + 2,0,"€10,000,000","€10,000,000"
28.04.2023,Friday,"Friday, 28th April 2023","€10,000,000",04 08 09 30 35,06 07,5 + 1,5,"€313,679.10","€1,568,396"
28.04.2023,Friday,"Friday, 28th April 2023","€10,000,000",04 08 09 30 35,06 07,5 + 0,4,"€221,125.50","€884,502"
28.04.2023,Friday,"Friday, 28th April 2023","€10,000,000",04 08 09 30 35,06 07,4 + 2,28,"€5,210.60","€145,897"
28.04.2023,Friday,"Friday, 28th April 2023","€10,000,000",04 08 09 30 35,06 07,4 + 1,586,€311.20,"€182,363"
28.04.2023,Friday,"Friday, 28th April 2023","€10,000,000",04 08 09 30 35,06 07,4 + 0,"1,291",€155.30,"€200,492"
28.04.2023,Friday,"Friday, 28th April 2023","€10,000,000",04 08 09 30 35,06 07,3 + 2,"1,199",€121.60,"€145,798"
28.04.2023,Friday,"Friday, 28th April 2023","€10,000,000",04 08 09 30 35,06 07,2 + 2,"19,109",€24.30,"€464,349"
28.04.2023,Friday,"Friday, 28th April 2023","€10,000,000",04 08 09 30 35,06 07,3 + 1,"27,795",€18.60,"€516,987"
28.04.2023,Friday,"Friday, 28th April 2023","€10,000,000",04 08 09 30 35,06 07,3 + 0,"57,161",€17.20,"€983,169"
28.04.2023,Friday,"Friday, 28th April 2023","€10,000,000",04 08 09 30 35,06 07,1 + 2,"101,177",€12.10,"€1,224,242"
28.04.2023,Friday,"Friday, 28th April 2023","€10,000,000",04 08 09 30 35,06 07,2 + 1,"413,155",€8.90,"€3,677,080"
02.05.2023,Tuesday,"Tuesday, 2nd May 2023","€13,654,127",11 12 13 23 26,11 12,5 + 2,1,"€13,654,127","€13,654,127"
02.05.2023,Tuesday,"Tuesday, 2nd May 2023","€13,654,127",11 12 13 23 26,11 12,5 + 1,1,"€872,930.30","€872,930"
02.05.2023,Tuesday,"Tuesday, 2nd May 2023","€13,654,127",11 12 13 23 26,11 12,5 + 0,7,"€70,327.40","€492,292"
02.05.2023,Tuesday,"Tuesday, 2nd May 2023","€13,654,127",11 12 13 23 26,11 12,4 + 2,24,"€3,383.40","€81,202"
02.05.2023,Tuesday,"Tuesday, 2nd May 2023","€13,654,127",11 12 13 23 26,11 12,4 + 1,270,€375.90,"€101,493"
02.05.2023,Tuesday,"Tuesday, 2nd May 2023","€13,654,127",11 12 13 23 26,11 12,4 + 0,714,€156.30,"€111,598"
02.05.2023,Tuesday,"Tuesday, 2nd May 2023","€13,654,127",11 12 13 23 26,11 12,3 + 2,"1,153",€70.40,"€81,171"
02.05.2023,Tuesday,"Tuesday, 2nd May 2023","€13,654,127",11 12 13 23 26,11 12,2 + 2,"8,281",€31.20,"€258,367"
02.05.2023,Tuesday,"Tuesday, 2nd May 2023","€13,654,127",11 12 13 23 26,11 12,3 + 1,"11,840",€24.40,"€288,896"
02.05.2023,Tuesday,"Tuesday, 2nd May 2023","€13,654,127",11 12 13 23 26,11 12,3 + 0,"44,728",€14.70,"€657,502"
02.05.2023,Tuesday,"Tuesday, 2nd May 2023","€13,654,127",11 12 13 23 26,11 12,1 + 2,"39,107",€14.70,"€574,873"
02.05.2023,Tuesday,"Tuesday, 2nd May 2023","€13,654,127",11 12 13 23 26,11 12,2 + 1,"172,241",€11.90,"€2,049,668"
05.05.2023,Friday,"Friday, 5th May 2023","€10,000,000",17 18 30 33 35,06 08,5 + 2,0,"€10,000,000","€10,000,000"
05.05.2023,Friday,"Friday, 5th May 2023","€10,000,000",17 18 30 33 35,06 08,5 + 1,1,"€1,510,609.60","€1,510,610"
05.05.2023,Friday,"Friday, 5th May 2023","€10,000,000",17 18 30 33 35,06 08,5 + 0,11,"€77,446.60","€851,913"
05.05.2023,Friday,"Friday, 5th May 2023","€10,000,000",17 18 30 33 35,06 08,4 + 2,36,"€3,903.30","€140,519"
05.05.2023,Friday,"Friday, 5th May 2023","€10,000,000",17 18 30 33 35,06 08,4 + 1,565,€310.80,"€175,602"
05.05.2023,Friday,"Friday, 5th May 2023","€10,000,000",17 18 30 33 35,06 08,4 + 0,"1,369",€141.10,"€193,166"
05.05.2023,Friday,"Friday, 5th May 2023","€10,000,000",17 18 30 33 35,06 08,3 + 2,"1,102",€127.50,"€140,505"
05.05.2023,Friday,"Friday, 5th May 2023","€10,000,000",17 18 30 33 35,06 08,2 + 2,"20,568",€21.70,"€446,326"
05.05.2023,Friday,"Friday, 5th May 2023","€10,000,000",17 18 30 33 35,06 08,3 + 1,"25,058",€19.90,"€498,654"
05.05.2023,Friday,"Friday, 5th May 2023","€10,000,000",17 18 30 33 35,06 08,3 + 0,"51,358",€18.40,"€944,987"
05.05.2023,Friday,"Friday, 5th May 2023","€10,000,000",17 18 30 33 35,06 08,1 + 2,"106,141",€11.10,"€1,178,165"
05.05.2023,Friday,"Friday, 5th May 2023","€10,000,000",17 18 30 33 35,06 08,2 + 1,"390,735",€9.10,"€3,555,689"
09.05.2023,Tuesday,"Tuesday, 9th May 2023","€13,804,546",06 11 29 34 39,02 03,5 + 2,0,"€13,804,546","€13,804,546"
09.05.2023,Tuesday,"Tuesday, 9th May 2023","€13,804,546",06 11 29 34 39,02 03,5 + 1,2,"€454,431.80","€908,864"
09.05.2023,Tuesday,"Tuesday, 9th May 2023","€13,804,546",06 11 29 34 39,02 03,5 + 0,9,"€56,950.70","€512,556"
09.05.2023,Tuesday,"Tuesday, 9th May 2023","€13,804,546",06 11 29 34 39,02 03,4 + 2,13,"€6,503.40","€84,544"
09.05.2023,Tuesday,"Tuesday, 9th May 2023","€13,804,546",06 11 29 34 39,02 03,4 + 1,377,€280.30,"€105,673"
09.05.2023,Tuesday,"Tuesday, 9th May 2023","€13,804,546",06 11 29 34 39,02 03,4 + 0,664,€175.00,"€116,200"
09.05.2023,Tuesday,"Tuesday, 9th May 2023","€13,804,546",06 11 29 34 39,02 03,3 + 2,750,€112.70,"€84,525"
09.05.2023,Tuesday,"Tuesday, 9th May 2023","€13,804,546",06 11 29 34 39,02 03,2 + 2,"10,125",€26.60,"€269,325"
09.05.2023,Tuesday,"Tuesday, 9th May 2023","€13,804,546",06 11 29 34 39,02 03,3 + 1,"15,964",€18.80,"€300,123"
09.05.2023,Tuesday,"Tuesday, 9th May 2023","€13,804,546",06 11 29 34 39,02 03,3 + 0,"31,463",€18.10,"€569,480"
09.05.2023,Tuesday,"Tuesday, 9th May 2023","€13,804,546",06 11 29 34 39,02 03,1 + 2,"52,984",€13.40,"€709,986"
09.05.2023,Tuesday,"Tuesday, 9th May 2023","€13,804,546",06 11 29 34 39,02 03,2 + 1,"239,202",€8.90,"€2,128,898"
12.05.2023,Friday,"Friday, 12th May 2023","€20,618,604",10 27 30 32 34,05 08,5 + 2,0,"€20,618,604","€20,618,604"
12.05.2023,Friday,"Friday, 12th May 2023","€20,618,604",10 27 30 32 34,05 08,5 + 1,5,"€325,560.50","€1,627,803"
12.05.2023,Friday,"Friday, 12th May 2023","€20,618,604",10 27 30 32 34,05 08,5 + 0,3,"€306,001.60","€918,005"
12.05.2023,Friday,"Friday, 12th May 2023","€20,618,604",10 27 30 32 34,05 08,4 + 2,28,"€5,407.90","€151,421"
12.05.2023,Friday,"Friday, 12th May 2023","€20,618,604",10 27 30 32 34,05 08,4 + 1,510,€371.10,"€189,261"
12.05.2023,Friday,"Friday, 12th May 2023","€20,618,604",10 27 30 32 34,05 08,4 + 0,"1,700",€132.00,"€224,400"
12.05.2023,Friday,"Friday, 12th May 2023","€20,618,604",10 27 30 32 34,05 08,3 + 2,"1,023",€132.00,"€135,036"
12.05.2023,Friday,"Friday, 12th May 2023","€20,618,604",10 27 30 32 34,05 08,2 + 2,"27,403",€19.30,"€528,878"
12.05.2023,Friday,"Friday, 12th May 2023","€20,618,604",10 27 30 32 34,05 08,3 + 1,"25,857",€19.30,"€499,040"
12.05.2023,Friday,"Friday, 12th May 2023","€20,618,604",10 27 30 32 34,05 08,3 + 0,"52,287",€19.30,"€1,009,139"
12.05.2023,Friday,"Friday, 12th May 2023","€20,618,604",10 27 30 32 34,05 08,1 + 2,"150,846",€9.30,"€1,402,868"
12.05.2023,Friday,"Friday, 12th May 2023","€20,618,604",10 27 30 32 34,05 08,2 + 1,"398,921",€9.30,"€3,709,965"
16.05.2023,Tuesday,"Tuesday, 16th May 2023","€25,929,096",28 30 31 45 46,04 08,5 + 2,0,"€25,929,096","€25,929,096"
16.05.2023,Tuesday,"Tuesday, 16th May 2023","€25,929,096",28 30 31 45 46,04 08,5 + 1,0,€0.00,€0
16.05.2023,Tuesday,"Tuesday, 16th May 2023","€25,929,096",28 30 31 45 46,04 08,5 + 0,4,"€143,281.40","€573,126"
16.05.2023,Tuesday,"Tuesday, 16th May 2023","€25,929,096",28 30 31 45 46,04 08,4 + 2,17,"€5,560.90","€94,535"
16.05.2023,Tuesday,"Tuesday, 16th May 2023","€25,929,096",28 30 31 45 46,04 08,4 + 1,289,€408.80,"€118,143"
16.05.2023,Tuesday,"Tuesday, 16th May 2023","€25,929,096",28 30 31 45 46,04 08,4 + 0,800,€163.40,"€130,720"
16.05.2023,Tuesday,"Tuesday, 16th May 2023","€25,929,096",28 30 31 45 46,04 08,3 + 2,574,€163.40,"€93,792"
16.05.2023,Tuesday,"Tuesday, 16th May 2023","€25,929,096",28 30 31 45 46,04 08,2 + 2,"13,274",€23.20,"€307,957"
16.05.2023,Tuesday,"Tuesday, 16th May 2023","€25,929,096",28 30 31 45 46,04 08,3 + 1,"14,166",€23.20,"€328,651"
16.05.2023,Tuesday,"Tuesday, 16th May 2023","€25,929,096",28 30 31 45 46,04 08,3 + 0,"29,307",€21.70,"€635,962"
16.05.2023,Tuesday,"Tuesday, 16th May 2023","€25,929,096",28 30 31 45 46,04 08,1 + 2,"78,849",€10.60,"€835,799"
16.05.2023,Tuesday,"Tuesday, 16th May 2023","€25,929,096",28 30 31 45 46,04 08,2 + 1,"221,377",€10.60,"€2,346,596"
19.05.2023,Friday,"Friday, 19th May 2023","€34,130,081",01 05 08 20 35,03 12,5 + 2,0,"€34,130,081","€34,130,081"
19.05.2023,Friday,"Friday, 19th May 2023","€34,130,081",01 05 08 20 35,03 12,5 + 1,3,"€905,688.50","€2,717,066"
19.05.2023,Friday,"Friday, 19th May 2023","€34,130,081",01 05 08 20 35,03 12,5 + 0,10,"€95,917.20","€959,172"
19.05.2023,Friday,"Friday, 19th May 2023","€34,130,081",01 05 08 20 35,03 12,4 + 2,28,"€5,650.50","€158,214"
19.05.2023,Friday,"Friday, 19th May 2023","€34,130,081",01 05 08 20 35,03 12,4 + 1,686,€288.20,"€197,705"
19.05.2023,Friday,"Friday, 19th May 2023","€34,130,081",01 05 08 20 35,03 12,4 + 0,973,€223.50,"€217,466"
19.05.2023,Friday,"Friday, 19th May 2023","€34,130,081",01 05 08 20 35,03 12,3 + 2,"1,799",€87.90,"€158,132"
19.05.2023,Friday,"Friday, 19th May 2023","€34,130,081",01 05 08 20 35,03 12,2 + 2,"13,578",€37.10,"€503,744"
19.05.2023,Friday,"Friday, 19th May 2023","€34,130,081",01 05 08 20 35,03 12,3 + 1,"28,780",€19.50,"€561,210"
19.05.2023,Friday,"Friday, 19th May 2023","€34,130,081",01 05 08 20 35,03 12,3 + 0,"73,435",€16.50,"€1,211,678"
19.05.2023,Friday,"Friday, 19th May 2023","€34,130,081",01 05 08 20 35,03 12,1 + 2,"71,783",€16.50,"€1,184,420"
19.05.2023,Friday,"Friday, 19th May 2023","€34,130,081",01 05 08 20 35,03 12,2 + 1,"387,055",€10.30,"€3,986,667"
23.05.2023,Tuesday,"Tuesday, 23rd May 2023","€40,535,664",01 02 11 14 36,02 03,5 + 2,0,"€40,535,664","€40,535,664"
23.05.2023,Tuesday,"Tuesday, 23rd May 2023","€40,535,664",01 02 11 14 36,02 03,5 + 1,1,"€1,095,941.70","€1,095,942"
23.05.2023,Tuesday,"Tuesday, 23rd May 2023","€40,535,664",01 02 11 14 36,02 03,5 + 0,2,"€309,030.00","€618,060"
23.05.2023,Tuesday,"Tuesday, 23rd May 2023","€40,535,664",01 02 11 14 36,02 03,4 + 2,13,"€7,842.10","€101,947"
23.05.2023,Tuesday,"Tuesday, 23rd May 2023","€40,535,664",01 02 11 14 36,02 03,4 + 1,416,€306.30,"€127,421"
23.05.2023,Tuesday,"Tuesday, 23rd May 2023","€40,535,664",01 02 11 14 36,02 03,4 + 0,911,€153.80,"€140,112"
23.05.2023,Tuesday,"Tuesday, 23rd May 2023","€40,535,664",01 02 11 14 36,02 03,3 + 2,760,€134.10,"€101,916"
23.05.2023,Tuesday,"Tuesday, 23rd May 2023","€40,535,664",01 02 11 14 36,02 03,2 + 2,"13,019",€24.90,"€324,173"
23.05.2023,Tuesday,"Tuesday, 23rd May 2023","€40,535,664",01 02 11 14 36,02 03,3 + 1,"19,541",€18.50,"€361,509"
23.05.2023,Tuesday,"Tuesday, 23rd May 2023","€40,535,664",01 02 11 14 36,02 03,3 + 0,"37,325",€18.40,"€686,780"
23.05.2023,Tuesday,"Tuesday, 23rd May 2023","€40,535,664",01 02 11 14 36,02 03,1 + 2,"66,334",€12.90,"€855,709"
23.05.2023,Tuesday,"Tuesday, 23rd May 2023","€40,535,664",01 02 11 14 36,02 03,2 + 1,"288,023",€8.90,"€2,563,405"
26.05.2023,Friday,"Friday, 26th May 2023","€49,416,549",01 03 29 45 47,05 08,5 + 2,0,"€49,416,549","€49,416,549"
26.05.2023,Friday,"Friday, 26th May 2023","€49,416,549",01 03 29 45 47,05 08,5 + 1,4,"€459,981.20","€1,839,925"
26.05.2023,Friday,"Friday, 26th May 2023","€49,416,549",01 03 29 45 47,05 08,5 + 0,6,"€172,938.60","€1,037,632"
26.05.2023,Friday,"Friday, 26th May 2023","€49,416,549",01 03 29 45 47,05 08,4 + 2,35,"€4,890.10","€171,154"
26.05.2023,Friday,"Friday, 26th May 2023","€49,416,549",01 03 29 45 47,05 08,4 + 1,519,€412.20,"€213,932"
26.05.2023,Friday,"Friday, 26th May 2023","€49,416,549",01 03 29 45 47,05 08,4 + 0,"1,744",€141.30,"€246,427"
26.05.2023,Friday,"Friday, 26th May 2023","€49,416,549",01 03 29 45 47,05 08,3 + 2,"1,131",€141.30,"€159,810"
26.05.2023,Friday,"Friday, 26th May 2023","€49,416,549",01 03 29 45 47,05 08,2 + 2,"27,234",€21.30,"€580,084"
26.05.2023,Friday,"Friday, 26th May 2023","€49,416,549",01 03 29 45 47,05 08,3 + 1,"26,982",€21.30,"€574,717"
26.05.2023,Friday,"Friday, 26th May 2023","€49,416,549",01 03 29 45 47,05 08,3 + 0,"56,632",€20.40,"€1,155,293"
26.05.2023,Friday,"Friday, 26th May 2023","€49,416,549",01 03 29 45 47,05 08,1 + 2,"156,424",€9.90,"€1,548,598"
26.05.2023,Friday,"Friday, 26th May 2023","€49,416,549",01 03 29 45 47,05 08,2 + 1,"424,169",€9.90,"€4,199,273"
30.05.2023,Tuesday,"Tuesday, 30th May 2023","€56,202,916",02 08 16 21 39,04 05,5 + 2,0,"€56,202,916","€56,202,916"
30.05.2023,Tuesday,"Tuesday, 30th May 2023","€56,202,916",02 08 16 21 39,04 05,5 + 1,3,"€383,874.10","€1,151,622"
30.05.2023,Tuesday,"Tuesday, 30th May 2023","€56,202,916",02 08 16 21 39,04 05,5 + 0,5,"€129,892.30","€649,462"
30.05.2023,Tuesday,"Tuesday, 30th May 2023","€56,202,916",02 08 16 21 39,04 05,4 + 2,24,"€4,463.60","€107,126"
30.05.2023,Tuesday,"Tuesday, 30th May 2023","€56,202,916",02 08 16 21 39,04 05,4 + 1,458,€292.30,"€133,873"
30.05.2023,Tuesday,"Tuesday, 30th May 2023","€56,202,916",02 08 16 21 39,04 05,4 + 0,998,€147.50,"€147,205"
30.05.2023,Tuesday,"Tuesday, 30th May 2023","€56,202,916",02 08 16 21 39,04 05,3 + 2,975,€109.80,"€107,055"
30.05.2023,Tuesday,"Tuesday, 30th May 2023","€56,202,916",02 08 16 21 39,04 05,2 + 2,"13,962",€24.40,"€340,673"
30.05.2023,Tuesday,"Tuesday, 30th May 2023","€56,202,916",02 08 16 21 39,04 05,3 + 1,"20,842",€18.30,"€381,409"
30.05.2023,Tuesday,"Tuesday, 30th May 2023","€56,202,916",02 08 16 21 39,04 05,3 + 0,"42,927",€16.80,"€721,174"
30.05.2023,Tuesday,"Tuesday, 30th May 2023","€56,202,916",02 08 16 21 39,04 05,1 + 2,"72,679",€12.40,"€901,220"
30.05.2023,Tuesday,"Tuesday, 30th May 2023","€56,202,916",02 08 16 21 39,04 05,2 + 1,"295,786",€9.10,"€2,691,653"
02.06.2023,Friday,"Friday, 2nd June 2023","€66,193,303",08 09 11 13 50,06 11,5 + 2,0,"€66,193,303","€66,193,303"
02.06.2023,Friday,"Friday, 2nd June 2023","€66,193,303",08 09 11 13 50,06 11,5 + 1,5,"€418,181.90","€2,090,910"
02.06.2023,Friday,"Friday, 2nd June 2023","€66,193,303",08 09 11 13 50,06 11,5 + 0,13,"€90,705.80","€1,179,175"
02.06.2023,Friday,"Friday, 2nd June 2023","€66,193,303",08 09 11 13 50,06 11,4 + 2,35,"€5,557.20","€194,502"
02.06.2023,Friday,"Friday, 2nd June 2023","€66,193,303",08 09 11 13 50,06 11,4 + 1,721,€337.20,"€243,121"
02.06.2023,Friday,"Friday, 2nd June 2023","€66,193,303",08 09 11 13 50,06 11,4 + 0,"1,346",€198.60,"€267,316"
02.06.2023,Friday,"Friday, 2nd June 2023","€66,193,303",08 09 11 13 50,06 11,3 + 2,"1,944",€100.00,"€194,400"
02.06.2023,Friday,"Friday, 2nd June 2023","€66,193,303",08 09 11 13 50,06 11,2 + 2,"18,849",€32.80,"€618,247"
02.06.2023,Friday,"Friday, 2nd June 2023","€66,193,303",08 09 11 13 50,06 11,3 + 1,"32,495",€21.30,"€692,144"
02.06.2023,Friday,"Friday, 2nd June 2023","€66,193,303",08 09 11 13 50,06 11,3 + 0,"86,903",€15.80,"€1,373,067"
02.06.2023,Friday,"Friday, 2nd June 2023","€66,193,303",08 09 11 13 50,06 11,1 + 2,"99,085",€15.80,"€1,565,543"
02.06.2023,Friday,"Friday, 2nd June 2023","€66,193,303",08 09 11 13 50,06 11,2 + 1,"470,847",€10.40,"€4,896,809"
06.06.2023,Tuesday,"Tuesday, 6th June 2023","€74,785,299",05 07 21 22 29,03 10,5 + 2,0,"€74,785,299","€74,785,299"
06.06.2023,Tuesday,"Tuesday, 6th June 2023","€74,785,299",05 07 21 22 29,03 10,5 + 1,4,"€379,055.20","€1,516,221"
06.06.2023,Tuesday,"Tuesday, 6th June 2023","€74,785,299",05 07 21 22 29,03 10,5 + 0,4,"€213,769.50","€855,078"
06.06.2023,Tuesday,"Tuesday, 6th June 2023","€74,785,299",05 07 21 22 29,03 10,4 + 2,38,"€3,711.60","€141,041"
06.06.2023,Tuesday,"Tuesday, 6th June 2023","€74,785,299",05 07 21 22 29,03 10,4 + 1,720,€244.80,"€176,256"
06.06.2023,Tuesday,"Tuesday, 6th June 2023","€74,785,299",05 07 21 22 29,03 10,4 + 0,"1,556",€124.60,"€193,878"
06.06.2023,Tuesday,"Tuesday, 6th June 2023","€74,785,299",05 07 21 22 29,03 10,3 + 2,"1,591",€88.60,"€140,963"
06.06.2023,Tuesday,"Tuesday, 6th June 2023","€74,785,299",05 07 21 22 29,03 10,2 + 2,"21,211",€21.10,"€447,552"
06.06.2023,Tuesday,"Tuesday, 6th June 2023","€74,785,299",05 07 21 22 29,03 10,3 + 1,"30,742",€16.30,"€501,095"
06.06.2023,Tuesday,"Tuesday, 6th June 2023","€74,785,299",05 07 21 22 29,03 10,3 + 0,"67,615",€14.00,"€946,610"
06.06.2023,Tuesday,"Tuesday, 6th June 2023","€74,785,299",05 07 21 22 29,03 10,1 + 2,"103,196",€11.50,"€1,186,754"
06.06.2023,Tuesday,"Tuesday, 6th June 2023","€74,785,299",05 07 21 22 29,03 10,2 + 1,"416,023",€8.60,"€3,577,798"
09.06.2023,Friday,"Friday, 9th June 2023","€86,895,252",08 13 24 35 46,06 08,5 + 2,0,"€86,895,252","€86,895,252"
09.06.2023,Friday,"Friday, 9th June 2023","€86,895,252",08 13 24 35 46,06 08,5 + 1,17,"€147,685.20","€2,510,648"
09.06.2023,Friday,"Friday, 9th June 2023","€86,895,252",08 13 24 35 46,06 08,5 + 0,19,"€74,520.40","€1,415,888"
09.06.2023,Friday,"Friday, 9th June 2023","€86,895,252",08 13 24 35 46,06 08,4 + 2,91,"€2,566.40","€233,542"
09.06.2023,Friday,"Friday, 9th June 2023","€86,895,252",08 13 24 35 46,06 08,4 + 1,"1,826",€159.80,"€291,795"
09.06.2023,Friday,"Friday, 9th June 2023","€86,895,252",08 13 24 35 46,06 08,4 + 0,"2,748",€116.80,"€320,966"
09.06.2023,Friday,"Friday, 9th June 2023","€86,895,252",08 13 24 35 46,06 08,3 + 2,"3,451",€67.60,"€233,288"
09.06.2023,Friday,"Friday, 9th June 2023","€86,895,252",08 13 24 35 46,06 08,2 + 2,"36,273",€20.50,"€743,597"
09.06.2023,Friday,"Friday, 9th June 2023","€86,895,252",08 13 24 35 46,06 08,3 + 1,"47,187",€17.60,"€830,491"
09.06.2023,Friday,"Friday, 9th June 2023","€86,895,252",08 13 24 35 46,06 08,3 + 0,"94,132",€16.70,"€1,572,004"
09.06.2023,Friday,"Friday, 9th June 2023","€86,895,252",08 13 24 35 46,06 08,1 + 2,"179,757",€10.90,"€1,959,351"
09.06.2023,Friday,"Friday, 9th June 2023","€86,895,252",08 13 24 35 46,06 08,2 + 1,"653,680",€9.00,"€5,883,120"
13.06.2023,Tuesday,"Tuesday, 13th June 2023","€98,367,631",11 29 32 46 47,05 07,5 + 2,0,"€98,367,631","€98,367,631"
13.06.2023,Tuesday,"Tuesday, 13th June 2023","€98,367,631",11 29 32 46 47,05 07,5 + 1,5,"€419,640.40","€2,098,202"
13.06.2023,Tuesday,"Tuesday, 13th June 2023","€98,367,631",11 29 32 46 47,05 07,5 + 0,5,"€236,657.60","€1,183,288"
13.06.2023,Tuesday,"Tuesday, 13th June 2023","€98,367,631",11 29 32 46 47,05 07,4 + 2,39,"€5,004.60","€195,179"
13.06.2023,Tuesday,"Tuesday, 13th June 2023","€98,367,631",11 29 32 46 47,05 07,4 + 1,817,€298.60,"€243,956"
13.06.2023,Tuesday,"Tuesday, 13th June 2023","€98,367,631",11 29 32 46 47,05 07,4 + 0,"1,927",€139.20,"€268,238"
13.06.2023,Tuesday,"Tuesday, 13th June 2023","€98,367,631",11 29 32 46 47,05 07,3 + 2,"1,526",€127.90,"€195,175"
13.06.2023,Tuesday,"Tuesday, 13th June 2023","€98,367,631",11 29 32 46 47,05 07,2 + 2,"28,577",€21.70,"€620,121"
13.06.2023,Tuesday,"Tuesday, 13th June 2023","€98,367,631",11 29 32 46 47,05 07,3 + 1,"34,018",€20.40,"€693,967"
13.06.2023,Tuesday,"Tuesday, 13th June 2023","€98,367,631",11 29 32 46 47,05 07,3 + 0,"69,668",€18.90,"€1,316,725"
13.06.2023,Tuesday,"Tuesday, 13th June 2023","€98,367,631",11 29 32 46 47,05 07,1 + 2,"158,267",€10.40,"€1,645,977"
13.06.2023,Tuesday,"Tuesday, 13th June 2023","€98,367,631",11 29 32 46 47,05 07,2 + 1,"501,190",€9.80,"€4,911,662"
16.06.2023,Friday,"Friday, 16th June 2023","€115,613,508",05 19 33 36 42,07 12,5 + 2,0,"€115,613,508","€115,613,508"
16.06.2023,Friday,"Friday, 16th June 2023","€115,613,508",05 19 33 36 42,07 12,5 + 1,4,"€896,062.70","€3,584,251"
16.06.2023,Friday,"Friday, 16th June 2023","€115,613,508",05 19 33 36 42,07 12,5 + 0,11,"€183,759.10","€2,021,350"
16.06.2023,Friday,"Friday, 16th June 2023","€115,613,508",05 19 33 36 42,07 12,4 + 2,61,"€5,465.80","€333,414"
16.06.2023,Friday,"Friday, 16th June 2023","€115,613,508",05 19 33 36 42,07 12,4 + 1,"1,565",€266.30,"€416,760"
16.06.2023,Friday,"Friday, 16th June 2023","€115,613,508",05 19 33 36 42,07 12,4 + 0,"2,427",€188.80,"€458,218"
16.06.2023,Friday,"Friday, 16th June 2023","€115,613,508",05 19 33 36 42,07 12,3 + 2,"3,415",€97.60,"€333,304"
16.06.2023,Friday,"Friday, 16th June 2023","€115,613,508",05 19 33 36 42,07 12,2 + 2,"32,799",€32.40,"€1,062,688"
16.06.2023,Friday,"Friday, 16th June 2023","€115,613,508",05 19 33 36 42,07 12,3 + 1,"57,645",€20.60,"€1,187,487"
16.06.2023,Friday,"Friday, 16th June 2023","€115,613,508",05 19 33 36 42,07 12,3 + 0,"142,479",€16.00,"€2,279,664"
16.06.2023,Friday,"Friday, 16th June 2023","€115,613,508",05 19 33 36 42,07 12,1 + 2,"172,866",€16.00,"€2,765,856"
16.06.2023,Friday,"Friday, 16th June 2023","€115,613,508",05 19 33 36 42,07 12,2 + 1,"816,039",€10.30,"€8,405,202"
20.06.2023,Tuesday,"Tuesday, 20th June 2023","€120,000,000",09 18 30 34 48,01 07,5 + 2,0,"€120,000,000","€120,000,000"
20.06.2023,Tuesday,"Tuesday, 20th June 2023","€120,000,000",09 18 30 34 48,01 07,5 + 1,3,"€5,330,105.00","€15,990,315"
20.06.2023,Tuesday,"Tuesday, 20th June 2023","€120,000,000",09 18 30 34 48,01 07,5 + 0,11,"€163,625.70","€1,799,883"
20.06.2023,Tuesday,"Tuesday, 20th June 2023","€120,000,000",09 18 30 34 48,01 07,4 + 2,59,"€5,031.90","€296,882"
20.06.2023,Tuesday,"Tuesday, 20th June 2023","€120,000,000",09 18 30 34 48,01 07,4 + 1,"1,208",€307.20,"€371,098"
20.06.2023,Tuesday,"Tuesday, 20th June 2023","€120,000,000",09 18 30 34 48,01 07,4 + 0,"2,415",€169.00,"€408,135"
20.06.2023,Tuesday,"Tuesday, 20th June 2023","€120,000,000",09 18 30 34 48,01 07,3 + 2,"2,876",€103.20,"€296,803"
20.06.2023,Tuesday,"Tuesday, 20th June 2023","€120,000,000",09 18 30 34 48,01 07,2 + 2,"35,026",€27.00,"€945,702"
20.06.2023,Tuesday,"Tuesday, 20th June 2023","€120,000,000",09 18 30 34 48,01 07,3 + 1,"50,479",€20.90,"€1,055,011"
20.06.2023,Tuesday,"Tuesday, 20th June 2023","€120,000,000",09 18 30 34 48,01 07,3 + 0,"118,245",€16.90,"€1,998,341"
20.06.2023,Tuesday,"Tuesday, 20th June 2023","€120,000,000",09 18 30 34 48,01 07,1 + 2,"193,026",€12.90,"€2,490,035"
20.06.2023,Tuesday,"Tuesday, 20th June 2023","€120,000,000",09 18 30 34 48,01 07,2 + 1,"728,922",€10.30,"€7,507,897"
23.06.2023,Friday,"Friday, 23rd June 2023","€120,000,000",02 03 18 23 39,06 08,5 + 2,1,"€120,000,000","€120,000,000"
23.06.2023,Friday,"Friday, 23rd June 2023","€120,000,000",02 03 18 23 39,06 08,5 + 1,11,"€2,275,342.20","€25,028,764"
23.06.2023,Friday,"Friday, 23rd June 2023","€120,000,000",02 03 18 23 39,06 08,5 + 0,11,"€213,920.50","€2,353,126"
23.06.2023,Friday,"Friday, 23rd June 2023","€120,000,000",02 03 18 23 39,06 08,4 + 2,96,"€4,043.10","€388,138"
23.06.2023,Friday,"Friday, 23rd June 2023","€120,000,000",02 03 18 23 39,06 08,4 + 1,"1,680",€288.70,"€485,016"
23.06.2023,Friday,"Friday, 23rd June 2023","€120,000,000",02 03 18 23 39,06 08,4 + 0,"3,855",€138.40,"€533,532"
23.06.2023,Friday,"Friday, 23rd June 2023","€120,000,000",02 03 18 23 39,06 08,3 + 2,"3,729",€104.00,"€387,816"
23.06.2023,Friday,"Friday, 23rd June 2023","€120,000,000",02 03 18 23 39,06 08,2 + 2,"56,130",€22.00,"€1,234,860"
23.06.2023,Friday,"Friday, 23rd June 2023","€120,000,000",02 03 18 23 39,06 08,3 + 1,"74,724",€18.50,"€1,382,394"
23.06.2023,Friday,"Friday, 23rd June 2023","€120,000,000",02 03 18 23 39,06 08,3 + 0,"162,591",€16.10,"€2,617,715"
23.06.2023,Friday,"Friday, 23rd June 2023","€120,000,000",02 03 18 23 39,06 08,1 + 2,"291,086",€11.20,"€3,260,163"
23.06.2023,Friday,"Friday, 23rd June 2023","€120,000,000",02 03 18 23 39,06 08,2 + 1,"1,069,382",€9.20,"€9,838,314"
27.06.2023,Tuesday,"Tuesday, 27th June 2023","€10,000,000",07 10 13 34 47,05 09,5 + 2,0,"€10,000,000","€10,000,000"
27.06.2023,Tuesday,"Tuesday, 27th June 2023","€10,000,000",07 10 13 34 47,05 09,5 + 1,0,€0.00,€0
27.06.2023,Tuesday,"Tuesday, 27th June 2023","€10,000,000",07 10 13 34 47,05 09,5 + 0,3,"€211,222.50","€633,668"
27.06.2023,Tuesday,"Tuesday, 27th June 2023","€10,000,000",07 10 13 34 47,05 09,4 + 2,43,"€2,430.70","€104,520"
27.06.2023,Tuesday,"Tuesday, 27th June 2023","€10,000,000",07 10 13 34 47,05 09,4 + 1,519,€251.70,"€130,632"
27.06.2023,Tuesday,"Tuesday, 27th June 2023","€10,000,000",07 10 13 34 47,05 09,4 + 0,"1,301",€110.40,"€143,630"
27.06.2023,Tuesday,"Tuesday, 27th June 2023","€10,000,000",07 10 13 34 47,05 09,3 + 2,"1,110",€94.10,"€104,451"
27.06.2023,Tuesday,"Tuesday, 27th June 2023","€10,000,000",07 10 13 34 47,05 09,2 + 2,"17,923",€18.50,"€331,576"
27.06.2023,Tuesday,"Tuesday, 27th June 2023","€10,000,000",07 10 13 34 47,05 09,3 + 1,"22,194",€16.70,"€370,640"
27.06.2023,Tuesday,"Tuesday, 27th June 2023","€10,000,000",07 10 13 34 47,05 09,3 + 0,"46,757",€15.00,"€701,355"
27.06.2023,Tuesday,"Tuesday, 27th June 2023","€10,000,000",07 10 13 34 47,05 09,1 + 2,"87,216",€10.10,"€880,882"
27.06.2023,Tuesday,"Tuesday, 27th June 2023","€10,000,000",07 10 13 34 47,05 09,2 + 1,"307,052",€8.60,"€2,640,647"
30.06.2023,Friday,"Friday, 30th June 2023","€17,450,442",03 14 23 41 43,02 06,5 + 2,0,"€17,450,442","€17,450,442"
30.06.2023,Friday,"Friday, 30th June 2023","€17,450,442",03 14 23 41 43,02 06,5 + 1,2,"€1,416,171.70","€2,832,343"
30.06.2023,Friday,"Friday, 30th June 2023","€17,450,442",03 14 23 41 43,02 06,5 + 0,2,"€481,821.10","€963,642"
30.06.2023,Friday,"Friday, 30th June 2023","€17,450,442",03 14 23 41 43,02 06,4 + 2,32,"€4,967.20","€158,950"
30.06.2023,Friday,"Friday, 30th June 2023","€17,450,442",03 14 23 41 43,02 06,4 + 1,693,€286.70,"€198,683"
30.06.2023,Friday,"Friday, 30th June 2023","€17,450,442",03 14 23 41 43,02 06,4 + 0,"1,613",€135.40,"€218,400"
30.06.2023,Friday,"Friday, 30th June 2023","€17,450,442",03 14 23 41 43,02 06,3 + 2,"1,445",€110.00,"€158,950"
30.06.2023,Friday,"Friday, 30th June 2023","€17,450,442",03 14 23 41 43,02 06,2 + 2,"22,456",€22.50,"€505,260"
30.06.2023,Friday,"Friday, 30th June 2023","€17,450,442",03 14 23 41 43,02 06,3 + 1,"29,853",€18.90,"€564,222"
30.06.2023,Friday,"Friday, 30th June 2023","€17,450,442",03 14 23 41 43,02 06,3 + 0,"64,436",€16.60,"€1,069,638"
30.06.2023,Friday,"Friday, 30th June 2023","€17,450,442",03 14 23 41 43,02 06,1 + 2,"121,646",€11.00,"€1,338,106"
30.06.2023,Friday,"Friday, 30th June 2023","€17,450,442",03 14 23 41 43,02 06,2 + 1,"414,767",€9.70,"€4,023,240"
04.07.2023,Tuesday,"Tuesday, 4th July 2023","€24,034,589",19 21 23 36 39,05 12,5 + 2,0,"€24,034,589","€24,034,589"
04.07.2023,Tuesday,"Tuesday, 4th July 2023","€24,034,589",19 21 23 36 39,05 12,5 + 1,3,"€380,299.80","€1,140,899"
04.07.2023,Tuesday,"Tuesday, 4th July 2023","€24,034,589",19 21 23 36 39,05 12,5 + 0,6,"€107,235.70","€643,414"
04.07.2023,Tuesday,"Tuesday, 4th July 2023","€24,034,589",19 21 23 36 39,05 12,4 + 2,14,"€7,580.70","€106,130"
04.07.2023,Tuesday,"Tuesday, 4th July 2023","€24,034,589",19 21 23 36 39,05 12,4 + 1,450,€294.80,"€132,660"
04.07.2023,Tuesday,"Tuesday, 4th July 2023","€24,034,589",19 21 23 36 39,05 12,4 + 0,701,€208.10,"€145,878"
04.07.2023,Tuesday,"Tuesday, 4th July 2023","€24,034,589",19 21 23 36 39,05 12,3 + 2,"1,098",€96.60,"€106,067"
04.07.2023,Tuesday,"Tuesday, 4th July 2023","€24,034,589",19 21 23 36 39,05 12,2 + 2,"10,467",€32.30,"€338,084"
04.07.2023,Tuesday,"Tuesday, 4th July 2023","€24,034,589",19 21 23 36 39,05 12,3 + 1,"18,510",€20.40,"€377,604"
04.07.2023,Tuesday,"Tuesday, 4th July 2023","€24,034,589",19 21 23 36 39,05 12,3 + 0,"45,377",€16.10,"€730,570"
04.07.2023,Tuesday,"Tuesday, 4th July 2023","€24,034,589",19 21 23 36 39,05 12,1 + 2,"54,480",€16.10,"€877,128"
04.07.2023,Tuesday,"Tuesday, 4th July 2023","€24,034,589",19 21 23 36 39,05 12,2 + 1,"257,848",€10.40,"€2,681,619"
07.07.2023,Friday,"Friday, 7th July 2023","€32,913,421",09 18 20 40 41,03 09,5 + 2,0,"€32,913,421","€32,913,421"
07.07.2023,Friday,"Friday, 7th July 2023","€32,913,421",09 18 20 40 41,03 09,5 + 1,3,"€610,637.40","€1,831,912"
07.07.2023,Friday,"Friday, 7th July 2023","€32,913,421",09 18 20 40 41,03 09,5 + 0,9,"€114,790.30","€1,033,113"
07.07.2023,Friday,"Friday, 7th July 2023","€32,913,421",09 18 20 40 41,03 09,4 + 2,32,"€5,325.30","€170,410"
07.07.2023,Friday,"Friday, 7th July 2023","€32,913,421",09 18 20 40 41,03 09,4 + 1,606,€351.50,"€213,009"
07.07.2023,Friday,"Friday, 7th July 2023","€32,913,421",09 18 20 40 41,03 09,4 + 0,"1,779",€134.20,"€238,742"
07.07.2023,Friday,"Friday, 7th July 2023","€32,913,421",09 18 20 40 41,03 09,3 + 2,"1,235",€134.20,"€165,737"
07.07.2023,Friday,"Friday, 7th July 2023","€32,913,421",09 18 20 40 41,03 09,2 + 2,"27,993",€20.30,"€568,258"
07.07.2023,Friday,"Friday, 7th July 2023","€32,913,421",09 18 20 40 41,03 09,3 + 1,"28,490",€20.30,"€578,347"
07.07.2023,Friday,"Friday, 7th July 2023","€32,913,421",09 18 20 40 41,03 09,3 + 0,"57,961",€19.80,"€1,147,628"
07.07.2023,Friday,"Friday, 7th July 2023","€32,913,421",09 18 20 40 41,03 09,1 + 2,"154,642",€9.70,"€1,500,027"
07.07.2023,Friday,"Friday, 7th July 2023","€32,913,421",09 18 20 40 41,03 09,2 + 1,"434,170",€9.70,"€4,211,449"
11.07.2023,Tuesday,"Tuesday, 11th July 2023","€39,897,614",11 15 17 24 46,02 11,5 + 2,0,"€39,897,614","€39,897,614"
11.07.2023,Tuesday,"Tuesday, 11th July 2023","€39,897,614",11 15 17 24 46,02 11,5 + 1,1,"€1,196,830.20","€1,196,830"
11.07.2023,Tuesday,"Tuesday, 11th July 2023","€39,897,614",11 15 17 24 46,02 11,5 + 0,2,"€337,478.30","€674,957"
11.07.2023,Tuesday,"Tuesday, 11th July 2023","€39,897,614",11 15 17 24 46,02 11,4 + 2,18,"€6,185.10","€111,332"
11.07.2023,Tuesday,"Tuesday, 11th July 2023","€39,897,614",11 15 17 24 46,02 11,4 + 1,381,€365.20,"€139,141"
11.07.2023,Tuesday,"Tuesday, 11th July 2023","€39,897,614",11 15 17 24 46,02 11,4 + 0,868,€176.30,"€153,028"
11.07.2023,Tuesday,"Tuesday, 11th July 2023","€39,897,614",11 15 17 24 46,02 11,3 + 2,"1,059",€105.10,"€111,301"
11.07.2023,Tuesday,"Tuesday, 11th July 2023","€39,897,614",11 15 17 24 46,02 11,2 + 2,"12,889",€27.50,"€354,448"
11.07.2023,Tuesday,"Tuesday, 11th July 2023","€39,897,614",11 15 17 24 46,02 11,3 + 1,"19,077",€20.70,"€394,894"
11.07.2023,Tuesday,"Tuesday, 11th July 2023","€39,897,614",11 15 17 24 46,02 11,3 + 0,"48,028",€15.60,"€749,237"
11.07.2023,Tuesday,"Tuesday, 11th July 2023","€39,897,614",11 15 17 24 46,02 11,1 + 2,"65,876",€14.20,"€935,439"
11.07.2023,Tuesday,"Tuesday, 11th July 2023","€39,897,614",11 15 17 24 46,02 11,2 + 1,"276,081",€10.20,"€2,816,026"
14.07.2023,Friday,"Friday, 14th July 2023","€49,426,501",02 04 12 31 50,06 08,5 + 2,0,"€49,426,501","€49,426,501"
14.07.2023,Friday,"Friday, 14th July 2023","€49,426,501",02 04 12 31 50,06 08,5 + 1,3,"€657,651.20","€1,972,954"
14.07.2023,Friday,"Friday, 14th July 2023","€49,426,501",02 04 12 31 50,06 08,5 + 0,4,"€278,163.50","€1,112,654"
14.07.2023,Friday,"Friday, 14th July 2023","€49,426,501",02 04 12 31 50,06 08,4 + 2,45,"€4,078.40","€183,528"
14.07.2023,Friday,"Friday, 14th July 2023","€49,426,501",02 04 12 31 50,06 08,4 + 1,698,€328.60,"€229,363"
14.07.2023,Friday,"Friday, 14th July 2023","€49,426,501",02 04 12 31 50,06 08,4 + 0,"1,827",€138.10,"€252,309"
14.07.2023,Friday,"Friday, 14th July 2023","€49,426,501",02 04 12 31 50,06 08,3 + 2,"1,624",€113.00,"€183,512"
14.07.2023,Friday,"Friday, 14th July 2023","€49,426,501",02 04 12 31 50,06 08,2 + 2,"25,877",€22.60,"€584,820"
14.07.2023,Friday,"Friday, 14th July 2023","€49,426,501",02 04 12 31 50,06 08,3 + 1,"33,079",€19.70,"€651,656"
14.07.2023,Friday,"Friday, 14th July 2023","€49,426,501",02 04 12 31 50,06 08,3 + 0,"71,243",€17.30,"€1,232,504"
14.07.2023,Friday,"Friday, 14th July 2023","€49,426,501",02 04 12 31 50,06 08,1 + 2,"139,496",€11.10,"€1,548,406"
14.07.2023,Friday,"Friday, 14th July 2023","€49,426,501",02 04 12 31 50,06 08,2 + 1,"482,274",€9.60,"€4,629,830"
18.07.2023,Tuesday,"Tuesday, 18th July 2023","€57,246,319",14 16 24 40 43,01 05,5 + 2,0,"€57,246,319","€57,246,319"
18.07.2023,Tuesday,"Tuesday, 18th July 2023","€57,246,319",14 16 24 40 43,01 05,5 + 1,2,"€683,091.70","€1,366,183"
18.07.2023,Tuesday,"Tuesday, 18th July 2023","€57,246,319",14 16 24 40 43,01 05,5 + 0,3,"€256,821.30","€770,464"
18.07.2023,Tuesday,"Tuesday, 18th July 2023","€57,246,319",14 16 24 40 43,01 05,4 + 2,18,"€7,060.30","€127,085"
18.07.2023,Tuesday,"Tuesday, 18th July 2023","€57,246,319",14 16 24 40 43,01 05,4 + 1,419,€379.10,"€158,843"
18.07.2023,Tuesday,"Tuesday, 18th July 2023","€57,246,319",14 16 24 40 43,01 05,4 + 0,881,€198.30,"€174,702"
18.07.2023,Tuesday,"Tuesday, 18th July 2023","€57,246,319",14 16 24 40 43,01 05,3 + 2,968,€131.20,"€127,002"
18.07.2023,Tuesday,"Tuesday, 18th July 2023","€57,246,319",14 16 24 40 43,01 05,2 + 2,"13,712",€29.50,"€404,504"
18.07.2023,Tuesday,"Tuesday, 18th July 2023","€57,246,319",14 16 24 40 43,01 05,3 + 1,"19,915",€22.70,"€452,071"
18.07.2023,Tuesday,"Tuesday, 18th July 2023","€57,246,319",14 16 24 40 43,01 05,3 + 0,"44,724",€19.10,"€854,228"
18.07.2023,Tuesday,"Tuesday, 18th July 2023","€57,246,319",14 16 24 40 43,01 05,1 + 2,"77,087",€13.90,"€1,071,509"
18.07.2023,Tuesday,"Tuesday, 18th July 2023","€57,246,319",14 16 24 40 43,01 05,2 + 1,"298,860",€10.70,"€3,197,802"
21.07.2023,Friday,"Friday, 21st July 2023","€67,831,403",07 16 22 38 41,05 09,5 + 2,0,"€67,831,403","€67,831,403"
21.07.2023,Friday,"Friday, 21st July 2023","€67,831,403",07 16 22 38 41,05 09,5 + 1,3,"€726,423.60","€2,179,271"
21.07.2023,Friday,"Friday, 21st July 2023","€67,831,403",07 16 22 38 41,05 09,5 + 0,6,"€204,834.50","€1,229,007"
21.07.2023,Friday,"Friday, 21st July 2023","€67,831,403",07 16 22 38 41,05 09,4 + 2,71,"€2,855.20","€202,719"
21.07.2023,Friday,"Friday, 21st July 2023","€67,831,403",07 16 22 38 41,05 09,4 + 1,923,€274.50,"€253,364"
21.07.2023,Friday,"Friday, 21st July 2023","€67,831,403",07 16 22 38 41,05 09,4 + 0,"2,392",€116.50,"€278,668"
21.07.2023,Friday,"Friday, 21st July 2023","€67,831,403",07 16 22 38 41,05 09,3 + 2,"1,967",€103.00,"€202,601"
21.07.2023,Friday,"Friday, 21st July 2023","€67,831,403",07 16 22 38 41,05 09,2 + 2,"31,444",€20.50,"€644,602"
21.07.2023,Friday,"Friday, 21st July 2023","€67,831,403",07 16 22 38 41,05 09,3 + 1,"38,471",€18.70,"€719,408"
21.07.2023,Friday,"Friday, 21st July 2023","€67,831,403",07 16 22 38 41,05 09,3 + 0,"79,891",€17.10,"€1,366,136"
21.07.2023,Friday,"Friday, 21st July 2023","€67,831,403",07 16 22 38 41,05 09,1 + 2,"164,646",€10.30,"€1,695,854"
21.07.2023,Friday,"Friday, 21st July 2023","€67,831,403",07 16 22 38 41,05 09,2 + 1,"545,627",€9.40,"€5,128,894"
25.07.2023,Tuesday,"Tuesday, 25th July 2023","€76,739,688",03 09 11 20 39,02 03,5 + 2,0,"€76,739,688","€76,739,688"
25.07.2023,Tuesday,"Tuesday, 25th July 2023","€76,739,688",03 09 11 20 39,02 03,5 + 1,5,"€314,902.20","€1,574,511"
25.07.2023,Tuesday,"Tuesday, 25th July 2023","€76,739,688",03 09 11 20 39,02 03,5 + 0,9,"€98,661.20","€887,951"
25.07.2023,Tuesday,"Tuesday, 25th July 2023","€76,739,688",03 09 11 20 39,02 03,4 + 2,33,"€4,438.30","€146,464"
25.07.2023,Tuesday,"Tuesday, 25th July 2023","€76,739,688",03 09 11 20 39,02 03,4 + 1,861,€212.60,"€183,049"
25.07.2023,Tuesday,"Tuesday, 25th July 2023","€76,739,688",03 09 11 20 39,02 03,4 + 0,"1,562",€128.90,"€201,342"
25.07.2023,Tuesday,"Tuesday, 25th July 2023","€76,739,688",03 09 11 20 39,02 03,3 + 2,"1,517",€96.50,"€146,391"
25.07.2023,Tuesday,"Tuesday, 25th July 2023","€76,739,688",03 09 11 20 39,02 03,2 + 2,"19,924",€23.40,"€466,222"
25.07.2023,Tuesday,"Tuesday, 25th July 2023","€76,739,688",03 09 11 20 39,02 03,3 + 1,"35,217",€15.30,"€538,820"
25.07.2023,Tuesday,"Tuesday, 25th July 2023","€76,739,688",03 09 11 20 39,02 03,3 + 0,"63,245",€15.30,"€967,649"
25.07.2023,Tuesday,"Tuesday, 25th July 2023","€76,739,688",03 09 11 20 39,02 03,1 + 2,"95,789",€12.90,"€1,235,678"
25.07.2023,Tuesday,"Tuesday, 25th July 2023","€76,739,688",03 09 11 20 39,02 03,2 + 1,"453,830",€8.10,"€3,676,023"
28.07.2023,Friday,"Friday, 28th July 2023","€88,976,668",10 16 34 36 49,03 07,5 + 2,0,"€88,976,668","€88,976,668"
28.07.2023,Friday,"Friday, 28th July 2023","€88,976,668",10 16 34 36 49,03 07,5 + 1,2,"€1,259,396.50","€2,518,793"
28.07.2023,Friday,"Friday, 28th July 2023","€88,976,668",10 16 34 36 49,03 07,5 + 0,19,"€74,762.20","€1,420,482"
28.07.2023,Friday,"Friday, 28th July 2023","€88,976,668",10 16 34 36 49,03 07,4 + 2,77,"€3,042.90","€234,303"
28.07.2023,Friday,"Friday, 28th July 2023","€88,976,668",10 16 34 36 49,03 07,4 + 1,"1,062",€275.70,"€292,793"
28.07.2023,Friday,"Friday, 28th July 2023","€88,976,668",10 16 34 36 49,03 07,4 + 0,"2,858",€113.10,"€323,240"
28.07.2023,Friday,"Friday, 28th July 2023","€88,976,668",10 16 34 36 49,03 07,3 + 2,"2,060",€113.10,"€232,986"
28.07.2023,Friday,"Friday, 28th July 2023","€88,976,668",10 16 34 36 49,03 07,2 + 2,"43,629",€18.50,"€807,137"
28.07.2023,Friday,"Friday, 28th July 2023","€88,976,668",10 16 34 36 49,03 07,3 + 1,"41,680",€18.50,"€771,080"
28.07.2023,Friday,"Friday, 28th July 2023","€88,976,668",10 16 34 36 49,03 07,3 + 0,"85,485",€18.50,"€1,581,473"
28.07.2023,Friday,"Friday, 28th July 2023","€88,976,668",10 16 34 36 49,03 07,1 + 2,"246,142",€9.20,"€2,264,506"
28.07.2023,Friday,"Friday, 28th July 2023","€88,976,668",10 16 34 36 49,03 07,2 + 1,"613,768",€9.20,"€5,646,666"
01.08.2023,Tuesday,"Tuesday, 1st August 2023","€100,544,936",02 09 38 40 44,05 11,5 + 2,0,"€100,544,936","€100,544,936"
01.08.2023,Tuesday,"Tuesday, 1st August 2023","€100,544,936",02 09 38 40 44,05 11,5 + 1,6,"€355,037.40","€2,130,224"
01.08.2023,Tuesday,"Tuesday, 1st August 2023","€100,544,936",02 09 38 40 44,05 11,5 + 0,7,"€171,621.10","€1,201,348"
01.08.2023,Tuesday,"Tuesday, 1st August 2023","€100,544,936",02 09 38 40 44,05 11,4 + 2,21,"€9,436.20","€198,160"
01.08.2023,Tuesday,"Tuesday, 1st August 2023","€100,544,936",02 09 38 40 44,05 11,4 + 1,640,€387.00,"€247,680"
01.08.2023,Tuesday,"Tuesday, 1st August 2023","€100,544,936",02 09 38 40 44,05 11,4 + 0,"1,317",€206.80,"€272,356"
01.08.2023,Tuesday,"Tuesday, 1st August 2023","€100,544,936",02 09 38 40 44,05 11,3 + 2,"1,375",€144.10,"€198,138"
01.08.2023,Tuesday,"Tuesday, 1st August 2023","€100,544,936",02 09 38 40 44,05 11,2 + 2,"20,330",€31.00,"€630,230"
01.08.2023,Tuesday,"Tuesday, 1st August 2023","€100,544,936",02 09 38 40 44,05 11,3 + 1,"29,167",€24.20,"€705,841"
01.08.2023,Tuesday,"Tuesday, 1st August 2023","€100,544,936",02 09 38 40 44,05 11,3 + 0,"70,272",€19.00,"€1,335,168"
01.08.2023,Tuesday,"Tuesday, 1st August 2023","€100,544,936",02 09 38 40 44,05 11,1 + 2,"110,304",€15.10,"€1,665,590"
01.08.2023,Tuesday,"Tuesday, 1st August 2023","€100,544,936",02 09 38 40 44,05 11,2 + 1,"456,517",€11.00,"€5,021,687"
04.08.2023,Friday,"Friday, 4th August 2023","€117,242,386",03 17 19 32 38,06 07,5 + 2,1,"€117,242,386","€117,242,386"
04.08.2023,Friday,"Friday, 4th August 2023","€117,242,386",03 17 19 32 38,06 07,5 + 1,9,"€383,576.80","€3,452,191"
04.08.2023,Friday,"Friday, 4th August 2023","€117,242,386",03 17 19 32 38,06 07,5 + 0,25,"€77,875.00","€1,946,875"
04.08.2023,Friday,"Friday, 4th August 2023","€117,242,386",03 17 19 32 38,06 07,4 + 2,61,"€5,264.40","€321,128"
04.08.2023,Friday,"Friday, 4th August 2023","€117,242,386",03 17 19 32 38,06 07,4 + 1,"1,716",€233.90,"€401,372"
04.08.2023,Friday,"Friday, 4th August 2023","€117,242,386",03 17 19 32 38,06 07,4 + 0,"3,101",€142.30,"€441,272"
04.08.2023,Friday,"Friday, 4th August 2023","€117,242,386",03 17 19 32 38,06 07,3 + 2,"3,479",€92.30,"€321,112"
04.08.2023,Friday,"Friday, 4th August 2023","€117,242,386",03 17 19 32 38,06 07,2 + 2,"43,858",€23.30,"€1,021,891"
04.08.2023,Friday,"Friday, 4th August 2023","€117,242,386",03 17 19 32 38,06 07,3 + 1,"69,584",€16.40,"€1,141,178"
04.08.2023,Friday,"Friday, 4th August 2023","€117,242,386",03 17 19 32 38,06 07,3 + 0,"138,022",€15.70,"€2,166,945"
04.08.2023,Friday,"Friday, 4th August 2023","€117,242,386",03 17 19 32 38,06 07,1 + 2,"225,187",€12.00,"€2,702,244"
04.08.2023,Friday,"Friday, 4th August 2023","€117,242,386",03 17 19 32 38,06 07,2 + 1,"938,109",€8.60,"€8,067,737"
08.08.2023,Tuesday,"Tuesday, 8th August 2023","€10,000,000",06 12 25 31 37,06 09,5 + 2,1,"€10,000,000","€10,000,000"
08.08.2023,Tuesday,"Tuesday, 8th August 2023","€10,000,000",06 12 25 31 37,06 09,5 + 1,2,"€565,949.10","€1,131,898"
08.08.2023,Tuesday,"Tuesday, 8th August 2023","€10,000,000",06 12 25 31 37,06 09,5 + 0,8,"€79,792.20","€638,338"
08.08.2023,Tuesday,"Tuesday, 8th August 2023","€10,000,000",06 12 25 31 37,06 09,4 + 2,27,"€3,899.70","€105,292"
08.08.2023,Tuesday,"Tuesday, 8th August 2023","€10,000,000",06 12 25 31 37,06 09,4 + 1,574,€229.20,"€131,561"
08.08.2023,Tuesday,"Tuesday, 8th August 2023","€10,000,000",06 12 25 31 37,06 09,4 + 0,"1,239",€116.80,"€144,715"
08.08.2023,Tuesday,"Tuesday, 8th August 2023","€10,000,000",06 12 25 31 37,06 09,3 + 2,"1,399",€75.20,"€105,205"
08.08.2023,Tuesday,"Tuesday, 8th August 2023","€10,000,000",06 12 25 31 37,06 09,2 + 2,"16,727",€20.00,"€334,540"
08.08.2023,Tuesday,"Tuesday, 8th August 2023","€10,000,000",06 12 25 31 37,06 09,3 + 1,"21,918",€17.10,"€374,798"
08.08.2023,Tuesday,"Tuesday, 8th August 2023","€10,000,000",06 12 25 31 37,06 09,3 + 0,"50,180",€14.10,"€707,538"
08.08.2023,Tuesday,"Tuesday, 8th August 2023","€10,000,000",06 12 25 31 37,06 09,1 + 2,"82,387",€10.70,"€881,541"
08.08.2023,Tuesday,"Tuesday, 8th August 2023","€10,000,000",06 12 25 31 37,06 09,2 + 1,"290,676",€9.10,"€2,645,152"
11.08.2023,Friday,"Friday, 11th August 2023","€10,000,000",01 35 36 38 39,03 10,5 + 2,0,"€10,000,000","€10,000,000"
11.08.2023,Friday,"Friday, 11th August 2023","€10,000,000",01 35 36 38 39,03 10,5 + 1,0,€0.00,€0
11.08.2023,Friday,"Friday, 11th August 2023","€10,000,000",01 35 36 38 39,03 10,5 + 0,2,"€464,910.10","€929,820"
11.08.2023,Friday,"Friday, 11th August 2023","€10,000,000",01 35 36 38 39,03 10,4 + 2,14,"€10,955.10","€153,371"
11.08.2023,Friday,"Friday, 11th August 2023","€10,000,000",01 35 36 38 39,03 10,4 + 1,435,€440.70,"€191,705"
11.08.2023,Friday,"Friday, 11th August 2023","€10,000,000",01 35 36 38 39,03 10,4 + 0,"1,035",€203.70,"€210,830"
11.08.2023,Friday,"Friday, 11th August 2023","€10,000,000",01 35 36 38 39,03 10,3 + 2,937,€163.60,"€153,293"
11.08.2023,Friday,"Friday, 11th August 2023","€10,000,000",01 35 36 38 39,03 10,2 + 2,"17,950",€27.20,"€488,240"
11.08.2023,Friday,"Friday, 11th August 2023","€10,000,000",01 35 36 38 39,03 10,3 + 1,"20,496",€26.60,"€545,194"
11.08.2023,Friday,"Friday, 11th August 2023","€10,000,000",01 35 36 38 39,03 10,3 + 0,"42,859",€24.10,"€1,032,902"
11.08.2023,Friday,"Friday, 11th August 2023","€10,000,000",01 35 36 38 39,03 10,1 + 2,"109,271",€11.80,"€1,289,398"
11.08.2023,Friday,"Friday, 11th August 2023","€10,000,000",01 35 36 38 39,03 10,2 + 1,"343,837",€11.30,"€3,885,358"
15.08.2023,Tuesday,"Tuesday, 15th August 2023","€14,292,378",12 21 23 26 41,05 06,5 + 2,1,"€14,292,378","€14,292,378"
15.08.2023,Tuesday,"Tuesday, 15th August 2023","€14,292,378",12 21 23 26 41,05 06,5 + 1,1,"€2,674,155.00","€2,674,155"
15.08.2023,Tuesday,"Tuesday, 15th August 2023","€14,292,378",12 21 23 26 41,05 06,5 + 0,5,"€115,655.70","€578,279"
15.08.2023,Tuesday,"Tuesday, 15th August 2023","€14,292,378",12 21 23 26 41,05 06,4 + 2,14,"€6,813.20","€95,385"
15.08.2023,Tuesday,"Tuesday, 15th August 2023","€14,292,378",12 21 23 26 41,05 06,4 + 1,378,€315.40,"€119,221"
15.08.2023,Tuesday,"Tuesday, 15th August 2023","€14,292,378",12 21 23 26 41,05 06,4 + 0,857,€153.00,"€131,121"
15.08.2023,Tuesday,"Tuesday, 15th August 2023","€14,292,378",12 21 23 26 41,05 06,3 + 2,775,€123.00,"€95,325"
15.08.2023,Tuesday,"Tuesday, 15th August 2023","€14,292,378",12 21 23 26 41,05 06,2 + 2,"12,414",€24.40,"€302,902"
15.08.2023,Tuesday,"Tuesday, 15th August 2023","€14,292,378",12 21 23 26 41,05 06,3 + 1,"18,247",€18.60,"€339,394"
15.08.2023,Tuesday,"Tuesday, 15th August 2023","€14,292,378",12 21 23 26 41,05 06,3 + 0,"37,409",€17.20,"€643,435"
15.08.2023,Tuesday,"Tuesday, 15th August 2023","€14,292,378",12 21 23 26 41,05 06,1 + 2,"65,056",€12.30,"€800,189"
15.08.2023,Tuesday,"Tuesday, 15th August 2023","€14,292,378",12 21 23 26 41,05 06,2 + 1,"266,210",€9.00,"€2,395,890"
18.08.2023,Friday,"Friday, 18th August 2023","€10,000,000",02 16 22 28 46,04 08,5 + 2,1,"€10,000,000","€10,000,000"
18.08.2023,Friday,"Friday, 18th August 2023","€10,000,000",02 16 22 28 46,04 08,5 + 1,8,"€200,778.30","€1,606,226"
18.08.2023,Friday,"Friday, 18th August 2023","€10,000,000",02 16 22 28 46,04 08,5 + 0,12,"€75,486.40","€905,837"
18.08.2023,Friday,"Friday, 18th August 2023","€10,000,000",02 16 22 28 46,04 08,4 + 2,57,"€2,621.30","€149,414"
18.08.2023,Friday,"Friday, 18th August 2023","€10,000,000",02 16 22 28 46,04 08,4 + 1,713,€261.90,"€186,735"
18.08.2023,Friday,"Friday, 18th August 2023","€10,000,000",02 16 22 28 46,04 08,4 + 0,"2,127",€99.70,"€212,062"
18.08.2023,Friday,"Friday, 18th August 2023","€10,000,000",02 16 22 28 46,04 08,3 + 2,"1,429",€99.70,"€142,471"
18.08.2023,Friday,"Friday, 18th August 2023","€10,000,000",02 16 22 28 46,04 08,2 + 2,"28,284",€17.50,"€494,970"
18.08.2023,Friday,"Friday, 18th August 2023","€10,000,000",02 16 22 28 46,04 08,3 + 1,"29,286",€17.50,"€512,505"
18.08.2023,Friday,"Friday, 18th August 2023","€10,000,000",02 16 22 28 46,04 08,3 + 0,"58,031",€17.30,"€1,003,936"
18.08.2023,Friday,"Friday, 18th August 2023","€10,000,000",02 16 22 28 46,04 08,1 + 2,"147,935",€9.10,"€1,346,209"
18.08.2023,Friday,"Friday, 18th August 2023","€10,000,000",02 16 22 28 46,04 08,2 + 1,"403,939",€9.10,"€3,675,845"
22.08.2023,Tuesday,"Tuesday, 22nd August 2023","€10,000,000",08 40 41 46 47,03 11,5 + 2,0,"€10,000,000","€10,000,000"
22.08.2023,Tuesday,"Tuesday, 22nd August 2023","€10,000,000",08 40 41 46 47,03 11,5 + 1,3,"€320,651.30","€961,954"
22.08.2023,Tuesday,"Tuesday, 22nd August 2023","€10,000,000",08 40 41 46 47,03 11,5 + 0,2,"€271,248.60","€542,497"
22.08.2023,Tuesday,"Tuesday, 22nd August 2023","€10,000,000",08 40 41 46 47,03 11,4 + 2,13,"€6,883.30","€89,483"
22.08.2023,Tuesday,"Tuesday, 22nd August 2023","€10,000,000",08 40 41 46 47,03 11,4 + 1,211,€530.10,"€111,851"
22.08.2023,Tuesday,"Tuesday, 22nd August 2023","€10,000,000",08 40 41 46 47,03 11,4 + 0,545,€225.70,"€123,007"
22.08.2023,Tuesday,"Tuesday, 22nd August 2023","€10,000,000",08 40 41 46 47,03 11,3 + 2,592,€151.10,"€89,451"
22.08.2023,Tuesday,"Tuesday, 22nd August 2023","€10,000,000",08 40 41 46 47,03 11,2 + 2,"8,642",€33.00,"€285,186"
22.08.2023,Tuesday,"Tuesday, 22nd August 2023","€10,000,000",08 40 41 46 47,03 11,3 + 1,"11,275",€28.20,"€317,955"
22.08.2023,Tuesday,"Tuesday, 22nd August 2023","€10,000,000",08 40 41 46 47,03 11,3 + 0,"26,654",€22.60,"€602,380"
22.08.2023,Tuesday,"Tuesday, 22nd August 2023","€10,000,000",08 40 41 46 47,03 11,1 + 2,"50,627",€14.90,"€754,342"
22.08.2023,Tuesday,"Tuesday, 22nd August 2023","€10,000,000",08 40 41 46 47,03 11,2 + 1,"182,312",€12.40,"€2,260,669"
25.08.2023,Friday,"Friday, 25th August 2023","€16,831,794",02 05 11 27 38,10 12,5 + 2,0,"€16,831,794","€16,831,794"
25.08.2023,Friday,"Friday, 25th August 2023","€16,831,794",02 05 11 27 38,10 12,5 + 1,4,"€408,009.90","€1,632,040"
25.08.2023,Friday,"Friday, 25th August 2023","€16,831,794",02 05 11 27 38,10 12,5 + 0,10,"€92,039.40","€920,394"
25.08.2023,Friday,"Friday, 25th August 2023","€16,831,794",02 05 11 27 38,10 12,4 + 2,24,"€6,325.70","€151,817"
25.08.2023,Friday,"Friday, 25th August 2023","€16,831,794",02 05 11 27 38,10 12,4 + 1,588,€322.70,"€189,748"
25.08.2023,Friday,"Friday, 25th August 2023","€16,831,794",02 05 11 27 38,10 12,4 + 0,952,€219.20,"€208,678"
25.08.2023,Friday,"Friday, 25th August 2023","€16,831,794",02 05 11 27 38,10 12,3 + 2,"1,934",€78.40,"€151,626"
25.08.2023,Friday,"Friday, 25th August 2023","€16,831,794",02 05 11 27 38,10 12,2 + 2,"13,092",€36.90,"€483,095"
25.08.2023,Friday,"Friday, 25th August 2023","€16,831,794",02 05 11 27 38,10 12,3 + 1,"24,791",€21.80,"€540,444"
25.08.2023,Friday,"Friday, 25th August 2023","€16,831,794",02 05 11 27 38,10 12,3 + 0,"81,453",€15.40,"€1,254,376"
25.08.2023,Friday,"Friday, 25th August 2023","€16,831,794",02 05 11 27 38,10 12,1 + 2,"67,412",€15.40,"€1,038,145"
25.08.2023,Friday,"Friday, 25th August 2023","€16,831,794",02 05 11 27 38,10 12,2 + 1,"333,906",€11.50,"€3,839,919"
29.08.2023,Tuesday,"Tuesday, 29th August 2023","€21,314,943",14 18 20 39 42,06 09,5 + 2,0,"€21,314,943","€21,314,943"
29.08.2023,Tuesday,"Tuesday, 29th August 2023","€21,314,943",14 18 20 39 42,06 09,5 + 1,2,"€535,487.20","€1,070,974"
29.08.2023,Tuesday,"Tuesday, 29th August 2023","€21,314,943",14 18 20 39 42,06 09,5 + 0,3,"€201,326.50","€603,980"
29.08.2023,Tuesday,"Tuesday, 29th August 2023","€21,314,943",14 18 20 39 42,06 09,4 + 2,27,"€3,689.80","€99,625"
29.08.2023,Tuesday,"Tuesday, 29th August 2023","€21,314,943",14 18 20 39 42,06 09,4 + 1,379,€328.50,"€124,502"
29.08.2023,Tuesday,"Tuesday, 29th August 2023","€21,314,943",14 18 20 39 42,06 09,4 + 0,985,€139.00,"€136,915"
29.08.2023,Tuesday,"Tuesday, 29th August 2023","€21,314,943",14 18 20 39 42,06 09,3 + 2,841,€118.40,"€99,574"
29.08.2023,Tuesday,"Tuesday, 29th August 2023","€21,314,943",14 18 20 39 42,06 09,2 + 2,"14,459",€21.90,"€316,652"
29.08.2023,Tuesday,"Tuesday, 29th August 2023","€21,314,943",14 18 20 39 42,06 09,3 + 1,"17,219",€20.60,"€354,711"
29.08.2023,Tuesday,"Tuesday, 29th August 2023","€21,314,943",14 18 20 39 42,06 09,3 + 0,"37,358",€18.00,"€672,444"
29.08.2023,Tuesday,"Tuesday, 29th August 2023","€21,314,943",14 18 20 39 42,06 09,1 + 2,"75,849",€11.00,"€834,339"
29.08.2023,Tuesday,"Tuesday, 29th August 2023","€21,314,943",14 18 20 39 42,06 09,2 + 1,"252,237",€10.00,"€2,522,370"
01.09.2023,Friday,"Friday, 1st September 2023","€28,808,937",01 13 16 23 27,10 11,5 + 2,0,"€28,808,937","€28,808,937"
01.09.2023,Friday,"Friday, 1st September 2023","€28,808,937",01 13 16 23 27,10 11,5 + 1,4,"€447,557.90","€1,790,232"
01.09.2023,Friday,"Friday, 1st September 2023","€28,808,937",01 13 16 23 27,10 11,5 + 0,4,"€252,401.80","€1,009,607"
01.09.2023,Friday,"Friday, 1st September 2023","€28,808,937",01 13 16 23 27,10 11,4 + 2,21,"€7,930.10","€166,532"
01.09.2023,Friday,"Friday, 1st September 2023","€28,808,937",01 13 16 23 27,10 11,4 + 1,596,€349.20,"€208,123"
01.09.2023,Friday,"Friday, 1st September 2023","€28,808,937",01 13 16 23 27,10 11,4 + 0,948,€241.50,"€228,942"
01.09.2023,Friday,"Friday, 1st September 2023","€28,808,937",01 13 16 23 27,10 11,3 + 2,"1,912",€87.00,"€166,344"
01.09.2023,Friday,"Friday, 1st September 2023","€28,808,937",01 13 16 23 27,10 11,2 + 2,"13,882",€38.20,"€530,292"
01.09.2023,Friday,"Friday, 1st September 2023","€28,808,937",01 13 16 23 27,10 11,3 + 1,"26,215",€22.60,"€592,459"
01.09.2023,Friday,"Friday, 1st September 2023","€28,808,937",01 13 16 23 27,10 11,3 + 0,"82,589",€16.50,"€1,362,719"
01.09.2023,Friday,"Friday, 1st September 2023","€28,808,937",01 13 16 23 27,10 11,1 + 2,"70,137",€16.50,"€1,157,261"
01.09.2023,Friday,"Friday, 1st September 2023","€28,808,937",01 13 16 23 27,10 11,2 + 1,"371,856",€11.30,"€4,201,973"
05.09.2023,Tuesday,"Tuesday, 5th September 2023","€33,830,108",09 11 13 15 25,04 09,5 + 2,0,"€33,830,108","€33,830,108"
05.09.2023,Tuesday,"Tuesday, 5th September 2023","€33,830,108",09 11 13 15 25,04 09,5 + 1,3,"€399,833.90","€1,199,502"
05.09.2023,Tuesday,"Tuesday, 5th September 2023","€33,830,108",09 11 13 15 25,04 09,5 + 0,6,"€112,743.80","€676,463"
05.09.2023,Tuesday,"Tuesday, 5th September 2023","€33,830,108",09 11 13 15 25,04 09,4 + 2,32,"€3,486.90","€111,581"
05.09.2023,Tuesday,"Tuesday, 5th September 2023","€33,830,108",09 11 13 15 25,04 09,4 + 1,687,€203.00,"€139,461"
05.09.2023,Tuesday,"Tuesday, 5th September 2023","€33,830,108",09 11 13 15 25,04 09,4 + 0,"1,461",€105.00,"€153,405"
05.09.2023,Tuesday,"Tuesday, 5th September 2023","€33,830,108",09 11 13 15 25,04 09,3 + 2,"1,386",€80.50,"€111,573"
05.09.2023,Tuesday,"Tuesday, 5th September 2023","€33,830,108",09 11 13 15 25,04 09,2 + 2,"20,707",€17.10,"€354,090"
05.09.2023,Tuesday,"Tuesday, 5th September 2023","€33,830,108",09 11 13 15 25,04 09,3 + 1,"25,320",€15.60,"€394,992"
05.09.2023,Tuesday,"Tuesday, 5th September 2023","€33,830,108",09 11 13 15 25,04 09,3 + 0,"52,491",€14.30,"€750,621"
05.09.2023,Tuesday,"Tuesday, 5th September 2023","€33,830,108",09 11 13 15 25,04 09,1 + 2,"99,990",€9.40,"€939,906"
05.09.2023,Tuesday,"Tuesday, 5th September 2023","€33,830,108",09 11 13 15 25,04 09,2 + 1,"335,764",€8.40,"€2,820,418"
08.09.2023,Friday,"Friday, 8th September 2023","€41,750,348",21 29 31 46 49,05 06,5 + 2,0,"€41,750,348","€41,750,348"
08.09.2023,Friday,"Friday, 8th September 2023","€41,750,348",21 29 31 46 49,05 06,5 + 1,3,"€630,685.70","€1,892,057"
08.09.2023,Friday,"Friday, 8th September 2023","€41,750,348",21 29 31 46 49,05 06,5 + 0,5,"€213,406.40","€1,067,032"
08.09.2023,Friday,"Friday, 8th September 2023","€41,750,348",21 29 31 46 49,05 06,4 + 2,28,"€6,285.90","€176,005"
08.09.2023,Friday,"Friday, 8th September 2023","€41,750,348",21 29 31 46 49,05 06,4 + 1,615,€357.70,"€219,986"
08.09.2023,Friday,"Friday, 8th September 2023","€41,750,348",21 29 31 46 49,05 06,4 + 0,"1,382",€175.10,"€241,988"
08.09.2023,Friday,"Friday, 8th September 2023","€41,750,348",21 29 31 46 49,05 06,3 + 2,"1,215",€144.80,"€175,932"
08.09.2023,Friday,"Friday, 8th September 2023","€41,750,348",21 29 31 46 49,05 06,2 + 2,"21,084",€26.60,"€560,834"
08.09.2023,Friday,"Friday, 8th September 2023","€41,750,348",21 29 31 46 49,05 06,3 + 1,"27,679",€22.60,"€625,545"
08.09.2023,Friday,"Friday, 8th September 2023","€41,750,348",21 29 31 46 49,05 06,3 + 0,"57,282",€20.70,"€1,185,737"
08.09.2023,Friday,"Friday, 8th September 2023","€41,750,348",21 29 31 46 49,05 06,1 + 2,"117,624",€12.60,"€1,482,062"
08.09.2023,Friday,"Friday, 8th September 2023","€41,750,348",21 29 31 46 49,05 06,2 + 1,"431,358",€10.30,"€4,442,987"
12.09.2023,Tuesday,"Tuesday, 12th September 2023","€48,023,244",05 13 43 45 50,01 10,5 + 2,0,"€48,023,244","€48,023,244"
12.09.2023,Tuesday,"Tuesday, 12th September 2023","€48,023,244",05 13 43 45 50,01 10,5 + 1,2,"€634,061.70","€1,268,123"
12.09.2023,Tuesday,"Tuesday, 12th September 2023","€48,023,244",05 13 43 45 50,01 10,5 + 0,2,"€357,581.30","€715,163"
12.09.2023,Tuesday,"Tuesday, 12th September 2023","€48,023,244",05 13 43 45 50,01 10,4 + 2,28,"€4,213.00","€117,964"
12.09.2023,Tuesday,"Tuesday, 12th September 2023","€48,023,244",05 13 43 45 50,01 10,4 + 1,399,€369.50,"€147,431"
12.09.2023,Tuesday,"Tuesday, 12th September 2023","€48,023,244",05 13 43 45 50,01 10,4 + 0,946,€171.40,"€162,144"
12.09.2023,Tuesday,"Tuesday, 12th September 2023","€48,023,244",05 13 43 45 50,01 10,3 + 2,886,€133.10,"€117,927"
12.09.2023,Tuesday,"Tuesday, 12th September 2023","€48,023,244",05 13 43 45 50,01 10,2 + 2,"13,594",€27.60,"€375,194"
12.09.2023,Tuesday,"Tuesday, 12th September 2023","€48,023,244",05 13 43 45 50,01 10,3 + 1,"17,882",€23.50,"€420,227"
12.09.2023,Tuesday,"Tuesday, 12th September 2023","€48,023,244",05 13 43 45 50,01 10,3 + 0,"43,370",€18.30,"€793,671"
12.09.2023,Tuesday,"Tuesday, 12th September 2023","€48,023,244",05 13 43 45 50,01 10,1 + 2,"69,518",€14.30,"€994,107"
12.09.2023,Tuesday,"Tuesday, 12th September 2023","€48,023,244",05 13 43 45 50,01 10,2 + 1,"269,896",€11.00,"€2,968,856"
15.09.2023,Friday,"Friday, 15th September 2023","€57,857,065",03 08 10 31 36,02 03,5 + 2,0,"€57,857,065","€57,857,065"
15.09.2023,Friday,"Friday, 15th September 2023","€57,857,065",03 08 10 31 36,02 03,5 + 1,5,"€405,032.80","€2,025,164"
15.09.2023,Friday,"Friday, 15th September 2023","€57,857,065",03 08 10 31 36,02 03,5 + 0,4,"€285,524.50","€1,142,098"
15.09.2023,Friday,"Friday, 15th September 2023","€57,857,065",03 08 10 31 36,02 03,4 + 2,37,"€5,091.50","€188,386"
15.09.2023,Friday,"Friday, 15th September 2023","€57,857,065",03 08 10 31 36,02 03,4 + 1,841,€280.00,"€235,480"
15.09.2023,Friday,"Friday, 15th September 2023","€57,857,065",03 08 10 31 36,02 03,4 + 0,"1,725",€150.10,"€258,923"
15.09.2023,Friday,"Friday, 15th September 2023","€57,857,065",03 08 10 31 36,02 03,3 + 2,"1,521",€123.80,"€188,300"
15.09.2023,Friday,"Friday, 15th September 2023","€57,857,065",03 08 10 31 36,02 03,2 + 2,"24,977",€24.00,"€599,448"
15.09.2023,Friday,"Friday, 15th September 2023","€57,857,065",03 08 10 31 36,02 03,3 + 1,"39,046",€17.70,"€691,114"
15.09.2023,Friday,"Friday, 15th September 2023","€57,857,065",03 08 10 31 36,02 03,3 + 0,"70,211",€17.70,"€1,242,735"
15.09.2023,Friday,"Friday, 15th September 2023","€57,857,065",03 08 10 31 36,02 03,1 + 2,"127,192",€12.40,"€1,577,181"
15.09.2023,Friday,"Friday, 15th September 2023","€57,857,065",03 08 10 31 36,02 03,2 + 1,"560,067",€8.50,"€4,760,570"
19.09.2023,Tuesday,"Tuesday, 19th September 2023","€65,950,427",08 18 26 38 39,04 12,5 + 2,1,"€65,950,427","€65,950,427"
19.09.2023,Tuesday,"Tuesday, 19th September 2023","€65,950,427",08 18 26 38 39,04 12,5 + 1,18,"€100,735.20","€1,813,234"
19.09.2023,Tuesday,"Tuesday, 19th September 2023","€65,950,427",08 18 26 38 39,04 12,5 + 0,4,"€100,735.20","€402,941"
19.09.2023,Tuesday,"Tuesday, 19th September 2023","€65,950,427",08 18 26 38 39,04 12,4 + 2,16,"€8,238.50","€131,816"
19.09.2023,Tuesday,"Tuesday, 19th September 2023","€65,950,427",08 18 26 38 39,04 12,4 + 1,535,€307.90,"€164,727"
19.09.2023,Tuesday,"Tuesday, 19th September 2023","€65,950,427",08 18 26 38 39,04 12,4 + 0,857,€211.40,"€181,170"
19.09.2023,Tuesday,"Tuesday, 19th September 2023","€65,950,427",08 18 26 38 39,04 12,3 + 2,"1,256",€104.90,"€131,754"
19.09.2023,Tuesday,"Tuesday, 19th September 2023","€65,950,427",08 18 26 38 39,04 12,2 + 2,"12,437",€33.70,"€419,127"
19.09.2023,Tuesday,"Tuesday, 19th September 2023","€65,950,427",08 18 26 38 39,04 12,3 + 1,"22,969",€20.40,"€468,568"
19.09.2023,Tuesday,"Tuesday, 19th September 2023","€65,950,427",08 18 26 38 39,04 12,3 + 0,"57,631",€16.00,"€922,096"
19.09.2023,Tuesday,"Tuesday, 19th September 2023","€65,950,427",08 18 26 38 39,04 12,1 + 2,"66,845",€16.00,"€1,069,520"
19.09.2023,Tuesday,"Tuesday, 19th September 2023","€65,950,427",08 18 26 38 39,04 12,2 + 1,"319,047",€10.40,"€3,318,089"
22.09.2023,Friday,"Friday, 22nd September 2023","€10,000,000",14 24 31 44 45,07 11,5 + 2,0,"€10,000,000","€10,000,000"
22.09.2023,Friday,"Friday, 22nd September 2023","€10,000,000",14 24 31 44 45,07 11,5 + 1,1,"€1,584,023.30","€1,584,023"
22.09.2023,Friday,"Friday, 22nd September 2023","€10,000,000",14 24 31 44 45,07 11,5 + 0,5,"€178,663.00","€893,315"
22.09.2023,Friday,"Friday, 22nd September 2023","€10,000,000",14 24 31 44 45,07 11,4 + 2,28,"€5,262.50","€147,350"
22.09.2023,Friday,"Friday, 22nd September 2023","€10,000,000",14 24 31 44 45,07 11,4 + 1,485,€379.70,"€184,155"
22.09.2023,Friday,"Friday, 22nd September 2023","€10,000,000",14 24 31 44 45,07 11,4 + 0,851,€238.00,"€202,538"
22.09.2023,Friday,"Friday, 22nd September 2023","€10,000,000",14 24 31 44 45,07 11,3 + 2,"1,085",€135.80,"€147,343"
22.09.2023,Friday,"Friday, 22nd September 2023","€10,000,000",14 24 31 44 45,07 11,2 + 2,"13,071",€35.90,"€469,249"
22.09.2023,Friday,"Friday, 22nd September 2023","€10,000,000",14 24 31 44 45,07 11,3 + 1,"22,467",€23.30,"€523,481"
22.09.2023,Friday,"Friday, 22nd September 2023","€10,000,000",14 24 31 44 45,07 11,3 + 0,"53,866",€18.40,"€991,134"
22.09.2023,Friday,"Friday, 22nd September 2023","€10,000,000",14 24 31 44 45,07 11,1 + 2,"70,773",€17.50,"€1,238,528"
22.09.2023,Friday,"Friday, 22nd September 2023","€10,000,000",14 24 31 44 45,07 11,2 + 1,"335,093",€11.10,"€3,719,532"
26.09.2023,Tuesday,"Tuesday, 26th September 2023","€14,098,267",23 24 38 42 44,01 10,5 + 2,0,"€14,098,267","€14,098,267"
26.09.2023,Tuesday,"Tuesday, 26th September 2023","€14,098,267",23 24 38 42 44,01 10,5 + 1,0,€0.00,€0
26.09.2023,Tuesday,"Tuesday, 26th September 2023","€14,098,267",23 24 38 42 44,01 10,5 + 0,7,"€78,875.30","€552,127"
26.09.2023,Tuesday,"Tuesday, 26th September 2023","€14,098,267",23 24 38 42 44,01 10,4 + 2,10,"€9,107.20","€91,072"
26.09.2023,Tuesday,"Tuesday, 26th September 2023","€14,098,267",23 24 38 42 44,01 10,4 + 1,306,€372.00,"€113,832"
26.09.2023,Tuesday,"Tuesday, 26th September 2023","€14,098,267",23 24 38 42 44,01 10,4 + 0,724,€172.90,"€125,180"
26.09.2023,Tuesday,"Tuesday, 26th September 2023","€14,098,267",23 24 38 42 44,01 10,3 + 2,780,€116.70,"€91,026"
26.09.2023,Tuesday,"Tuesday, 26th September 2023","€14,098,267",23 24 38 42 44,01 10,2 + 2,"9,563",€30.30,"€289,759"
26.09.2023,Tuesday,"Tuesday, 26th September 2023","€14,098,267",23 24 38 42 44,01 10,3 + 1,"14,122",€22.90,"€323,394"
26.09.2023,Tuesday,"Tuesday, 26th September 2023","€14,098,267",23 24 38 42 44,01 10,3 + 0,"36,982",€16.60,"€613,901"
26.09.2023,Tuesday,"Tuesday, 26th September 2023","€14,098,267",23 24 38 42 44,01 10,1 + 2,"51,903",€14.80,"€768,164"
26.09.2023,Tuesday,"Tuesday, 26th September 2023","€14,098,267",23 24 38 42 44,01 10,2 + 1,"202,674",€11.40,"€2,310,484"
29.09.2023,Friday,"Friday, 29th September 2023","€22,016,063",14 24 29 45 48,03 09,5 + 2,0,"€22,016,063","€22,016,063"
29.09.2023,Friday,"Friday, 29th September 2023","€22,016,063",14 24 29 45 48,03 09,5 + 1,3,"€887,684.50","€2,663,054"
29.09.2023,Friday,"Friday, 29th September 2023","€22,016,063",14 24 29 45 48,03 09,5 + 0,7,"€135,672.90","€949,710"
29.09.2023,Friday,"Friday, 29th September 2023","€22,016,063",14 24 29 45 48,03 09,4 + 2,27,"€5,801.90","€156,651"
29.09.2023,Friday,"Friday, 29th September 2023","€22,016,063",14 24 29 45 48,03 09,4 + 1,573,€341.70,"€195,794"
29.09.2023,Friday,"Friday, 29th September 2023","€22,016,063",14 24 29 45 48,03 09,4 + 0,"1,554",€139.10,"€216,161"
29.09.2023,Friday,"Friday, 29th September 2023","€22,016,063",14 24 29 45 48,03 09,3 + 2,"1,120",€139.10,"€155,792"
29.09.2023,Friday,"Friday, 29th September 2023","€22,016,063",14 24 29 45 48,03 09,2 + 2,"25,408",€20.40,"€518,323"
29.09.2023,Friday,"Friday, 29th September 2023","€22,016,063",14 24 29 45 48,03 09,3 + 1,"26,352",€20.40,"€537,581"
29.09.2023,Friday,"Friday, 29th September 2023","€22,016,063",14 24 29 45 48,03 09,3 + 0,"53,903",€19.60,"€1,056,499"
29.09.2023,Friday,"Friday, 29th September 2023","€22,016,063",14 24 29 45 48,03 09,1 + 2,"143,618",€9.70,"€1,393,095"
29.09.2023,Friday,"Friday, 29th September 2023","€22,016,063",14 24 29 45 48,03 09,2 + 1,"400,841",€9.70,"€3,888,158"
03.10.2023,Tuesday,"Tuesday, 3rd October 2023","€28,266,304",13 28 29 31 47,08 09,5 + 2,0,"€28,266,304","€28,266,304"
03.10.2023,Tuesday,"Tuesday, 3rd October 2023","€28,266,304",13 28 29 31 47,08 09,5 + 1,3,"€355,925.60","€1,067,777"
03.10.2023,Tuesday,"Tuesday, 3rd October 2023","€28,266,304",13 28 29 31 47,08 09,5 + 0,3,"€200,725.50","€602,177"
03.10.2023,Tuesday,"Tuesday, 3rd October 2023","€28,266,304",13 28 29 31 47,08 09,4 + 2,20,"€4,966.40","€99,328"
03.10.2023,Tuesday,"Tuesday, 3rd October 2023","€28,266,304",13 28 29 31 47,08 09,4 + 1,441,€281.50,"€124,142"
03.10.2023,Tuesday,"Tuesday, 3rd October 2023","€28,266,304",13 28 29 31 47,08 09,4 + 0,821,€166.30,"€136,532"
03.10.2023,Tuesday,"Tuesday, 3rd October 2023","€28,266,304",13 28 29 31 47,08 09,3 + 2,880,€112.80,"€99,264"
03.10.2023,Tuesday,"Tuesday, 3rd October 2023","€28,266,304",13 28 29 31 47,08 09,2 + 2,"11,522",€27.40,"€315,703"
03.10.2023,Tuesday,"Tuesday, 3rd October 2023","€28,266,304",13 28 29 31 47,08 09,3 + 1,"19,553",€18.00,"€351,954"
03.10.2023,Tuesday,"Tuesday, 3rd October 2023","€28,266,304",13 28 29 31 47,08 09,3 + 0,"38,741",€17.30,"€670,219"
03.10.2023,Tuesday,"Tuesday, 3rd October 2023","€28,266,304",13 28 29 31 47,08 09,1 + 2,"60,006",€13.90,"€834,083"
03.10.2023,Tuesday,"Tuesday, 3rd October 2023","€28,266,304",13 28 29 31 47,08 09,2 + 1,"274,439",€9.10,"€2,497,395"
06.10.2023,Friday,"Friday, 6th October 2023","€36,909,007",17 18 40 43 50,09 11,5 + 2,0,"€36,909,007","€36,909,007"
06.10.2023,Friday,"Friday, 6th October 2023","€36,909,007",17 18 40 43 50,09 11,5 + 1,2,"€895,239.60","€1,790,479"
06.10.2023,Friday,"Friday, 6th October 2023","€36,909,007",17 18 40 43 50,09 11,5 + 0,4,"€252,436.70","€1,009,747"
06.10.2023,Friday,"Friday, 6th October 2023","€36,909,007",17 18 40 43 50,09 11,4 + 2,13,"€12,812.00","€166,556"
06.10.2023,Friday,"Friday, 6th October 2023","€36,909,007",17 18 40 43 50,09 11,4 + 1,415,€501.60,"€208,164"
06.10.2023,Friday,"Friday, 6th October 2023","€36,909,007",17 18 40 43 50,09 11,4 + 0,896,€255.50,"€228,928"
06.10.2023,Friday,"Friday, 6th October 2023","€36,909,007",17 18 40 43 50,09 11,3 + 2,"1,111",€149.90,"€166,539"
06.10.2023,Friday,"Friday, 6th October 2023","€36,909,007",17 18 40 43 50,09 11,2 + 2,"13,552",€39.10,"€529,883"
06.10.2023,Friday,"Friday, 6th October 2023","€36,909,007",17 18 40 43 50,09 11,3 + 1,"21,683",€27.30,"€591,946"
06.10.2023,Friday,"Friday, 6th October 2023","€36,909,007",17 18 40 43 50,09 11,3 + 0,"55,099",€20.40,"€1,124,020"
06.10.2023,Friday,"Friday, 6th October 2023","€36,909,007",17 18 40 43 50,09 11,1 + 2,"76,039",€18.40,"€1,399,118"
06.10.2023,Friday,"Friday, 6th October 2023","€36,909,007",17 18 40 43 50,09 11,2 + 1,"342,456",€12.30,"€4,212,209"
10.10.2023,Tuesday,"Tuesday, 10th October 2023","€43,876,027",07 08 12 21 43,04 11,5 + 2,0,"€43,876,027","€43,876,027"
10.10.2023,Tuesday,"Tuesday, 10th October 2023","€43,876,027",07 08 12 21 43,04 11,5 + 1,1,"€1,211,193.30","€1,211,193"
10.10.2023,Tuesday,"Tuesday, 10th October 2023","€43,876,027",07 08 12 21 43,04 11,5 + 0,7,"€97,579.50","€683,057"
10.10.2023,Tuesday,"Tuesday, 10th October 2023","€43,876,027",07 08 12 21 43,04 11,4 + 2,20,"€5,633.40","€112,668"
10.10.2023,Tuesday,"Tuesday, 10th October 2023","€43,876,027",07 08 12 21 43,04 11,4 + 1,451,€312.20,"€140,802"
10.10.2023,Tuesday,"Tuesday, 10th October 2023","€43,876,027",07 08 12 21 43,04 11,4 + 0,872,€177.60,"€154,867"
10.10.2023,Tuesday,"Tuesday, 10th October 2023","€43,876,027",07 08 12 21 43,04 11,3 + 2,"1,264",€89.10,"€112,622"
10.10.2023,Tuesday,"Tuesday, 10th October 2023","€43,876,027",07 08 12 21 43,04 11,2 + 2,"12,301",€29.10,"€357,959"
10.10.2023,Tuesday,"Tuesday, 10th October 2023","€43,876,027",07 08 12 21 43,04 11,3 + 1,"21,024",€19.00,"€399,456"
10.10.2023,Tuesday,"Tuesday, 10th October 2023","€43,876,027",07 08 12 21 43,04 11,3 + 0,"54,596",€14.60,"€797,102"
10.10.2023,Tuesday,"Tuesday, 10th October 2023","€43,876,027",07 08 12 21 43,04 11,1 + 2,"62,544",€14.60,"€913,142"
10.10.2023,Tuesday,"Tuesday, 10th October 2023","€43,876,027",07 08 12 21 43,04 11,2 + 1,"293,521",€9.70,"€2,847,154"
13.10.2023,Friday,"Friday, 13th October 2023","€54,233,218",16 23 30 37 41,02 09,5 + 2,1,"€54,233,218","€54,233,218"
13.10.2023,Friday,"Friday, 13th October 2023","€54,233,218",16 23 30 37 41,02 09,5 + 1,6,"€361,266.90","€2,167,601"
13.10.2023,Friday,"Friday, 13th October 2023","€54,233,218",16 23 30 37 41,02 09,5 + 0,12,"€101,868.80","€1,222,426"
13.10.2023,Friday,"Friday, 13th October 2023","€54,233,218",16 23 30 37 41,02 09,4 + 2,54,"€3,734.00","€201,636"
13.10.2023,Friday,"Friday, 13th October 2023","€54,233,218",16 23 30 37 41,02 09,4 + 1,912,€276.30,"€251,986"
13.10.2023,Friday,"Friday, 13th October 2023","€54,233,218",16 23 30 37 41,02 09,4 + 0,"2,116",€131.00,"€277,196"
13.10.2023,Friday,"Friday, 13th October 2023","€54,233,218",16 23 30 37 41,02 09,3 + 2,"2,004",€100.60,"€201,602"
13.10.2023,Friday,"Friday, 13th October 2023","€54,233,218",16 23 30 37 41,02 09,2 + 2,"29,096",€22.00,"€640,112"
13.10.2023,Friday,"Friday, 13th October 2023","€54,233,218",16 23 30 37 41,02 09,3 + 1,"36,266",€19.80,"€718,067"
13.10.2023,Friday,"Friday, 13th October 2023","€54,233,218",16 23 30 37 41,02 09,3 + 0,"77,772",€17.50,"€1,361,010"
13.10.2023,Friday,"Friday, 13th October 2023","€54,233,218",16 23 30 37 41,02 09,1 + 2,"155,231",€10.90,"€1,692,018"
13.10.2023,Friday,"Friday, 13th October 2023","€54,233,218",16 23 30 37 41,02 09,2 + 1,"508,465",€10.00,"€5,084,650"
17.10.2023,Tuesday,"Tuesday, 17th October 2023","€10,000,000",06 08 42 49 50,03 05,5 + 2,0,"€10,000,000","€10,000,000"
17.10.2023,Tuesday,"Tuesday, 17th October 2023","€10,000,000",06 08 42 49 50,03 05,5 + 1,3,"€324,491.30","€973,474"
17.10.2023,Tuesday,"Tuesday, 17th October 2023","€10,000,000",06 08 42 49 50,03 05,5 + 0,2,"€274,497.00","€548,994"
17.10.2023,Tuesday,"Tuesday, 17th October 2023","€10,000,000",06 08 42 49 50,03 05,4 + 2,8,"€11,319.40","€90,555"
17.10.2023,Tuesday,"Tuesday, 17th October 2023","€10,000,000",06 08 42 49 50,03 05,4 + 1,231,€490.00,"€113,190"
17.10.2023,Tuesday,"Tuesday, 17th October 2023","€10,000,000",06 08 42 49 50,03 05,4 + 0,695,€179.10,"€124,475"
17.10.2023,Tuesday,"Tuesday, 17th October 2023","€10,000,000",06 08 42 49 50,03 05,3 + 2,594,€152.40,"€90,526"
17.10.2023,Tuesday,"Tuesday, 17th October 2023","€10,000,000",06 08 42 49 50,03 05,2 + 2,"12,377",€23.60,"€292,097"
17.10.2023,Tuesday,"Tuesday, 17th October 2023","€10,000,000",06 08 42 49 50,03 05,3 + 1,"13,501",€23.60,"€318,624"
17.10.2023,Tuesday,"Tuesday, 17th October 2023","€10,000,000",06 08 42 49 50,03 05,3 + 0,"28,988",€21.00,"€608,748"
17.10.2023,Tuesday,"Tuesday, 17th October 2023","€10,000,000",06 08 42 49 50,03 05,1 + 2,"72,117",€10.50,"€757,229"
17.10.2023,Tuesday,"Tuesday, 17th October 2023","€10,000,000",06 08 42 49 50,03 05,2 + 1,"226,993",€10.10,"€2,292,629"
20.10.2023,Friday,"Friday, 20th October 2023","€16,706,605",11 16 22 34 46,02 05,5 + 2,0,"€16,706,605","€16,706,605"
20.10.2023,Friday,"Friday, 20th October 2023","€16,706,605",11 16 22 34 46,02 05,5 + 1,8,"€200,266.60","€1,602,133"
20.10.2023,Friday,"Friday, 20th October 2023","€16,706,605",11 16 22 34 46,02 05,5 + 0,10,"€90,352.80","€903,528"
20.10.2023,Friday,"Friday, 20th October 2023","€16,706,605",11 16 22 34 46,02 05,4 + 2,51,"€2,922.20","€149,032"
20.10.2023,Friday,"Friday, 20th October 2023","€16,706,605",11 16 22 34 46,02 05,4 + 1,824,€226.00,"€186,224"
20.10.2023,Friday,"Friday, 20th October 2023","€16,706,605",11 16 22 34 46,02 05,4 + 0,"1,670",€122.70,"€204,909"
20.10.2023,Friday,"Friday, 20th October 2023","€16,706,605",11 16 22 34 46,02 05,3 + 2,"1,634",€91.20,"€149,021"
20.10.2023,Friday,"Friday, 20th October 2023","€16,706,605",11 16 22 34 46,02 05,2 + 2,"22,868",€20.70,"€473,368"
20.10.2023,Friday,"Friday, 20th October 2023","€16,706,605",11 16 22 34 46,02 05,3 + 1,"29,893",€17.70,"€529,106"
20.10.2023,Friday,"Friday, 20th October 2023","€16,706,605",11 16 22 34 46,02 05,3 + 0,"61,221",€16.40,"€1,004,024"
20.10.2023,Friday,"Friday, 20th October 2023","€16,706,605",11 16 22 34 46,02 05,1 + 2,"117,422",€10.70,"€1,256,415"
20.10.2023,Friday,"Friday, 20th October 2023","€16,706,605",11 16 22 34 46,02 05,2 + 1,"409,928",€9.20,"€3,771,338"
24.10.2023,Tuesday,"Tuesday, 24th October 2023","€20,998,765",05 14 35 40 47,01 03,5 + 2,0,"€20,998,765","€20,998,765"
24.10.2023,Tuesday,"Tuesday, 24th October 2023","€20,998,765",05 14 35 40 47,01 03,5 + 1,2,"€534,532.80","€1,069,066"
24.10.2023,Tuesday,"Tuesday, 24th October 2023","€20,998,765",05 14 35 40 47,01 03,5 + 0,1,"€534,532.80","€534,533"
24.10.2023,Tuesday,"Tuesday, 24th October 2023","€20,998,765",05 14 35 40 47,01 03,4 + 2,12,"€7,948.40","€95,381"
24.10.2023,Tuesday,"Tuesday, 24th October 2023","€20,998,765",05 14 35 40 47,01 03,4 + 1,334,€356.90,"€119,205"
24.10.2023,Tuesday,"Tuesday, 24th October 2023","€20,998,765",05 14 35 40 47,01 03,4 + 0,672,€195.10,"€131,107"
24.10.2023,Tuesday,"Tuesday, 24th October 2023","€20,998,765",05 14 35 40 47,01 03,3 + 2,758,€125.80,"€95,356"
24.10.2023,Tuesday,"Tuesday, 24th October 2023","€20,998,765",05 14 35 40 47,01 03,2 + 2,"10,186",€29.80,"€303,543"
24.10.2023,Tuesday,"Tuesday, 24th October 2023","€20,998,765",05 14 35 40 47,01 03,3 + 1,"14,986",€22.60,"€338,684"
24.10.2023,Tuesday,"Tuesday, 24th October 2023","€20,998,765",05 14 35 40 47,01 03,3 + 0,"33,356",€19.30,"€643,771"
24.10.2023,Tuesday,"Tuesday, 24th October 2023","€20,998,765",05 14 35 40 47,01 03,1 + 2,"58,354",€13.70,"€799,450"
24.10.2023,Tuesday,"Tuesday, 24th October 2023","€20,998,765",05 14 35 40 47,01 03,2 + 1,"228,636",€10.50,"€2,400,678"
27.10.2023,Friday,"Friday, 27th October 2023","€28,482,618",06 13 15 20 40,02 08,5 + 2,0,"€28,482,618","€28,482,618"
27.10.2023,Friday,"Friday, 27th October 2023","€28,482,618",06 13 15 20 40,02 08,5 + 1,2,"€868,212.00","€1,736,424"
27.10.2023,Friday,"Friday, 27th October 2023","€28,482,618",06 13 15 20 40,02 08,5 + 0,3,"€326,420.80","€979,262"
27.10.2023,Friday,"Friday, 27th October 2023","€28,482,618",06 13 15 20 40,02 08,4 + 2,26,"€6,212.60","€161,528"
27.10.2023,Friday,"Friday, 27th October 2023","€28,482,618",06 13 15 20 40,02 08,4 + 1,565,€357.30,"€201,875"
27.10.2023,Friday,"Friday, 27th October 2023","€28,482,618",06 13 15 20 40,02 08,4 + 0,"1,743",€127.40,"€222,058"
27.10.2023,Friday,"Friday, 27th October 2023","€28,482,618",06 13 15 20 40,02 08,3 + 2,"1,274",€126.70,"€161,416"
27.10.2023,Friday,"Friday, 27th October 2023","€28,482,618",06 13 15 20 40,02 08,2 + 2,"25,833",€20.00,"€516,660"
27.10.2023,Friday,"Friday, 27th October 2023","€28,482,618",06 13 15 20 40,02 08,3 + 1,"28,546",€20.00,"€570,920"
27.10.2023,Friday,"Friday, 27th October 2023","€28,482,618",06 13 15 20 40,02 08,3 + 0,"59,637",€18.20,"€1,085,393"
27.10.2023,Friday,"Friday, 27th October 2023","€28,482,618",06 13 15 20 40,02 08,1 + 2,"140,570",€9.60,"€1,349,472"
27.10.2023,Friday,"Friday, 27th October 2023","€28,482,618",06 13 15 20 40,02 08,2 + 1,"424,835",€9.60,"€4,078,416"
31.10.2023,Tuesday,"Tuesday, 31st October 2023","€35,268,799",06 15 21 34 48,01 05,5 + 2,1,"€35,268,799","€35,268,799"
31.10.2023,Tuesday,"Tuesday, 31st October 2023","€35,268,799",06 15 21 34 48,01 05,5 + 1,3,"€392,365.30","€1,177,096"
31.10.2023,Tuesday,"Tuesday, 31st October 2023","€35,268,799",06 15 21 34 48,01 05,5 + 0,8,"€82,978.40","€663,827"
31.10.2023,Tuesday,"Tuesday, 31st October 2023","€35,268,799",06 15 21 34 48,01 05,4 + 2,17,"€6,441.00","€109,497"
31.10.2023,Tuesday,"Tuesday, 31st October 2023","€35,268,799",06 15 21 34 48,01 05,4 + 1,476,€287.50,"€136,850"
31.10.2023,Tuesday,"Tuesday, 31st October 2023","€35,268,799",06 15 21 34 48,01 05,4 + 0,955,€157.60,"€150,508"
31.10.2023,Tuesday,"Tuesday, 31st October 2023","€35,268,799",06 15 21 34 48,01 05,3 + 2,"1,100",€99.50,"€109,450"
31.10.2023,Tuesday,"Tuesday, 31st October 2023","€35,268,799",06 15 21 34 48,01 05,2 + 2,"12,562",€27.70,"€347,967"
31.10.2023,Tuesday,"Tuesday, 31st October 2023","€35,268,799",06 15 21 34 48,01 05,3 + 1,"18,367",€21.20,"€389,380"
31.10.2023,Tuesday,"Tuesday, 31st October 2023","€35,268,799",06 15 21 34 48,01 05,3 + 0,"42,369",€17.40,"€737,221"
31.10.2023,Tuesday,"Tuesday, 31st October 2023","€35,268,799",06 15 21 34 48,01 05,1 + 2,"67,034",€13.70,"€918,366"
31.10.2023,Tuesday,"Tuesday, 31st October 2023","€35,268,799",06 15 21 34 48,01 05,2 + 1,"266,141",€10.40,"€2,767,866"
03.11.2023,Friday,"Friday, 3rd November 2023","€10,000,000",06 21 23 31 39,01 05,5 + 2,0,"€10,000,000","€10,000,000"
03.11.2023,Friday,"Friday, 3rd November 2023","€10,000,000",06 21 23 31 39,01 05,5 + 1,5,"€308,304.90","€1,541,525"
03.11.2023,Friday,"Friday, 3rd November 2023","€10,000,000",06 21 23 31 39,01 05,5 + 0,12,"€72,445.60","€869,347"
03.11.2023,Friday,"Friday, 3rd November 2023","€10,000,000",06 21 23 31 39,01 05,4 + 2,21,"€6,828.40","€143,396"
03.11.2023,Friday,"Friday, 3rd November 2023","€10,000,000",06 21 23 31 39,01 05,4 + 1,576,€311.10,"€179,194"
03.11.2023,Friday,"Friday, 3rd November 2023","€10,000,000",06 21 23 31 39,01 05,4 + 0,"1,302",€151.40,"€197,123"
03.11.2023,Friday,"Friday, 3rd November 2023","€10,000,000",06 21 23 31 39,01 05,3 + 2,"1,214",€118.10,"€143,373"
03.11.2023,Friday,"Friday, 3rd November 2023","€10,000,000",06 21 23 31 39,01 05,2 + 2,"18,394",€24.80,"€456,171"
03.11.2023,Friday,"Friday, 3rd November 2023","€10,000,000",06 21 23 31 39,01 05,3 + 1,"24,892",€20.50,"€510,286"
03.11.2023,Friday,"Friday, 3rd November 2023","€10,000,000",06 21 23 31 39,01 05,3 + 0,"55,286",€17.50,"€967,505"
03.11.2023,Friday,"Friday, 3rd November 2023","€10,000,000",06 21 23 31 39,01 05,1 + 2,"94,674",€12.70,"€1,202,360"
03.11.2023,Friday,"Friday, 3rd November 2023","€10,000,000",06 21 23 31 39,01 05,2 + 1,"365,824",€9.90,"€3,621,658"
07.11.2023,Tuesday,"Tuesday, 7th November 2023","€14,176,090",26 36 43 47 49,04 07,5 + 2,0,"€14,176,090","€14,176,090"
07.11.2023,Tuesday,"Tuesday, 7th November 2023","€14,176,090",26 36 43 47 49,04 07,5 + 1,1,"€997,621.50","€997,622"
07.11.2023,Tuesday,"Tuesday, 7th November 2023","€14,176,090",26 36 43 47 49,04 07,5 + 0,1,"€562,612.10","€562,612"
07.11.2023,Tuesday,"Tuesday, 7th November 2023","€14,176,090",26 36 43 47 49,04 07,4 + 2,22,"€4,218.20","€92,800"
07.11.2023,Tuesday,"Tuesday, 7th November 2023","€14,176,090",26 36 43 47 49,04 07,4 + 1,325,€356.90,"€115,993"
07.11.2023,Tuesday,"Tuesday, 7th November 2023","€14,176,090",26 36 43 47 49,04 07,4 + 0,987,€134.20,"€132,455"
07.11.2023,Tuesday,"Tuesday, 7th November 2023","€14,176,090",26 36 43 47 49,04 07,3 + 2,655,€134.20,"€87,901"
07.11.2023,Tuesday,"Tuesday, 7th November 2023","€14,176,090",26 36 43 47 49,04 07,2 + 2,"15,224",€21.00,"€319,704"
07.11.2023,Tuesday,"Tuesday, 7th November 2023","€14,176,090",26 36 43 47 49,04 07,3 + 1,"14,490",€21.00,"€304,290"
07.11.2023,Tuesday,"Tuesday, 7th November 2023","€14,176,090",26 36 43 47 49,04 07,3 + 0,"31,135",€20.10,"€625,814"
07.11.2023,Tuesday,"Tuesday, 7th November 2023","€14,176,090",26 36 43 47 49,04 07,1 + 2,"86,584",€10.00,"€865,840"
07.11.2023,Tuesday,"Tuesday, 7th November 2023","€14,176,090",26 36 43 47 49,04 07,2 + 1,"225,042",€10.00,"€2,250,420"
10.11.2023,Friday,"Friday, 10th November 2023","€21,592,183",01 17 22 29 31,05 06,5 + 2,0,"€21,592,183","€21,592,183"
10.11.2023,Friday,"Friday, 10th November 2023","€21,592,183",01 17 22 29 31,05 06,5 + 1,6,"€278,817.40","€1,672,904"
10.11.2023,Friday,"Friday, 10th November 2023","€21,592,183",01 17 22 29 31,05 06,5 + 0,6,"€157,240.00","€943,440"
10.11.2023,Friday,"Friday, 10th November 2023","€21,592,183",01 17 22 29 31,05 06,4 + 2,24,"€6,484.10","€155,618"
10.11.2023,Friday,"Friday, 10th November 2023","€21,592,183",01 17 22 29 31,05 06,4 + 1,626,€310.70,"€194,498"
10.11.2023,Friday,"Friday, 10th November 2023","€21,592,183",01 17 22 29 31,05 06,4 + 0,"1,444",€148.10,"€213,856"
10.11.2023,Friday,"Friday, 10th November 2023","€21,592,183",01 17 22 29 31,05 06,3 + 2,"1,295",€120.10,"€155,530"
10.11.2023,Friday,"Friday, 10th November 2023","€21,592,183",01 17 22 29 31,05 06,2 + 2,"21,099",€23.50,"€495,827"
10.11.2023,Friday,"Friday, 10th November 2023","€21,592,183",01 17 22 29 31,05 06,3 + 1,"29,312",€18.90,"€553,997"
10.11.2023,Friday,"Friday, 10th November 2023","€21,592,183",01 17 22 29 31,05 06,3 + 0,"59,826",€17.50,"€1,046,955"
10.11.2023,Friday,"Friday, 10th November 2023","€21,592,183",01 17 22 29 31,05 06,1 + 2,"108,140",€12.10,"€1,308,494"
10.11.2023,Friday,"Friday, 10th November 2023","€21,592,183",01 17 22 29 31,05 06,2 + 1,"423,960",€9.30,"€3,942,828"
14.11.2023,Tuesday,"Tuesday, 14th November 2023","€27,938,979",09 30 34 38 48,02 03,5 + 2,0,"€27,938,979","€27,938,979"
14.11.2023,Tuesday,"Tuesday, 14th November 2023","€27,938,979",09 30 34 38 48,02 03,5 + 1,1,"€1,094,402.10","€1,094,402"
14.11.2023,Tuesday,"Tuesday, 14th November 2023","€27,938,979",09 30 34 38 48,02 03,5 + 0,2,"€308,595.90","€617,192"
14.11.2023,Tuesday,"Tuesday, 14th November 2023","€27,938,979",09 30 34 38 48,02 03,4 + 2,17,"€5,988.50","€101,805"
14.11.2023,Tuesday,"Tuesday, 14th November 2023","€27,938,979",09 30 34 38 48,02 03,4 + 1,337,€377.60,"€127,251"
14.11.2023,Tuesday,"Tuesday, 14th November 2023","€27,938,979",09 30 34 38 48,02 03,4 + 0,745,€187.80,"€139,911"
14.11.2023,Tuesday,"Tuesday, 14th November 2023","€27,938,979",09 30 34 38 48,02 03,3 + 2,890,€114.30,"€101,727"
14.11.2023,Tuesday,"Tuesday, 14th November 2023","€27,938,979",09 30 34 38 48,02 03,2 + 2,"11,190",€28.90,"€323,391"
14.11.2023,Tuesday,"Tuesday, 14th November 2023","€27,938,979",09 30 34 38 48,02 03,3 + 1,"16,958",€21.30,"€361,205"
14.11.2023,Tuesday,"Tuesday, 14th November 2023","€27,938,979",09 30 34 38 48,02 03,3 + 0,"34,444",€19.90,"€685,436"
14.11.2023,Tuesday,"Tuesday, 14th November 2023","€27,938,979",09 30 34 38 48,02 03,1 + 2,"63,741",€13.40,"€854,129"
14.11.2023,Tuesday,"Tuesday, 14th November 2023","€27,938,979",09 30 34 38 48,02 03,2 + 1,"262,226",€9.80,"€2,569,815"
17.11.2023,Friday,"Friday, 17th November 2023","€36,524,877",04 14 15 20 28,07 09,5 + 2,1,"€36,524,877","€36,524,877"
17.11.2023,Friday,"Friday, 17th November 2023","€36,524,877",04 14 15 20 28,07 09,5 + 1,5,"€354,404.70","€1,772,024"
17.11.2023,Friday,"Friday, 17th November 2023","€36,524,877",04 14 15 20 28,07 09,5 + 0,6,"€166,556.50","€999,339"
17.11.2023,Friday,"Friday, 17th November 2023","€36,524,877",04 14 15 20 28,07 09,4 + 2,43,"€3,833.40","€164,836"
17.11.2023,Friday,"Friday, 17th November 2023","€36,524,877",04 14 15 20 28,07 09,4 + 1,770,€267.50,"€205,975"
17.11.2023,Friday,"Friday, 17th November 2023","€36,524,877",04 14 15 20 28,07 09,4 + 0,"1,659",€136.60,"€226,619"
17.11.2023,Friday,"Friday, 17th November 2023","€36,524,877",04 14 15 20 28,07 09,3 + 2,"1,467",€112.30,"€164,744"
17.11.2023,Friday,"Friday, 17th November 2023","€36,524,877",04 14 15 20 28,07 09,2 + 2,"23,436",€22.40,"€524,966"
17.11.2023,Friday,"Friday, 17th November 2023","€36,524,877",04 14 15 20 28,07 09,3 + 1,"32,841",€17.80,"€584,570"
17.11.2023,Friday,"Friday, 17th November 2023","€36,524,877",04 14 15 20 28,07 09,3 + 0,"65,988",€16.80,"€1,108,598"
17.11.2023,Friday,"Friday, 17th November 2023","€36,524,877",04 14 15 20 28,07 09,1 + 2,"121,062",€11.40,"€1,380,107"
17.11.2023,Friday,"Friday, 17th November 2023","€36,524,877",04 14 15 20 28,07 09,2 + 1,"470,497",€8.80,"€4,140,374"
21.11.2023,Tuesday,"Tuesday, 21st November 2023","€10,000,000",09 20 21 22 38,03 12,5 + 2,0,"€10,000,000","€10,000,000"
21.11.2023,Tuesday,"Tuesday, 21st November 2023","€10,000,000",09 20 21 22 38,03 12,5 + 1,1,"€927,015.10","€927,015"
21.11.2023,Tuesday,"Tuesday, 21st November 2023","€10,000,000",09 20 21 22 38,03 12,5 + 0,7,"€74,684.70","€522,793"
21.11.2023,Tuesday,"Tuesday, 21st November 2023","€10,000,000",09 20 21 22 38,03 12,4 + 2,10,"€8,623.30","€86,233"
21.11.2023,Tuesday,"Tuesday, 21st November 2023","€10,000,000",09 20 21 22 38,03 12,4 + 1,304,€354.50,"€107,768"
21.11.2023,Tuesday,"Tuesday, 21st November 2023","€10,000,000",09 20 21 22 38,03 12,4 + 0,593,€199.90,"€118,541"
21.11.2023,Tuesday,"Tuesday, 21st November 2023","€10,000,000",09 20 21 22 38,03 12,3 + 2,722,€119.40,"€86,207"
21.11.2023,Tuesday,"Tuesday, 21st November 2023","€10,000,000",09 20 21 22 38,03 12,2 + 2,"8,718",€31.50,"€274,617"
21.11.2023,Tuesday,"Tuesday, 21st November 2023","€10,000,000",09 20 21 22 38,03 12,3 + 1,"14,696",€20.90,"€307,146"
21.11.2023,Tuesday,"Tuesday, 21st November 2023","€10,000,000",09 20 21 22 38,03 12,3 + 0,"35,294",€16.40,"€578,822"
21.11.2023,Tuesday,"Tuesday, 21st November 2023","€10,000,000",09 20 21 22 38,03 12,1 + 2,"44,732",€16.20,"€724,658"
21.11.2023,Tuesday,"Tuesday, 21st November 2023","€10,000,000",09 20 21 22 38,03 12,2 + 1,"215,378",€10.10,"€2,175,318"
24.11.2023,Friday,"Friday, 24th November 2023","€16,466,572",16 27 33 34 39,02 07,5 + 2,0,"€16,466,572","€16,466,572"
24.11.2023,Friday,"Friday, 24th November 2023","€16,466,572",16 27 33 34 39,02 07,5 + 1,4,"€386,198.00","€1,544,792"
24.11.2023,Friday,"Friday, 24th November 2023","€16,466,572",16 27 33 34 39,02 07,5 + 0,11,"€79,199.10","€871,190"
24.11.2023,Friday,"Friday, 24th November 2023","€16,466,572",16 27 33 34 39,02 07,4 + 2,28,"€5,132.20","€143,702"
24.11.2023,Friday,"Friday, 24th November 2023","€16,466,572",16 27 33 34 39,02 07,4 + 1,576,€311.80,"€179,597"
24.11.2023,Friday,"Friday, 24th November 2023","€16,466,572",16 27 33 34 39,02 07,4 + 0,"1,715",€115.20,"€197,568"
24.11.2023,Friday,"Friday, 24th November 2023","€16,466,572",16 27 33 34 39,02 07,3 + 2,"1,297",€110.70,"€143,578"
24.11.2023,Friday,"Friday, 24th November 2023","€16,466,572",16 27 33 34 39,02 07,2 + 2,"25,622",€18.10,"€463,758"
24.11.2023,Friday,"Friday, 24th November 2023","€16,466,572",16 27 33 34 39,02 07,3 + 1,"27,905",€18.10,"€505,081"
24.11.2023,Friday,"Friday, 24th November 2023","€16,466,572",16 27 33 34 39,02 07,3 + 0,"56,077",€17.20,"€964,524"
24.11.2023,Friday,"Friday, 24th November 2023","€16,466,572",16 27 33 34 39,02 07,1 + 2,"130,858",€9.20,"€1,203,894"
24.11.2023,Friday,"Friday, 24th November 2023","€16,466,572",16 27 33 34 39,02 07,2 + 1,"398,450",€9.10,"€3,625,895"
28.11.2023,Tuesday,"Tuesday, 28th November 2023","€20,655,251",11 12 13 23 36,03 08,5 + 2,0,"€20,655,251","€20,655,251"
28.11.2023,Tuesday,"Tuesday, 28th November 2023","€20,655,251",11 12 13 23 36,03 08,5 + 1,5,"€200,125.70","€1,000,629"
28.11.2023,Tuesday,"Tuesday, 28th November 2023","€20,655,251",11 12 13 23 36,03 08,5 + 0,4,"€141,077.00","€564,308"
28.11.2023,Tuesday,"Tuesday, 28th November 2023","€20,655,251",11 12 13 23 36,03 08,4 + 2,25,"€3,723.20","€93,080"
28.11.2023,Tuesday,"Tuesday, 28th November 2023","€20,655,251",11 12 13 23 36,03 08,4 + 1,503,€231.30,"€116,344"
28.11.2023,Tuesday,"Tuesday, 28th November 2023","€20,655,251",11 12 13 23 36,03 08,4 + 0,"1,460",€91.40,"€133,444"
28.11.2023,Tuesday,"Tuesday, 28th November 2023","€20,655,251",11 12 13 23 36,03 08,3 + 2,958,€91.40,"€87,561"
28.11.2023,Tuesday,"Tuesday, 28th November 2023","€20,655,251",11 12 13 23 36,03 08,2 + 2,"19,702",€15.10,"€297,500"
28.11.2023,Tuesday,"Tuesday, 28th November 2023","€20,655,251",11 12 13 23 36,03 08,3 + 1,"21,957",€15.10,"€331,551"
28.11.2023,Tuesday,"Tuesday, 28th November 2023","€20,655,251",11 12 13 23 36,03 08,3 + 0,"41,406",€15.10,"€625,231"
28.11.2023,Tuesday,"Tuesday, 28th November 2023","€20,655,251",11 12 13 23 36,03 08,1 + 2,"94,769",€8.20,"€777,106"
28.11.2023,Tuesday,"Tuesday, 28th November 2023","€20,655,251",11 12 13 23 36,03 08,2 + 1,"300,929",€7.80,"€2,347,246"
01.12.2023,Friday,"Friday, 1st December 2023","€27,789,368",23 32 38 45 49,01 09,5 + 2,0,"€27,789,368","€27,789,368"
01.12.2023,Friday,"Friday, 1st December 2023","€27,789,368",23 32 38 45 49,01 09,5 + 1,1,"€1,704,261.10","€1,704,261"
01.12.2023,Friday,"Friday, 1st December 2023","€27,789,368",23 32 38 45 49,01 09,5 + 0,3,"€320,374.60","€961,124"
01.12.2023,Friday,"Friday, 1st December 2023","€27,789,368",23 32 38 45 49,01 09,4 + 2,35,"€4,529.50","€158,533"
01.12.2023,Friday,"Friday, 1st December 2023","€27,789,368",23 32 38 45 49,01 09,4 + 1,635,€312.00,"€198,120"
01.12.2023,Friday,"Friday, 1st December 2023","€27,789,368",23 32 38 45 49,01 09,4 + 0,"1,303",€167.20,"€217,862"
01.12.2023,Friday,"Friday, 1st December 2023","€27,789,368",23 32 38 45 49,01 09,3 + 2,"1,405",€112.80,"€158,484"
01.12.2023,Friday,"Friday, 1st December 2023","€27,789,368",23 32 38 45 49,01 09,2 + 2,"18,418",€27.40,"€504,653"
01.12.2023,Friday,"Friday, 1st December 2023","€27,789,368",23 32 38 45 49,01 09,3 + 1,"26,583",€21.20,"€563,560"
01.12.2023,Friday,"Friday, 1st December 2023","€27,789,368",23 32 38 45 49,01 09,3 + 0,"62,258",€17.10,"€1,064,612"
01.12.2023,Friday,"Friday, 1st December 2023","€27,789,368",23 32 38 45 49,01 09,1 + 2,"98,331",€13.60,"€1,337,302"
01.12.2023,Friday,"Friday, 1st December 2023","€27,789,368",23 32 38 45 49,01 09,2 + 1,"375,986",€10.60,"€3,985,452"
05.12.2023,Tuesday,"Tuesday, 5th December 2023","€33,822,199",06 11 16 26 49,02 09,5 + 2,0,"€33,822,199","€33,822,199"
05.12.2023,Tuesday,"Tuesday, 5th December 2023","€33,822,199",06 11 16 26 49,02 09,5 + 1,7,"€175,361.70","€1,227,532"
05.12.2023,Tuesday,"Tuesday, 5th December 2023","€33,822,199",06 11 16 26 49,02 09,5 + 0,3,"€175,361.70","€526,085"
05.12.2023,Tuesday,"Tuesday, 5th December 2023","€33,822,199",06 11 16 26 49,02 09,4 + 2,30,"€3,476.80","€104,304"
05.12.2023,Tuesday,"Tuesday, 5th December 2023","€33,822,199",06 11 16 26 49,02 09,4 + 1,625,€208.60,"€130,375"
05.12.2023,Tuesday,"Tuesday, 5th December 2023","€33,822,199",06 11 16 26 49,02 09,4 + 0,"1,146",€125.10,"€143,365"
05.12.2023,Tuesday,"Tuesday, 5th December 2023","€33,822,199",06 11 16 26 49,02 09,3 + 2,"1,461",€71.30,"€104,169"
05.12.2023,Tuesday,"Tuesday, 5th December 2023","€33,822,199",06 11 16 26 49,02 09,2 + 2,"15,285",€21.70,"€331,685"
05.12.2023,Tuesday,"Tuesday, 5th December 2023","€33,822,199",06 11 16 26 49,02 09,3 + 1,"20,757",€17.90,"€371,550"
05.12.2023,Tuesday,"Tuesday, 5th December 2023","€33,822,199",06 11 16 26 49,02 09,3 + 0,"46,676",€15.00,"€700,140"
05.12.2023,Tuesday,"Tuesday, 5th December 2023","€33,822,199",06 11 16 26 49,02 09,1 + 2,"79,989",€11.00,"€879,879"
05.12.2023,Tuesday,"Tuesday, 5th December 2023","€33,822,199",06 11 16 26 49,02 09,2 + 1,"277,818",€9.50,"€2,639,271"
08.12.2023,Friday,"Friday, 8th December 2023","€42,695,469",02 08 28 32 37,03 06,5 + 2,0,"€42,695,469","€42,695,469"
08.12.2023,Friday,"Friday, 8th December 2023","€42,695,469",02 08 28 32 37,03 06,5 + 1,3,"€612,134.70","€1,836,404"
08.12.2023,Friday,"Friday, 8th December 2023","€42,695,469",02 08 28 32 37,03 06,5 + 0,7,"€147,949.50","€1,035,647"
08.12.2023,Friday,"Friday, 8th December 2023","€42,695,469",02 08 28 32 37,03 06,4 + 2,50,"€3,416.50","€170,825"
08.12.2023,Friday,"Friday, 8th December 2023","€42,695,469",02 08 28 32 37,03 06,4 + 1,727,€293.70,"€213,520"
08.12.2023,Friday,"Friday, 8th December 2023","€42,695,469",02 08 28 32 37,03 06,4 + 0,"1,915",€122.60,"€234,779"
08.12.2023,Friday,"Friday, 8th December 2023","€42,695,469",02 08 28 32 37,03 06,3 + 2,"1,429",€119.50,"€170,766"
08.12.2023,Friday,"Friday, 8th December 2023","€42,695,469",02 08 28 32 37,03 06,2 + 2,"28,063",€19.40,"€544,422"
08.12.2023,Friday,"Friday, 8th December 2023","€42,695,469",02 08 28 32 37,03 06,3 + 1,"31,927",€19.00,"€606,613"
08.12.2023,Friday,"Friday, 8th December 2023","€42,695,469",02 08 28 32 37,03 06,3 + 0,"65,519",€17.50,"€1,146,583"
08.12.2023,Friday,"Friday, 8th December 2023","€42,695,469",02 08 28 32 37,03 06,1 + 2,"144,456",€9.90,"€1,430,114"
08.12.2023,Friday,"Friday, 8th December 2023","€42,695,469",02 08 28 32 37,03 06,2 + 1,"472,619",€9.10,"€4,300,833"
12.12.2023,Tuesday,"Tuesday, 12th December 2023","€49,958,822",02 08 20 34 40,09 12,5 + 2,0,"€49,958,822","€49,958,822"
12.12.2023,Tuesday,"Tuesday, 12th December 2023","€49,958,822",02 08 20 34 40,09 12,5 + 1,3,"€421,049.00","€1,263,147"
12.12.2023,Tuesday,"Tuesday, 12th December 2023","€49,958,822",02 08 20 34 40,09 12,5 + 0,2,"€356,178.00","€712,356"
12.12.2023,Tuesday,"Tuesday, 12th December 2023","€49,958,822",02 08 20 34 40,09 12,4 + 2,17,"€6,911.80","€117,501"
12.12.2023,Tuesday,"Tuesday, 12th December 2023","€49,958,822",02 08 20 34 40,09 12,4 + 1,379,€387.50,"€146,863"
12.12.2023,Tuesday,"Tuesday, 12th December 2023","€49,958,822",02 08 20 34 40,09 12,4 + 0,778,€207.60,"€161,513"
12.12.2023,Tuesday,"Tuesday, 12th December 2023","€49,958,822",02 08 20 34 40,09 12,3 + 2,"1,026",€114.50,"€117,477"
12.12.2023,Tuesday,"Tuesday, 12th December 2023","€49,958,822",02 08 20 34 40,09 12,2 + 2,"11,078",€33.80,"€374,436"
12.12.2023,Tuesday,"Tuesday, 12th December 2023","€49,958,822",02 08 20 34 40,09 12,3 + 1,"17,526",€23.80,"€417,119"
12.12.2023,Tuesday,"Tuesday, 12th December 2023","€49,958,822",02 08 20 34 40,09 12,3 + 0,"45,687",€17.30,"€790,385"
12.12.2023,Tuesday,"Tuesday, 12th December 2023","€49,958,822",02 08 20 34 40,09 12,1 + 2,"57,867",€17.10,"€989,526"
12.12.2023,Tuesday,"Tuesday, 12th December 2023","€49,958,822",02 08 20 34 40,09 12,2 + 1,"262,630",€11.30,"€2,967,719"
15.12.2023,Friday,"Friday, 15th December 2023","€59,776,213",07 15 17 18 39,01 10,5 + 2,0,"€59,776,213","€59,776,213"
15.12.2023,Friday,"Friday, 15th December 2023","€59,776,213",07 15 17 18 39,01 10,5 + 1,2,"€1,012,323.70","€2,024,647"
15.12.2023,Friday,"Friday, 15th December 2023","€59,776,213",07 15 17 18 39,01 10,5 + 0,8,"€142,725.80","€1,141,806"
15.12.2023,Friday,"Friday, 15th December 2023","€59,776,213",07 15 17 18 39,01 10,4 + 2,37,"€5,090.20","€188,337"
15.12.2023,Friday,"Friday, 15th December 2023","€59,776,213",07 15 17 18 39,01 10,4 + 1,664,€354.50,"€235,388"
15.12.2023,Friday,"Friday, 15th December 2023","€59,776,213",07 15 17 18 39,01 10,4 + 0,"1,537",€168.40,"€258,831"
15.12.2023,Friday,"Friday, 15th December 2023","€59,776,213",07 15 17 18 39,01 10,3 + 2,"1,761",€106.90,"€188,251"
15.12.2023,Friday,"Friday, 15th December 2023","€59,776,213",07 15 17 18 39,01 10,2 + 2,"22,698",€26.40,"€599,227"
15.12.2023,Friday,"Friday, 15th December 2023","€59,776,213",07 15 17 18 39,01 10,3 + 1,"32,292",€20.70,"€668,444"
15.12.2023,Friday,"Friday, 15th December 2023","€59,776,213",07 15 17 18 39,01 10,3 + 0,"85,645",€14.80,"€1,267,546"
15.12.2023,Friday,"Friday, 15th December 2023","€59,776,213",07 15 17 18 39,01 10,1 + 2,"116,306",€13.60,"€1,581,762"
15.12.2023,Friday,"Friday, 15th December 2023","€59,776,213",07 15 17 18 39,01 10,2 + 1,"471,548",€10.10,"€4,762,635"
19.12.2023,Tuesday,"Tuesday, 19th December 2023","€68,066,664",04 06 17 31 45,06 12,5 + 2,0,"€68,066,664","€68,066,664"
19.12.2023,Tuesday,"Tuesday, 19th December 2023","€68,066,664",04 06 17 31 45,06 12,5 + 1,0,€0.00,€0
19.12.2023,Tuesday,"Tuesday, 19th December 2023","€68,066,664",04 06 17 31 45,06 12,5 + 0,7,"€118,174.10","€827,219"
19.12.2023,Tuesday,"Tuesday, 19th December 2023","€68,066,664",04 06 17 31 45,06 12,4 + 2,16,"€8,528.00","€136,448"
19.12.2023,Tuesday,"Tuesday, 19th December 2023","€68,066,664",04 06 17 31 45,06 12,4 + 1,547,€311.80,"€170,555"
19.12.2023,Tuesday,"Tuesday, 19th December 2023","€68,066,664",04 06 17 31 45,06 12,4 + 0,970,€193.40,"€187,598"
19.12.2023,Tuesday,"Tuesday, 19th December 2023","€68,066,664",04 06 17 31 45,06 12,3 + 2,"1,189",€114.70,"€136,378"
19.12.2023,Tuesday,"Tuesday, 19th December 2023","€68,066,664",04 06 17 31 45,06 12,2 + 2,"13,900",€31.20,"€433,680"
19.12.2023,Tuesday,"Tuesday, 19th December 2023","€68,066,664",04 06 17 31 45,06 12,3 + 1,"21,773",€22.30,"€485,538"
19.12.2023,Tuesday,"Tuesday, 19th December 2023","€68,066,664",04 06 17 31 45,06 12,3 + 0,"54,261",€16.90,"€917,011"
19.12.2023,Tuesday,"Tuesday, 19th December 2023","€68,066,664",04 06 17 31 45,06 12,1 + 2,"72,360",€15.90,"€1,150,524"
19.12.2023,Tuesday,"Tuesday, 19th December 2023","€68,066,664",04 06 17 31 45,06 12,2 + 1,"317,150",€10.90,"€3,456,935"
22.12.2023,Friday,"Friday, 22nd December 2023","€80,018,540",04 06 12 31 38,02 12,5 + 2,0,"€80,018,540","€80,018,540"
22.12.2023,Friday,"Friday, 22nd December 2023","€80,018,540",04 06 12 31 38,02 12,5 + 1,2,"€1,976,194.60","€3,952,389"
22.12.2023,Friday,"Friday, 22nd December 2023","€80,018,540",04 06 12 31 38,02 12,5 + 0,10,"€140,174.40","€1,401,744"
22.12.2023,Friday,"Friday, 22nd December 2023","€80,018,540",04 06 12 31 38,02 12,4 + 2,40,"€5,780.30","€231,212"
22.12.2023,Friday,"Friday, 22nd December 2023","€80,018,540",04 06 12 31 38,02 12,4 + 1,853,€338.80,"€288,996"
22.12.2023,Friday,"Friday, 22nd December 2023","€80,018,540",04 06 12 31 38,02 12,4 + 0,"1,545",€205.70,"€317,807"
22.12.2023,Friday,"Friday, 22nd December 2023","€80,018,540",04 06 12 31 38,02 12,3 + 2,"2,105",€109.80,"€231,129"
22.12.2023,Friday,"Friday, 22nd December 2023","€80,018,540",04 06 12 31 38,02 12,2 + 2,"22,223",€33.10,"€735,581"
22.12.2023,Friday,"Friday, 22nd December 2023","€80,018,540",04 06 12 31 38,02 12,3 + 1,"41,016",€20.00,"€820,320"
22.12.2023,Friday,"Friday, 22nd December 2023","€80,018,540",04 06 12 31 38,02 12,3 + 0,"101,027",€16.20,"€1,636,637"
22.12.2023,Friday,"Friday, 22nd December 2023","€80,018,540",04 06 12 31 38,02 12,1 + 2,"114,853",€16.20,"€1,860,619"
22.12.2023,Friday,"Friday, 22nd December 2023","€80,018,540",04 06 12 31 38,02 12,2 + 1,"556,342",€10.50,"€5,841,591"
26.12.2023,Tuesday,"Tuesday, 26th December 2023","€88,907,485",04 13 16 22 27,01 10,5 + 2,0,"€88,907,485","€88,907,485"
26.12.2023,Tuesday,"Tuesday, 26th December 2023","€88,907,485",04 13 16 22 27,01 10,5 + 1,0,€0.00,€0
26.12.2023,Tuesday,"Tuesday, 26th December 2023","€88,907,485",04 13 16 22 27,01 10,5 + 0,7,"€120,151.00","€841,057"
26.12.2023,Tuesday,"Tuesday, 26th December 2023","€88,907,485",04 13 16 22 27,01 10,4 + 2,18,"€7,707.20","€138,730"
26.12.2023,Tuesday,"Tuesday, 26th December 2023","€88,907,485",04 13 16 22 27,01 10,4 + 1,645,€268.80,"€173,376"
26.12.2023,Tuesday,"Tuesday, 26th December 2023","€88,907,485",04 13 16 22 27,01 10,4 + 0,"1,288",€148.10,"€190,753"
26.12.2023,Tuesday,"Tuesday, 26th December 2023","€88,907,485",04 13 16 22 27,01 10,3 + 2,"1,584",€87.50,"€138,600"
26.12.2023,Tuesday,"Tuesday, 26th December 2023","€88,907,485",04 13 16 22 27,01 10,2 + 2,"16,573",€26.60,"€440,842"
26.12.2023,Tuesday,"Tuesday, 26th December 2023","€88,907,485",04 13 16 22 27,01 10,3 + 1,"25,587",€19.30,"€493,829"
26.12.2023,Tuesday,"Tuesday, 26th December 2023","€88,907,485",04 13 16 22 27,01 10,3 + 0,"67,874",€13.80,"€936,661"
26.12.2023,Tuesday,"Tuesday, 26th December 2023","€88,907,485",04 13 16 22 27,01 10,1 + 2,"84,571",€13.80,"€1,167,080"
26.12.2023,Tuesday,"Tuesday, 26th December 2023","€88,907,485",04 13 16 22 27,01 10,2 + 1,"347,316",€10.10,"€3,507,892"
29.12.2023,Friday,"Friday, 29th December 2023","€103,935,384",02 21 34 40 48,02 06,5 + 2,0,"€103,935,384","€103,935,384"
29.12.2023,Friday,"Friday, 29th December 2023","€103,935,384",02 21 34 40 48,02 06,5 + 1,2,"€2,352,158.30","€4,704,317"
29.12.2023,Friday,"Friday, 29th December 2023","€103,935,384",02 21 34 40 48,02 06,5 + 0,8,"€226,494.80","€1,811,958"
29.12.2023,Friday,"Friday, 29th December 2023","€103,935,384",02 21 34 40 48,02 06,4 + 2,65,"€4,598.10","€298,877"
29.12.2023,Friday,"Friday, 29th December 2023","€103,935,384",02 21 34 40 48,02 06,4 + 1,993,€376.20,"€373,567"
29.12.2023,Friday,"Friday, 29th December 2023","€103,935,384",02 21 34 40 48,02 06,4 + 0,"2,465",€166.70,"€410,916"
29.12.2023,Friday,"Friday, 29th December 2023","€103,935,384",02 21 34 40 48,02 06,3 + 2,"2,268",€131.70,"€298,696"
29.12.2023,Friday,"Friday, 29th December 2023","€103,935,384",02 21 34 40 48,02 06,2 + 2,"38,607",€24.60,"€949,732"
29.12.2023,Friday,"Friday, 29th December 2023","€103,935,384",02 21 34 40 48,02 06,3 + 1,"46,932",€22.60,"€1,060,663"
29.12.2023,Friday,"Friday, 29th December 2023","€103,935,384",02 21 34 40 48,02 06,3 + 0,"102,322",€19.70,"€2,015,743"
29.12.2023,Friday,"Friday, 29th December 2023","€103,935,384",02 21 34 40 48,02 06,1 + 2,"211,004",€11.90,"€2,510,948"
29.12.2023,Friday,"Friday, 29th December 2023","€103,935,384",02 21 34 40 48,02 06,2 + 1,"711,460",€10.60,"€7,541,476"
